k,cluster_id,finding_type,n_slides_both,n_slides_cluster_only,n_slides_finding_only,odds_ratio,p_value,q_value,n_carrying,slide_precision,slide_recall
100,0,"Degeneration, fatty",0,15,70,0.0,1.0,1.0,15,0.0,0.0
100,0,Cellular infiltration,0,15,60,0.0,1.0,1.0,15,0.0,0.0
100,0,Hypertrophy,13,2,24,75.83333333333333,7.2406423000710404e-12,6.878610185067489e-11,15,0.8666666666666667,0.35135135135135137
100,0,"Degeneration, hydropic",0,15,35,0.0,1.0,1.0,15,0.0,0.0
100,0,Fibrosis,0,15,35,0.0,1.0,1.0,15,0.0,0.0
100,0,"Degeneration, granular, eosinophilic",15,0,5,inf,7.856862801142606e-22,1.0662885230122109e-20,15,1.0,0.75
100,0,Necrosis,3,12,11,6.659090909090909,0.022470484184738373,0.0889456665645894,15,0.2,0.21428571428571427
100,0,Ground glass appearance,0,15,10,0.0,1.0,1.0,15,0.0,0.0
100,0,"Alteration, nuclear",0,15,10,0.0,1.0,1.0,15,0.0,0.0
100,0,"Change, acidophilic",0,15,8,0.0,1.0,1.0,15,0.0,0.0
100,0,Hemorrhage,0,15,8,0.0,1.0,1.0,15,0.0,0.0
100,0,Increased mitosis,4,11,2,54.90909090909091,4.5692227295570334e-05,0.00022452215136616456,15,0.26666666666666666,0.6666666666666666
100,0,Single cell necrosis,1,14,5,4.271428571428571,0.25272966171445477,0.7915159735013144,15,0.06666666666666667,0.16666666666666666
100,0,"Vacuolization, cytoplasmic",0,15,5,0.0,1.0,1.0,15,0.0,0.0
100,0,"Change, eosinophilic",0,15,5,0.0,1.0,1.0,15,0.0,0.0
100,4,"Degeneration, fatty",60,17,10,81.88235294117646,1.8285538519829613e-38,1.0422756956302879e-36,77,0.7792207792207793,0.8571428571428571
100,4,Cellular infiltration,52,25,8,60.84,5.674055889331848e-32,1.6171059284595768e-30,77,0.6753246753246753,0.8666666666666667
100,4,Hypertrophy,0,77,37,0.0,1.0,1.0,77,0.0,0.0
100,4,"Degeneration, hydropic",35,42,0,inf,1.6691800340066378e-25,2.9732269355743234e-24,77,0.45454545454545453,1.0
100,4,Fibrosis,22,55,13,7.046153846153846,2.210785291182661e-07,1.4652879255512987e-06,77,0.2857142857142857,0.6285714285714286
100,4,"Degeneration, granular, eosinophilic",0,77,20,0.0,1.0,1.0,77,0.0,0.0
100,4,Necrosis,0,77,14,0.0,1.0,1.0,77,0.0,0.0
100,4,Ground glass appearance,0,77,10,0.0,1.0,1.0,77,0.0,0.0
100,4,"Alteration, nuclear",0,77,10,0.0,1.0,1.0,77,0.0,0.0
100,4,"Change, acidophilic",0,77,8,0.0,1.0,1.0,77,0.0,0.0
100,4,Hemorrhage,0,77,8,0.0,1.0,1.0,77,0.0,0.0
100,4,Increased mitosis,0,77,6,0.0,1.0,1.0,77,0.0,0.0
100,4,Single cell necrosis,0,77,6,0.0,1.0,1.0,77,0.0,0.0
100,4,"Vacuolization, cytoplasmic",0,77,5,0.0,1.0,1.0,77,0.0,0.0
100,4,"Change, eosinophilic",0,77,5,0.0,1.0,1.0,77,0.0,0.0
100,5,"Degeneration, fatty",55,4,15,224.58333333333334,9.10012364969295e-43,1.2967676200812454e-40,59,0.9322033898305084,0.7857142857142857
100,5,Cellular infiltration,52,7,8,234.0,2.950092066028211e-43,8.407762388180401e-41,59,0.8813559322033898,0.8666666666666667
100,5,Hypertrophy,0,59,37,0.0,1.0,1.0,59,0.0,0.0
100,5,"Degeneration, hydropic",35,24,0,inf,3.61063247356449e-31,8.575252124715664e-30,59,0.5932203389830508,1.0
100,5,Fibrosis,22,37,13,11.297297297297296,4.794198392504135e-10,4.269832943323995e-09,59,0.3728813559322034,0.6285714285714286
100,5,"Degeneration, granular, eosinophilic",0,59,20,0.0,1.0,1.0,59,0.0,0.0
100,5,Necrosis,0,59,14,0.0,1.0,1.0,59,0.0,0.0
100,5,Ground glass appearance,0,59,10,0.0,1.0,1.0,59,0.0,0.0
100,5,"Alteration, nuclear",0,59,10,0.0,1.0,1.0,59,0.0,0.0
100,5,"Change, acidophilic",0,59,8,0.0,1.0,1.0,59,0.0,0.0
100,5,Hemorrhage,0,59,8,0.0,1.0,1.0,59,0.0,0.0
100,5,Increased mitosis,0,59,6,0.0,1.0,1.0,59,0.0,0.0
100,5,Single cell necrosis,0,59,6,0.0,1.0,1.0,59,0.0,0.0
100,5,"Vacuolization, cytoplasmic",0,59,5,0.0,1.0,1.0,59,0.0,0.0
100,5,"Change, eosinophilic",0,59,5,0.0,1.0,1.0,59,0.0,0.0
100,14,"Degeneration, fatty",60,18,10,77.0,7.602118497475127e-38,3.611006286300685e-36,78,0.7692307692307693,0.8571428571428571
100,14,Cellular infiltration,52,26,8,58.25,1.6471332856801285e-31,4.267572603807606e-30,78,0.6666666666666666,0.8666666666666667
100,14,Hypertrophy,0,78,37,0.0,1.0,1.0,78,0.0,0.0
100,14,"Degeneration, hydropic",35,43,0,inf,3.0278149454073886e-25,5.07604270259474e-24,78,0.44871794871794873,1.0
100,14,Fibrosis,22,56,13,6.8901098901098905,2.923781948591293e-07,1.8938133076102695e-06,78,0.28205128205128205,0.6285714285714286
100,14,"Degeneration, granular, eosinophilic",0,78,20,0.0,1.0,1.0,78,0.0,0.0
100,14,Necrosis,0,78,14,0.0,1.0,1.0,78,0.0,0.0
100,14,Ground glass appearance,0,78,10,0.0,1.0,1.0,78,0.0,0.0
100,14,"Alteration, nuclear",0,78,10,0.0,1.0,1.0,78,0.0,0.0
100,14,"Change, acidophilic",0,78,8,0.0,1.0,1.0,78,0.0,0.0
100,14,Hemorrhage,0,78,8,0.0,1.0,1.0,78,0.0,0.0
100,14,Increased mitosis,0,78,6,0.0,1.0,1.0,78,0.0,0.0
100,14,Single cell necrosis,0,78,6,0.0,1.0,1.0,78,0.0,0.0
100,14,"Vacuolization, cytoplasmic",0,78,5,0.0,1.0,1.0,78,0.0,0.0
100,14,"Change, eosinophilic",0,78,5,0.0,1.0,1.0,78,0.0,0.0
100,21,"Degeneration, fatty",0,10,70,0.0,1.0,1.0,10,0.0,0.0
100,21,Cellular infiltration,0,10,60,0.0,1.0,1.0,10,0.0,0.0
100,21,Hypertrophy,9,1,28,90.32142857142857,1.3586596310015478e-08,1.0756055412095587e-07,10,0.9,0.24324324324324326
100,21,"Degeneration, hydropic",0,10,35,0.0,1.0,1.0,10,0.0,0.0
100,21,Fibrosis,0,10,35,0.0,1.0,1.0,10,0.0,0.0
100,21,"Degeneration, granular, eosinophilic",10,0,10,inf,7.084940703621625e-14,7.76618500204678e-13,10,1.0,0.5
100,21,Necrosis,1,9,13,2.52991452991453,0.36580765827865186,1.0,10,0.1,0.07142857142857142
100,21,Ground glass appearance,0,10,10,0.0,1.0,1.0,10,0.0,0.0
100,21,"Alteration, nuclear",0,10,10,0.0,1.0,1.0,10,0.0,0.0
100,21,"Change, acidophilic",0,10,8,0.0,1.0,1.0,10,0.0,0.0
100,21,Hemorrhage,0,10,8,0.0,1.0,1.0,10,0.0,0.0
100,21,Increased mitosis,1,9,5,6.7555555555555555,0.175220095231212,0.5875026722458284,10,0.1,0.16666666666666666
100,21,Single cell necrosis,1,9,5,6.7555555555555555,0.175220095231212,0.5875026722458284,10,0.1,0.16666666666666666
100,21,"Vacuolization, cytoplasmic",0,10,5,0.0,1.0,1.0,10,0.0,0.0
100,21,"Change, eosinophilic",0,10,5,0.0,1.0,1.0,10,0.0,0.0
100,25,"Degeneration, fatty",0,18,70,0.0,1.0,1.0,18,0.0,0.0
100,25,Cellular infiltration,0,18,60,0.0,1.0,1.0,18,0.0,0.0
100,25,Hypertrophy,16,2,21,106.66666666666667,4.590278784089172e-15,5.232917813861656e-14,18,0.8888888888888888,0.43243243243243246
100,25,"Degeneration, hydropic",0,18,35,0.0,1.0,1.0,18,0.0,0.0
100,25,Fibrosis,0,18,35,0.0,1.0,1.0,18,0.0,0.0
100,25,"Degeneration, granular, eosinophilic",15,3,5,296.0,6.118302620002661e-19,7.925982939548902e-18,18,0.8333333333333334,0.75
100,25,Necrosis,3,15,11,5.2727272727272725,0.03720083578461683,0.14523613970706573,18,0.16666666666666666,0.21428571428571427
100,25,Ground glass appearance,3,15,7,8.4,0.014175816887090676,0.06030011660926631,18,0.16666666666666666,0.3
100,25,"Alteration, nuclear",0,18,10,0.0,1.0,1.0,18,0.0,0.0
100,25,"Change, acidophilic",0,18,8,0.0,1.0,1.0,18,0.0,0.0
100,25,Hemorrhage,0,18,8,0.0,1.0,1.0,18,0.0,0.0
100,25,Increased mitosis,5,13,1,115.38461538461539,1.8607543939263566e-06,1.1283297920617269e-05,18,0.2777777777777778,0.8333333333333334
100,25,Single cell necrosis,1,17,5,3.4823529411764707,0.29624901883594723,0.8704223749303605,18,0.05555555555555555,0.16666666666666666
100,25,"Vacuolization, cytoplasmic",0,18,5,0.0,1.0,1.0,18,0.0,0.0
100,25,"Change, eosinophilic",0,18,5,0.0,1.0,1.0,18,0.0,0.0
100,29,"Degeneration, fatty",0,9,70,0.0,1.0,1.0,9,0.0,0.0
100,29,Cellular infiltration,2,7,58,1.2413793103448276,0.5295642358759302,1.0,9,0.2222222222222222,0.03333333333333333
100,29,Hypertrophy,2,7,35,2.2448979591836733,0.280536071986294,0.8328414637093102,9,0.2222222222222222,0.05405405405405406
100,29,"Degeneration, hydropic",0,9,35,0.0,1.0,1.0,9,0.0,0.0
100,29,Fibrosis,2,7,33,2.398268398268398,0.2582273541230725,0.7999434339682139,9,0.2222222222222222,0.05714285714285714
100,29,"Degeneration, granular, eosinophilic",0,9,20,0.0,1.0,1.0,9,0.0,0.0
100,29,Necrosis,1,8,13,2.855769230769231,0.3358120745485881,0.9667317297610869,9,0.1111111111111111,0.07142857142857142
100,29,Ground glass appearance,1,8,9,4.180555555555555,0.25201167785438633,0.7915159735013144,9,0.1111111111111111,0.1
100,29,"Alteration, nuclear",5,4,5,76.25,1.1282079350121756e-06,7.145316921743779e-06,9,0.5555555555555556,0.5
100,29,"Change, acidophilic",2,7,6,14.476190476190476,0.018179487902723834,0.07508918916342452,9,0.2222222222222222,0.25
100,29,Hemorrhage,2,7,6,14.476190476190476,0.018179487902723834,0.07508918916342452,9,0.2222222222222222,0.25
100,29,Increased mitosis,0,9,6,0.0,1.0,1.0,9,0.0,0.0
100,29,Single cell necrosis,5,4,1,386.25,2.8040990446259493e-08,2.1599141289686366e-07,9,0.5555555555555556,0.8333333333333334
100,29,"Vacuolization, cytoplasmic",0,9,5,0.0,1.0,1.0,9,0.0,0.0
100,29,"Change, eosinophilic",5,4,0,inf,4.723643240410665e-09,3.846395210048684e-08,9,0.5555555555555556,1.0
100,42,"Degeneration, fatty",9,1,61,36.59016393442623,6.361879599907705e-06,3.486799396103262e-05,10,0.9,0.12857142857142856
100,42,Cellular infiltration,0,10,60,0.0,1.0,1.0,10,0.0,0.0
100,42,Hypertrophy,1,9,36,0.8425925925925926,0.713996169722691,1.0,10,0.1,0.02702702702702703
100,42,"Degeneration, hydropic",0,10,35,0.0,1.0,1.0,10,0.0,0.0
100,42,Fibrosis,0,10,35,0.0,1.0,1.0,10,0.0,0.0
100,42,"Degeneration, granular, eosinophilic",0,10,20,0.0,1.0,1.0,10,0.0,0.0
100,42,Necrosis,3,7,11,11.61038961038961,0.006769610600615864,0.029682138787315713,10,0.3,0.21428571428571427
100,42,Ground glass appearance,1,9,9,3.7037037037037037,0.27614033340747063,0.8284210002224119,10,0.1,0.1
100,42,"Alteration, nuclear",0,10,10,0.0,1.0,1.0,10,0.0,0.0
100,42,"Change, acidophilic",0,10,8,0.0,1.0,1.0,10,0.0,0.0
100,42,Hemorrhage,0,10,8,0.0,1.0,1.0,10,0.0,0.0
100,42,Increased mitosis,0,10,6,0.0,1.0,1.0,10,0.0,0.0
100,42,Single cell necrosis,0,10,6,0.0,1.0,1.0,10,0.0,0.0
100,42,"Vacuolization, cytoplasmic",0,10,5,0.0,1.0,1.0,10,0.0,0.0
100,42,"Change, eosinophilic",0,10,5,0.0,1.0,1.0,10,0.0,0.0
100,52,"Degeneration, fatty",60,26,10,51.46153846153846,1.8418174084439245e-33,7.009265511530606e-32,86,0.6976744186046512,0.8571428571428571
100,52,Cellular infiltration,52,34,8,43.01470588235294,3.6815274679618276e-28,8.071040987454776e-27,86,0.6046511627906976,0.8666666666666667
100,52,Hypertrophy,0,86,37,0.0,1.0,1.0,86,0.0,0.0
100,52,"Degeneration, hydropic",35,51,0,inf,2.523025590920497e-23,3.9947905189574536e-22,86,0.4069767441860465,1.0
100,52,Fibrosis,22,64,13,5.8173076923076925,2.2986827786807313e-06,1.3369889631102213e-05,86,0.2558139534883721,0.6285714285714286
100,52,"Degeneration, granular, eosinophilic",0,86,20,0.0,1.0,1.0,86,0.0,0.0
100,52,Necrosis,0,86,14,0.0,1.0,1.0,86,0.0,0.0
100,52,Ground glass appearance,0,86,10,0.0,1.0,1.0,86,0.0,0.0
100,52,"Alteration, nuclear",0,86,10,0.0,1.0,1.0,86,0.0,0.0
100,52,"Change, acidophilic",0,86,8,0.0,1.0,1.0,86,0.0,0.0
100,52,Hemorrhage,0,86,8,0.0,1.0,1.0,86,0.0,0.0
100,52,Increased mitosis,0,86,6,0.0,1.0,1.0,86,0.0,0.0
100,52,Single cell necrosis,0,86,6,0.0,1.0,1.0,86,0.0,0.0
100,52,"Vacuolization, cytoplasmic",0,86,5,0.0,1.0,1.0,86,0.0,0.0
100,52,"Change, eosinophilic",0,86,5,0.0,1.0,1.0,86,0.0,0.0
100,53,"Degeneration, fatty",10,1,60,41.333333333333336,1.378000074859458e-06,8.537609159455337e-06,11,0.9090909090909091,0.14285714285714285
100,53,Cellular infiltration,0,11,60,0.0,1.0,1.0,11,0.0,0.0
100,53,Hypertrophy,0,11,37,0.0,1.0,1.0,11,0.0,0.0
100,53,"Degeneration, hydropic",0,11,35,0.0,1.0,1.0,11,0.0,0.0
100,53,Fibrosis,0,11,35,0.0,1.0,1.0,11,0.0,0.0
100,53,"Degeneration, granular, eosinophilic",0,11,20,0.0,1.0,1.0,11,0.0,0.0
100,53,Necrosis,4,7,10,17.02857142857143,0.0006510645421150677,0.00294529197623483,11,0.36363636363636365,0.2857142857142857
100,53,Ground glass appearance,0,11,10,0.0,1.0,1.0,11,0.0,0.0
100,53,"Alteration, nuclear",1,10,9,3.3222222222222224,0.2995662125852224,0.8711874549672285,11,0.09090909090909091,0.1
100,53,"Change, acidophilic",0,11,8,0.0,1.0,1.0,11,0.0,0.0
100,53,Hemorrhage,0,11,8,0.0,1.0,1.0,11,0.0,0.0
100,53,Increased mitosis,0,11,6,0.0,1.0,1.0,11,0.0,0.0
100,53,Single cell necrosis,1,10,5,6.06,0.1912352390131302,0.6337446874272338,11,0.09090909090909091,0.16666666666666666
100,53,"Vacuolization, cytoplasmic",0,11,5,0.0,1.0,1.0,11,0.0,0.0
100,53,"Change, eosinophilic",1,10,4,7.6,0.1618741420796135,0.5695571665764179,11,0.09090909090909091,0.2
100,54,"Degeneration, fatty",0,10,70,0.0,1.0,1.0,10,0.0,0.0
100,54,Cellular infiltration,0,10,60,0.0,1.0,1.0,10,0.0,0.0
100,54,Hypertrophy,10,0,27,inf,1.3357608731756789e-10,1.228038222113124e-09,10,1.0,0.2702702702702703
100,54,"Degeneration, hydropic",0,10,35,0.0,1.0,1.0,10,0.0,0.0
100,54,Fibrosis,5,5,30,9.3,0.002025263333804243,0.00901875078334702,10,0.5,0.14285714285714285
100,54,"Degeneration, granular, eosinophilic",6,4,14,31.607142857142858,4.98444626362863e-06,2.785425853204234e-05,10,0.6,0.3
100,54,Necrosis,1,9,13,2.52991452991453,0.36580765827865186,1.0,10,0.1,0.07142857142857142
100,54,Ground glass appearance,4,6,6,33.666666666666664,9.494479620699143e-05,0.0004586316426947891,10,0.4,0.4
100,54,"Alteration, nuclear",5,5,5,60.8,2.2261914128376797e-06,1.3218011513723724e-05,10,0.5,0.5
100,54,"Change, acidophilic",0,10,8,0.0,1.0,1.0,10,0.0,0.0
100,54,Hemorrhage,0,10,8,0.0,1.0,1.0,10,0.0,0.0
100,54,Increased mitosis,1,9,5,6.7555555555555555,0.175220095231212,0.5875026722458284,10,0.1,0.16666666666666666
100,54,Single cell necrosis,0,10,6,0.0,1.0,1.0,10,0.0,0.0
100,54,"Vacuolization, cytoplasmic",0,10,5,0.0,1.0,1.0,10,0.0,0.0
100,54,"Change, eosinophilic",0,10,5,0.0,1.0,1.0,10,0.0,0.0
100,55,"Degeneration, fatty",0,15,70,0.0,1.0,1.0,15,0.0,0.0
100,55,Cellular infiltration,0,15,60,0.0,1.0,1.0,15,0.0,0.0
100,55,Hypertrophy,13,2,24,75.83333333333333,7.2406423000710404e-12,6.878610185067489e-11,15,0.8666666666666667,0.35135135135135137
100,55,"Degeneration, hydropic",0,15,35,0.0,1.0,1.0,15,0.0,0.0
100,55,Fibrosis,0,15,35,0.0,1.0,1.0,15,0.0,0.0
100,55,"Degeneration, granular, eosinophilic",15,0,5,inf,7.856862801142606e-22,1.0662885230122109e-20,15,1.0,0.75
100,55,Necrosis,3,12,11,6.659090909090909,0.022470484184738373,0.0889456665645894,15,0.2,0.21428571428571427
100,55,Ground glass appearance,0,15,10,0.0,1.0,1.0,15,0.0,0.0
100,55,"Alteration, nuclear",0,15,10,0.0,1.0,1.0,15,0.0,0.0
100,55,"Change, acidophilic",0,15,8,0.0,1.0,1.0,15,0.0,0.0
100,55,Hemorrhage,0,15,8,0.0,1.0,1.0,15,0.0,0.0
100,55,Increased mitosis,4,11,2,54.90909090909091,4.5692227295570334e-05,0.00022452215136616456,15,0.26666666666666666,0.6666666666666666
100,55,Single cell necrosis,1,14,5,4.271428571428571,0.25272966171445477,0.7915159735013144,15,0.06666666666666667,0.16666666666666666
100,55,"Vacuolization, cytoplasmic",0,15,5,0.0,1.0,1.0,15,0.0,0.0
100,55,"Change, eosinophilic",0,15,5,0.0,1.0,1.0,15,0.0,0.0
100,62,"Degeneration, fatty",60,17,10,81.88235294117646,1.8285538519829613e-38,1.0422756956302879e-36,77,0.7792207792207793,0.8571428571428571
100,62,Cellular infiltration,52,25,8,60.84,5.674055889331848e-32,1.6171059284595768e-30,77,0.6753246753246753,0.8666666666666667
100,62,Hypertrophy,0,77,37,0.0,1.0,1.0,77,0.0,0.0
100,62,"Degeneration, hydropic",35,42,0,inf,1.6691800340066378e-25,2.9732269355743234e-24,77,0.45454545454545453,1.0
100,62,Fibrosis,22,55,13,7.046153846153846,2.210785291182661e-07,1.4652879255512987e-06,77,0.2857142857142857,0.6285714285714286
100,62,"Degeneration, granular, eosinophilic",0,77,20,0.0,1.0,1.0,77,0.0,0.0
100,62,Necrosis,0,77,14,0.0,1.0,1.0,77,0.0,0.0
100,62,Ground glass appearance,0,77,10,0.0,1.0,1.0,77,0.0,0.0
100,62,"Alteration, nuclear",0,77,10,0.0,1.0,1.0,77,0.0,0.0
100,62,"Change, acidophilic",0,77,8,0.0,1.0,1.0,77,0.0,0.0
100,62,Hemorrhage,0,77,8,0.0,1.0,1.0,77,0.0,0.0
100,62,Increased mitosis,0,77,6,0.0,1.0,1.0,77,0.0,0.0
100,62,Single cell necrosis,0,77,6,0.0,1.0,1.0,77,0.0,0.0
100,62,"Vacuolization, cytoplasmic",0,77,5,0.0,1.0,1.0,77,0.0,0.0
100,62,"Change, eosinophilic",0,77,5,0.0,1.0,1.0,77,0.0,0.0
100,63,"Degeneration, fatty",0,7,70,0.0,1.0,1.0,7,0.0,0.0
100,63,Cellular infiltration,0,7,60,0.0,1.0,1.0,7,0.0,0.0
100,63,Hypertrophy,6,1,31,54.38709677419355,1.0667945641920971e-05,5.630304644347179e-05,7,0.8571428571428571,0.16216216216216217
100,63,"Degeneration, hydropic",0,7,35,0.0,1.0,1.0,7,0.0,0.0
100,63,Fibrosis,5,2,30,23.5,0.000216493722854205,0.0010283451835574736,7,0.7142857142857143,0.14285714285714285
100,63,"Degeneration, granular, eosinophilic",6,1,14,127.71428571428571,1.8690981736734953e-07,1.2992511695047467e-06,7,0.8571428571428571,0.3
100,63,Necrosis,1,6,13,3.8333333333333335,0.2718292230763857,0.8284210002224119,7,0.14285714285714285,0.07142857142857142
100,63,Ground glass appearance,0,7,10,0.0,1.0,1.0,7,0.0,0.0
100,63,"Alteration, nuclear",6,1,4,462.0,1.0415065731232488e-09,8.994829495155331e-09,7,0.8571428571428571,0.6
100,63,"Change, acidophilic",0,7,8,0.0,1.0,1.0,7,0.0,0.0
100,63,Hemorrhage,0,7,8,0.0,1.0,1.0,7,0.0,0.0
100,63,Increased mitosis,0,7,6,0.0,1.0,1.0,7,0.0,0.0
100,63,Single cell necrosis,1,6,5,10.233333333333333,0.12558037012649087,0.4648104608577909,7,0.14285714285714285,0.16666666666666666
100,63,"Vacuolization, cytoplasmic",0,7,5,0.0,1.0,1.0,7,0.0,0.0
100,63,"Change, eosinophilic",1,6,4,12.833333333333334,0.10564246325641083,0.3961592372115406,7,0.14285714285714285,0.2
100,65,"Degeneration, fatty",0,9,70,0.0,1.0,1.0,9,0.0,0.0
100,65,Cellular infiltration,0,9,60,0.0,1.0,1.0,9,0.0,0.0
100,65,Hypertrophy,7,2,30,32.666666666666664,4.98011693445574e-06,2.785425853204234e-05,9,0.7777777777777778,0.1891891891891892
100,65,"Degeneration, hydropic",0,9,35,0.0,1.0,1.0,9,0.0,0.0
100,65,Fibrosis,0,9,35,0.0,1.0,1.0,9,0.0,0.0
100,65,"Degeneration, granular, eosinophilic",9,0,11,inf,1.996665107384277e-12,2.1075909466834036e-11,9,1.0,0.45
100,65,Necrosis,2,7,12,7.095238095238095,0.054035378902534535,0.20810922955705868,9,0.2222222222222222,0.14285714285714285
100,65,Ground glass appearance,0,9,10,0.0,1.0,1.0,9,0.0,0.0
100,65,"Alteration, nuclear",0,9,10,0.0,1.0,1.0,9,0.0,0.0
100,65,"Change, acidophilic",0,9,8,0.0,1.0,1.0,9,0.0,0.0
100,65,Hemorrhage,0,9,8,0.0,1.0,1.0,9,0.0,0.0
100,65,Increased mitosis,3,6,3,51.166666666666664,0.00030023888626575,0.0014027554522252253,9,0.3333333333333333,0.5
100,65,Single cell necrosis,1,8,5,7.625,0.15894154447919648,0.5662292522071375,9,0.1111111111111111,0.16666666666666666
100,65,"Vacuolization, cytoplasmic",0,9,5,0.0,1.0,1.0,9,0.0,0.0
100,65,"Change, eosinophilic",0,9,5,0.0,1.0,1.0,9,0.0,0.0
100,67,"Degeneration, fatty",60,14,10,100.71428571428571,1.922854350402538e-40,1.826711632882411e-38,74,0.8108108108108109,0.8571428571428571
100,67,Cellular infiltration,52,22,8,70.02272727272727,1.967513126043679e-33,7.009265511530606e-32,74,0.7027027027027027,0.8666666666666667
100,67,Hypertrophy,1,73,36,0.07952815829528158,0.9999712719039716,1.0,74,0.013513513513513514,0.02702702702702703
100,67,"Degeneration, hydropic",35,39,0,inf,2.619574407436254e-26,5.332705043709517e-25,74,0.47297297297297297,1.0
100,67,Fibrosis,22,52,13,7.550295857988166,9.251847069038161e-08,6.760965165835579e-07,74,0.2972972972972973,0.6285714285714286
100,67,"Degeneration, granular, eosinophilic",1,73,19,0.16294160057678442,0.9957780994208338,1.0,74,0.013513513513513514,0.05
100,67,Necrosis,0,74,14,0.0,1.0,1.0,74,0.0,0.0
100,67,Ground glass appearance,0,74,10,0.0,1.0,1.0,74,0.0,0.0
100,67,"Alteration, nuclear",0,74,10,0.0,1.0,1.0,74,0.0,0.0
100,67,"Change, acidophilic",0,74,8,0.0,1.0,1.0,74,0.0,0.0
100,67,Hemorrhage,0,74,8,0.0,1.0,1.0,74,0.0,0.0
100,67,Increased mitosis,0,74,6,0.0,1.0,1.0,74,0.0,0.0
100,67,Single cell necrosis,0,74,6,0.0,1.0,1.0,74,0.0,0.0
100,67,"Vacuolization, cytoplasmic",0,74,5,0.0,1.0,1.0,74,0.0,0.0
100,67,"Change, eosinophilic",0,74,5,0.0,1.0,1.0,74,0.0,0.0
100,77,"Degeneration, fatty",0,15,70,0.0,1.0,1.0,15,0.0,0.0
100,77,Cellular infiltration,0,15,60,0.0,1.0,1.0,15,0.0,0.0
100,77,Hypertrophy,13,2,24,75.83333333333333,7.2406423000710404e-12,6.878610185067489e-11,15,0.8666666666666667,0.35135135135135137
100,77,"Degeneration, hydropic",0,15,35,0.0,1.0,1.0,15,0.0,0.0
100,77,Fibrosis,0,15,35,0.0,1.0,1.0,15,0.0,0.0
100,77,"Degeneration, granular, eosinophilic",15,0,5,inf,7.856862801142606e-22,1.0662885230122109e-20,15,1.0,0.75
100,77,Necrosis,3,12,11,6.659090909090909,0.022470484184738373,0.0889456665645894,15,0.2,0.21428571428571427
100,77,Ground glass appearance,0,15,10,0.0,1.0,1.0,15,0.0,0.0
100,77,"Alteration, nuclear",0,15,10,0.0,1.0,1.0,15,0.0,0.0
100,77,"Change, acidophilic",0,15,8,0.0,1.0,1.0,15,0.0,0.0
100,77,Hemorrhage,0,15,8,0.0,1.0,1.0,15,0.0,0.0
100,77,Increased mitosis,4,11,2,54.90909090909091,4.5692227295570334e-05,0.00022452215136616456,15,0.26666666666666666,0.6666666666666666
100,77,Single cell necrosis,1,14,5,4.271428571428571,0.25272966171445477,0.7915159735013144,15,0.06666666666666667,0.16666666666666666
100,77,"Vacuolization, cytoplasmic",0,15,5,0.0,1.0,1.0,15,0.0,0.0
100,77,"Change, eosinophilic",0,15,5,0.0,1.0,1.0,15,0.0,0.0
100,81,"Degeneration, fatty",0,9,70,0.0,1.0,1.0,9,0.0,0.0
100,81,Cellular infiltration,8,1,52,39.69230769230769,8.053540169470335e-06,4.3306772609415954e-05,9,0.8888888888888888,0.13333333333333333
100,81,Hypertrophy,4,5,33,6.715151515151515,0.012703278915050912,0.0548550680422653,9,0.4444444444444444,0.10810810810810811
100,81,"Degeneration, hydropic",0,9,35,0.0,1.0,1.0,9,0.0,0.0
100,81,Fibrosis,8,1,27,83.85185185185185,8.029908438272982e-08,6.022431328704736e-07,9,0.8888888888888888,0.22857142857142856
100,81,"Degeneration, granular, eosinophilic",0,9,20,0.0,1.0,1.0,9,0.0,0.0
100,81,Necrosis,6,3,8,75.5,1.6905738876806368e-07,1.2045338949724537e-06,9,0.6666666666666666,0.42857142857142855
100,81,Ground glass appearance,0,9,10,0.0,1.0,1.0,9,0.0,0.0
100,81,"Alteration, nuclear",1,8,9,4.180555555555555,0.25201167785438633,0.7915159735013144,9,0.1111111111111111,0.1
100,81,"Change, acidophilic",8,1,0,inf,3.697087689905395e-15,4.3902916317626563e-14,9,0.8888888888888888,1.0
100,81,Hemorrhage,8,1,0,inf,3.697087689905395e-15,4.3902916317626563e-14,9,0.8888888888888888,1.0
100,81,Increased mitosis,0,9,6,0.0,1.0,1.0,9,0.0,0.0
100,81,Single cell necrosis,1,8,5,7.625,0.15894154447919648,0.5662292522071375,9,0.1111111111111111,0.16666666666666666
100,81,"Vacuolization, cytoplasmic",0,9,5,0.0,1.0,1.0,9,0.0,0.0
100,81,"Change, eosinophilic",1,8,4,9.5625,0.1341234261195662,0.49006636466764575,9,0.1111111111111111,0.2
100,93,"Degeneration, fatty",0,10,70,0.0,1.0,1.0,10,0.0,0.0
100,93,Cellular infiltration,0,10,60,0.0,1.0,1.0,10,0.0,0.0
100,93,Hypertrophy,7,3,30,21.7,1.5199958890115185e-05,7.876342333968777e-05,10,0.7,0.1891891891891892
100,93,"Degeneration, hydropic",0,10,35,0.0,1.0,1.0,10,0.0,0.0
100,93,Fibrosis,0,10,35,0.0,1.0,1.0,10,0.0,0.0
100,93,"Degeneration, granular, eosinophilic",8,2,12,99.0,2.1714280515494743e-09,1.820167631445883e-08,10,0.8,0.4
100,93,Necrosis,2,8,12,6.1875,0.06585182097801422,0.250236919716454,10,0.2,0.14285714285714285
100,93,Ground glass appearance,1,9,9,3.7037037037037037,0.27614033340747063,0.8284210002224119,10,0.1,0.1
100,93,"Alteration, nuclear",0,10,10,0.0,1.0,1.0,10,0.0,0.0
100,93,"Change, acidophilic",0,10,8,0.0,1.0,1.0,10,0.0,0.0
100,93,Hemorrhage,0,10,8,0.0,1.0,1.0,10,0.0,0.0
100,93,Increased mitosis,3,7,3,43.714285714285715,0.0004258207628483193,0.001957401893738242,10,0.3,0.5
100,93,Single cell necrosis,1,9,5,6.7555555555555555,0.175220095231212,0.5875026722458284,10,0.1,0.16666666666666666
100,93,"Vacuolization, cytoplasmic",0,10,5,0.0,1.0,1.0,10,0.0,0.0
100,93,"Change, eosinophilic",0,10,5,0.0,1.0,1.0,10,0.0,0.0
