cluster_id,finding_type,n_slides_both,n_slides_cluster_only,n_slides_finding_only,odds_ratio,p_value,q_value,n_carrying,slide_precision,slide_recall
0,"Degeneration, fatty",0,15,70,0.0,1.0,1.0,15,0.0,0.0
0,Cellular infiltration,0,15,60,0.0,1.0,1.0,15,0.0,0.0
0,Hypertrophy,13,2,24,70.41666666666667,1.6897933158906152e-11,1.6053036500960844e-10,15,0.8666666666666667,0.35135135135135137
0,"Degeneration, hydropic",0,15,35,0.0,1.0,1.0,15,0.0,0.0
0,Fibrosis,0,15,35,0.0,1.0,1.0,15,0.0,0.0
0,"Degeneration, granular, eosinophilic",15,0,5,inf,2.1228232355308634e-21,2.8809743910776004e-20,15,1.0,0.75
0,Necrosis,3,12,11,6.204545454545454,0.02671369995596523,0.10574172899236238,15,0.2,0.21428571428571427
0,Ground glass appearance,0,15,10,0.0,1.0,1.0,15,0.0,0.0
0,"Alteration, nuclear",0,15,10,0.0,1.0,1.0,15,0.0,0.0
0,"Change, acidophilic",0,15,8,0.0,1.0,1.0,15,0.0,0.0
0,Hemorrhage,0,15,8,0.0,1.0,1.0,15,0.0,0.0
0,Increased mitosis,4,11,2,51.27272727272727,5.9043801903346986e-05,0.0002901290265940326,15,0.26666666666666666,0.6666666666666666
0,Single cell necrosis,1,14,5,3.9857142857142858,0.2676520347705799,0.8382508781276404,15,0.06666666666666667,0.16666666666666666
0,"Vacuolization, cytoplasmic",0,15,5,0.0,1.0,1.0,15,0.0,0.0
0,"Change, eosinophilic",0,15,5,0.0,1.0,1.0,15,0.0,0.0
4,"Degeneration, fatty",60,3,10,452.0,1.918856846528882e-48,1.3671855031518285e-46,63,0.9523809523809523,0.8571428571428571
4,Cellular infiltration,52,11,8,134.72727272727272,1.8152353938227865e-38,4.703109883995401e-37,63,0.8253968253968254,0.8666666666666667
4,Hypertrophy,0,63,37,0.0,1.0,1.0,63,0.0,0.0
4,"Degeneration, hydropic",35,28,0,inf,1.1591423373978385e-28,1.9432680362257882e-27,63,0.5555555555555556,1.0
4,Fibrosis,22,41,13,9.204502814258912,8.737736562773098e-09,6.385269026641879e-08,63,0.3492063492063492,0.6285714285714286
4,"Degeneration, granular, eosinophilic",0,63,20,0.0,1.0,1.0,63,0.0,0.0
4,Necrosis,0,63,14,0.0,1.0,1.0,63,0.0,0.0
4,Ground glass appearance,0,63,10,0.0,1.0,1.0,63,0.0,0.0
4,"Alteration, nuclear",0,63,10,0.0,1.0,1.0,63,0.0,0.0
4,"Change, acidophilic",0,63,8,0.0,1.0,1.0,63,0.0,0.0
4,Hemorrhage,0,63,8,0.0,1.0,1.0,63,0.0,0.0
4,Increased mitosis,0,63,6,0.0,1.0,1.0,63,0.0,0.0
4,Single cell necrosis,0,63,6,0.0,1.0,1.0,63,0.0,0.0
4,"Vacuolization, cytoplasmic",0,63,5,0.0,1.0,1.0,63,0.0,0.0
4,"Change, eosinophilic",0,63,5,0.0,1.0,1.0,63,0.0,0.0
5,"Degeneration, fatty",55,0,15,inf,1.2630508912585435e-46,7.199390080173698e-45,55,1.0,0.7857142857142857
5,Cellular infiltration,52,3,8,511.3333333333333,1.0083328833668219e-45,4.789581195992404e-44,55,0.9454545454545454,0.8666666666666667
5,Hypertrophy,0,55,37,0.0,1.0,1.0,55,0.0,0.0
5,"Degeneration, hydropic",35,20,0,inf,9.302437521393595e-32,2.039380533536288e-30,55,0.6363636363636364,1.0
5,Fibrosis,22,33,13,11.846153846153847,3.280623369912728e-10,2.9218051888285234e-09,55,0.4,0.6285714285714286
5,"Degeneration, granular, eosinophilic",0,55,20,0.0,1.0,1.0,55,0.0,0.0
5,Necrosis,0,55,14,0.0,1.0,1.0,55,0.0,0.0
5,Ground glass appearance,0,55,10,0.0,1.0,1.0,55,0.0,0.0
5,"Alteration, nuclear",0,55,10,0.0,1.0,1.0,55,0.0,0.0
5,"Change, acidophilic",0,55,8,0.0,1.0,1.0,55,0.0,0.0
5,Hemorrhage,0,55,8,0.0,1.0,1.0,55,0.0,0.0
5,Increased mitosis,0,55,6,0.0,1.0,1.0,55,0.0,0.0
5,Single cell necrosis,0,55,6,0.0,1.0,1.0,55,0.0,0.0
5,"Vacuolization, cytoplasmic",0,55,5,0.0,1.0,1.0,55,0.0,0.0
5,"Change, eosinophilic",0,55,5,0.0,1.0,1.0,55,0.0,0.0
14,"Degeneration, fatty",60,2,10,681.0,9.532990259555062e-50,2.716902223973193e-47,62,0.967741935483871,0.8571428571428571
14,Cellular infiltration,52,10,8,148.85,3.277916994501529e-39,1.1677579292911699e-37,62,0.8387096774193549,0.8666666666666667
14,Hypertrophy,0,62,37,0.0,1.0,1.0,62,0.0,0.0
14,"Degeneration, hydropic",35,27,0,inf,5.15174372176817e-29,1.0487478290742346e-27,62,0.5645161290322581,1.0
14,Fibrosis,22,40,13,9.476923076923077,5.997228125056779e-09,4.883457187546234e-08,62,0.3548387096774194,0.6285714285714286
14,"Degeneration, granular, eosinophilic",0,62,20,0.0,1.0,1.0,62,0.0,0.0
14,Necrosis,0,62,14,0.0,1.0,1.0,62,0.0,0.0
14,Ground glass appearance,0,62,10,0.0,1.0,1.0,62,0.0,0.0
14,"Alteration, nuclear",0,62,10,0.0,1.0,1.0,62,0.0,0.0
14,"Change, acidophilic",0,62,8,0.0,1.0,1.0,62,0.0,0.0
14,Hemorrhage,0,62,8,0.0,1.0,1.0,62,0.0,0.0
14,Increased mitosis,0,62,6,0.0,1.0,1.0,62,0.0,0.0
14,Single cell necrosis,0,62,6,0.0,1.0,1.0,62,0.0,0.0
14,"Vacuolization, cytoplasmic",0,62,5,0.0,1.0,1.0,62,0.0,0.0
14,"Change, eosinophilic",0,62,5,0.0,1.0,1.0,62,0.0,0.0
21,"Degeneration, fatty",0,10,70,0.0,1.0,1.0,10,0.0,0.0
21,Cellular infiltration,0,10,60,0.0,1.0,1.0,10,0.0,0.0
21,Hypertrophy,9,1,28,83.89285714285714,2.437067812499396e-08,1.7364108164058197e-07,10,0.9,0.24324324324324326
21,"Degeneration, hydropic",0,10,35,0.0,1.0,1.0,10,0.0,0.0
21,Fibrosis,0,10,35,0.0,1.0,1.0,10,0.0,0.0
21,"Degeneration, granular, eosinophilic",10,0,10,inf,1.3668320890175345e-13,1.4982582514230666e-12,10,1.0,0.5
21,Necrosis,1,9,13,2.358974358974359,0.38559530231610223,1.0,10,0.1,0.07142857142857142
21,Ground glass appearance,0,10,10,0.0,1.0,1.0,10,0.0,0.0
21,"Alteration, nuclear",0,10,10,0.0,1.0,1.0,10,0.0,0.0
21,"Change, acidophilic",0,10,8,0.0,1.0,1.0,10,0.0,0.0
21,Hemorrhage,0,10,8,0.0,1.0,1.0,10,0.0,0.0
21,Increased mitosis,1,9,5,6.311111111111111,0.18605229819762464,0.6238224116038003,10,0.1,0.16666666666666666
21,Single cell necrosis,1,9,5,6.311111111111111,0.18605229819762464,0.6238224116038003,10,0.1,0.16666666666666666
21,"Vacuolization, cytoplasmic",0,10,5,0.0,1.0,1.0,10,0.0,0.0
21,"Change, eosinophilic",0,10,5,0.0,1.0,1.0,10,0.0,0.0
25,"Degeneration, fatty",0,18,70,0.0,1.0,1.0,18,0.0,0.0
25,Cellular infiltration,0,18,60,0.0,1.0,1.0,18,0.0,0.0
25,Hypertrophy,16,2,21,99.04761904761905,1.3144730092829452e-14,1.4984992305825576e-13,18,0.8888888888888888,0.43243243243243246
25,"Degeneration, hydropic",0,18,35,0.0,1.0,1.0,18,0.0,0.0
25,Fibrosis,0,18,35,0.0,1.0,1.0,18,0.0,0.0
25,"Degeneration, granular, eosinophilic",15,3,5,276.0,1.6475884342868832e-18,2.1343759262352807e-17,18,0.8333333333333334,0.75
25,Necrosis,3,15,11,4.909090909090909,0.04398264571687713,0.1717130688946573,18,0.16666666666666666,0.21428571428571427
25,Ground glass appearance,3,15,7,7.828571428571428,0.01692757498165254,0.07200535626523842,18,0.16666666666666666,0.3
25,"Alteration, nuclear",0,18,10,0.0,1.0,1.0,18,0.0,0.0
25,"Change, acidophilic",0,18,8,0.0,1.0,1.0,18,0.0,0.0
25,Hemorrhage,0,18,8,0.0,1.0,1.0,18,0.0,0.0
25,Increased mitosis,5,13,1,107.6923076923077,2.5712785303869074e-06,1.5550375854811977e-05,18,0.2777777777777778,0.8333333333333334
25,Single cell necrosis,1,17,5,3.2470588235294118,0.31325225444210775,0.9203803352165022,18,0.05555555555555555,0.16666666666666666
25,"Vacuolization, cytoplasmic",0,18,5,0.0,1.0,1.0,18,0.0,0.0
25,"Change, eosinophilic",0,18,5,0.0,1.0,1.0,18,0.0,0.0
29,"Degeneration, fatty",0,9,70,0.0,1.0,1.0,9,0.0,0.0
29,Cellular infiltration,2,7,58,1.1428571428571428,0.5689091641695835,1.0,9,0.2222222222222222,0.03333333333333333
29,Hypertrophy,2,7,35,2.0816326530612246,0.3082684776141031,0.9151720429168685,9,0.2222222222222222,0.05405405405405406
29,"Degeneration, hydropic",0,9,35,0.0,1.0,1.0,9,0.0,0.0
29,Fibrosis,2,7,33,2.225108225108225,0.284326224431412,0.8763830044552405,9,0.2222222222222222,0.05714285714285714
29,"Degeneration, granular, eosinophilic",0,9,20,0.0,1.0,1.0,9,0.0,0.0
29,Necrosis,1,8,13,2.6634615384615383,0.3544298466364843,1.0,9,0.1111111111111111,0.07142857142857142
29,Ground glass appearance,1,8,9,3.9027777777777777,0.2668465134428807,0.8382508781276404,9,0.1111111111111111,0.1
29,"Alteration, nuclear",5,4,5,71.25,1.557057219119604e-06,9.646984944545373e-06,9,0.5555555555555556,0.5
29,"Change, acidophilic",2,7,6,13.523809523809524,0.020572304682844707,0.08497256282044552,9,0.2222222222222222,0.25
29,Hemorrhage,2,7,6,13.523809523809524,0.020572304682844707,0.08497256282044552,9,0.2222222222222222,0.25
29,Increased mitosis,0,9,6,0.0,1.0,1.0,9,0.0,0.0
29,Single cell necrosis,5,4,1,361.25,3.881443891731093e-08,2.6980768515691743e-07,9,0.5555555555555556,0.8333333333333334
29,"Vacuolization, cytoplasmic",0,9,5,0.0,1.0,1.0,9,0.0,0.0
29,"Change, eosinophilic",5,4,0,inf,6.543259771610901e-09,5.180080652525297e-08,9,0.5555555555555556,1.0
42,"Degeneration, fatty",9,1,61,33.63934426229508,1.1311144812814559e-05,6.199377445484902e-05,10,0.9,0.12857142857142856
42,Cellular infiltration,0,10,60,0.0,1.0,1.0,10,0.0,0.0
42,Hypertrophy,1,9,36,0.7808641975308642,0.7388706391848527,1.0,10,0.1,0.02702702702702703
42,"Degeneration, hydropic",0,10,35,0.0,1.0,1.0,10,0.0,0.0
42,Fibrosis,0,10,35,0.0,1.0,1.0,10,0.0,0.0
42,"Degeneration, granular, eosinophilic",0,10,20,0.0,1.0,1.0,10,0.0,0.0
42,Necrosis,3,7,11,10.831168831168831,0.008122003380656755,0.03561186097672578,10,0.3,0.21428571428571427
42,Ground glass appearance,1,9,9,3.45679012345679,0.29212766815174684,0.8763830044552405,10,0.1,0.1
42,"Alteration, nuclear",0,10,10,0.0,1.0,1.0,10,0.0,0.0
42,"Change, acidophilic",0,10,8,0.0,1.0,1.0,10,0.0,0.0
42,Hemorrhage,0,10,8,0.0,1.0,1.0,10,0.0,0.0
42,Increased mitosis,0,10,6,0.0,1.0,1.0,10,0.0,0.0
42,Single cell necrosis,0,10,6,0.0,1.0,1.0,10,0.0,0.0
42,"Vacuolization, cytoplasmic",0,10,5,0.0,1.0,1.0,10,0.0,0.0
42,"Change, eosinophilic",0,10,5,0.0,1.0,1.0,10,0.0,0.0
52,"Degeneration, fatty",60,8,10,165.75,2.8819079475922178e-43,1.173348235805403e-41,68,0.8823529411764706,0.8571428571428571
52,Cellular infiltration,52,16,8,90.59375,3.653360759352817e-35,8.67673180346294e-34,68,0.7647058823529411,0.8666666666666667
52,Hypertrophy,0,68,37,0.0,1.0,1.0,68,0.0,0.0
52,"Degeneration, hydropic",35,33,0,inf,5.091114746711097e-27,8.060931682292571e-26,68,0.5147058823529411,1.0
52,Fibrosis,22,46,13,8.020066889632107,5.0764179508791586e-08,3.4447121809537145e-07,68,0.3235294117647059,0.6285714285714286
52,"Degeneration, granular, eosinophilic",0,68,20,0.0,1.0,1.0,68,0.0,0.0
52,Necrosis,0,68,14,0.0,1.0,1.0,68,0.0,0.0
52,Ground glass appearance,0,68,10,0.0,1.0,1.0,68,0.0,0.0
52,"Alteration, nuclear",0,68,10,0.0,1.0,1.0,68,0.0,0.0
52,"Change, acidophilic",0,68,8,0.0,1.0,1.0,68,0.0,0.0
52,Hemorrhage,0,68,8,0.0,1.0,1.0,68,0.0,0.0
52,Increased mitosis,0,68,6,0.0,1.0,1.0,68,0.0,0.0
52,Single cell necrosis,0,68,6,0.0,1.0,1.0,68,0.0,0.0
52,"Vacuolization, cytoplasmic",0,68,5,0.0,1.0,1.0,68,0.0,0.0
52,"Change, eosinophilic",0,68,5,0.0,1.0,1.0,68,0.0,0.0
53,"Degeneration, fatty",10,1,60,38.0,2.619010670284122e-06,1.5550375854811977e-05,11,0.9090909090909091,0.14285714285714285
53,Cellular infiltration,0,11,60,0.0,1.0,1.0,11,0.0,0.0
53,Hypertrophy,0,11,37,0.0,1.0,1.0,11,0.0,0.0
53,"Degeneration, hydropic",0,11,35,0.0,1.0,1.0,11,0.0,0.0
53,Fibrosis,0,11,35,0.0,1.0,1.0,11,0.0,0.0
53,"Degeneration, granular, eosinophilic",0,11,20,0.0,1.0,1.0,11,0.0,0.0
53,Necrosis,4,7,10,15.885714285714286,0.0008341149776931039,0.003773377280040232,11,0.36363636363636365,0.2857142857142857
53,Ground glass appearance,0,11,10,0.0,1.0,1.0,11,0.0,0.0
53,"Alteration, nuclear",1,10,9,3.1,0.3166215204648352,0.9207870748212045,11,0.09090909090909091,0.1
53,"Change, acidophilic",0,11,8,0.0,1.0,1.0,11,0.0,0.0
53,Hemorrhage,0,11,8,0.0,1.0,1.0,11,0.0,0.0
53,Increased mitosis,0,11,6,0.0,1.0,1.0,11,0.0,0.0
53,Single cell necrosis,1,10,5,5.66,0.2029508664011342,0.6725697316781772,11,0.09090909090909091,0.16666666666666666
53,"Vacuolization, cytoplasmic",0,11,5,0.0,1.0,1.0,11,0.0,0.0
53,"Change, eosinophilic",1,10,4,7.1,0.17197015802803345,0.6050801856541917,11,0.09090909090909091,0.2
54,"Degeneration, fatty",0,10,70,0.0,1.0,1.0,10,0.0,0.0
54,Cellular infiltration,0,10,60,0.0,1.0,1.0,10,0.0,0.0
54,Hypertrophy,10,0,27,inf,2.5769599225824425e-10,2.369140573987084e-09,10,1.0,0.2702702702702703
54,"Degeneration, hydropic",0,10,35,0.0,1.0,1.0,10,0.0,0.0
54,Fibrosis,5,5,30,8.633333333333333,0.002723853356672297,0.012129659478931323,10,0.5,0.14285714285714285
54,"Degeneration, granular, eosinophilic",6,4,14,29.464285714285715,7.293795328159314e-06,4.157463337050809e-05,10,0.6,0.3
54,Necrosis,1,9,13,2.358974358974359,0.38559530231610223,1.0,10,0.1,0.07142857142857142
54,Ground glass appearance,4,6,6,31.444444444444443,0.0001223872352637807,0.0005911925771216526,10,0.4,0.4
54,"Alteration, nuclear",5,5,5,56.8,3.069535108412997e-06,1.785341848770825e-05,10,0.5,0.5
54,"Change, acidophilic",0,10,8,0.0,1.0,1.0,10,0.0,0.0
54,Hemorrhage,0,10,8,0.0,1.0,1.0,10,0.0,0.0
54,Increased mitosis,1,9,5,6.311111111111111,0.18605229819762464,0.6238224116038003,10,0.1,0.16666666666666666
54,Single cell necrosis,0,10,6,0.0,1.0,1.0,10,0.0,0.0
54,"Vacuolization, cytoplasmic",0,10,5,0.0,1.0,1.0,10,0.0,0.0
54,"Change, eosinophilic",0,10,5,0.0,1.0,1.0,10,0.0,0.0
55,"Degeneration, fatty",0,15,70,0.0,1.0,1.0,15,0.0,0.0
55,Cellular infiltration,0,15,60,0.0,1.0,1.0,15,0.0,0.0
55,Hypertrophy,13,2,24,70.41666666666667,1.6897933158906152e-11,1.6053036500960844e-10,15,0.8666666666666667,0.35135135135135137
55,"Degeneration, hydropic",0,15,35,0.0,1.0,1.0,15,0.0,0.0
55,Fibrosis,0,15,35,0.0,1.0,1.0,15,0.0,0.0
55,"Degeneration, granular, eosinophilic",15,0,5,inf,2.1228232355308634e-21,2.8809743910776004e-20,15,1.0,0.75
55,Necrosis,3,12,11,6.204545454545454,0.02671369995596523,0.10574172899236238,15,0.2,0.21428571428571427
55,Ground glass appearance,0,15,10,0.0,1.0,1.0,15,0.0,0.0
55,"Alteration, nuclear",0,15,10,0.0,1.0,1.0,15,0.0,0.0
55,"Change, acidophilic",0,15,8,0.0,1.0,1.0,15,0.0,0.0
55,Hemorrhage,0,15,8,0.0,1.0,1.0,15,0.0,0.0
55,Increased mitosis,4,11,2,51.27272727272727,5.9043801903346986e-05,0.0002901290265940326,15,0.26666666666666666,0.6666666666666666
55,Single cell necrosis,1,14,5,3.9857142857142858,0.2676520347705799,0.8382508781276404,15,0.06666666666666667,0.16666666666666666
55,"Vacuolization, cytoplasmic",0,15,5,0.0,1.0,1.0,15,0.0,0.0
55,"Change, eosinophilic",0,15,5,0.0,1.0,1.0,15,0.0,0.0
62,"Degeneration, fatty",60,3,10,452.0,1.918856846528882e-48,1.3671855031518285e-46,63,0.9523809523809523,0.8571428571428571
62,Cellular infiltration,52,11,8,134.72727272727272,1.8152353938227865e-38,4.703109883995401e-37,63,0.8253968253968254,0.8666666666666667
62,Hypertrophy,0,63,37,0.0,1.0,1.0,63,0.0,0.0
62,"Degeneration, hydropic",35,28,0,inf,1.1591423373978385e-28,1.9432680362257882e-27,63,0.5555555555555556,1.0
62,Fibrosis,22,41,13,9.204502814258912,8.737736562773098e-09,6.385269026641879e-08,63,0.3492063492063492,0.6285714285714286
62,"Degeneration, granular, eosinophilic",0,63,20,0.0,1.0,1.0,63,0.0,0.0
62,Necrosis,0,63,14,0.0,1.0,1.0,63,0.0,0.0
62,Ground glass appearance,0,63,10,0.0,1.0,1.0,63,0.0,0.0
62,"Alteration, nuclear",0,63,10,0.0,1.0,1.0,63,0.0,0.0
62,"Change, acidophilic",0,63,8,0.0,1.0,1.0,63,0.0,0.0
62,Hemorrhage,0,63,8,0.0,1.0,1.0,63,0.0,0.0
62,Increased mitosis,0,63,6,0.0,1.0,1.0,63,0.0,0.0
62,Single cell necrosis,0,63,6,0.0,1.0,1.0,63,0.0,0.0
62,"Vacuolization, cytoplasmic",0,63,5,0.0,1.0,1.0,63,0.0,0.0
62,"Change, eosinophilic",0,63,5,0.0,1.0,1.0,63,0.0,0.0
63,"Degeneration, fatty",0,7,70,0.0,1.0,1.0,7,0.0,0.0
63,Cellular infiltration,0,7,60,0.0,1.0,1.0,7,0.0,0.0
63,Hypertrophy,6,1,31,50.516129032258064,1.5682719004616923e-05,8.276990585770042e-05,7,0.8571428571428571,0.16216216216216217
63,"Degeneration, hydropic",0,7,35,0.0,1.0,1.0,7,0.0,0.0
63,Fibrosis,5,2,30,21.833333333333332,0.0002963708139189363,0.0014077613661149474,7,0.7142857142857143,0.14285714285714285
63,"Degeneration, granular, eosinophilic",6,1,14,119.14285714285714,2.757706515524229e-07,1.7465474598320115e-06,7,0.8571428571428571,0.3
63,Necrosis,1,6,13,3.576923076923077,0.2876478836505642,0.8763830044552405,7,0.14285714285714285,0.07142857142857142
63,Ground glass appearance,0,7,10,0.0,1.0,1.0,7,0.0,0.0
63,"Alteration, nuclear",6,1,4,432.0,1.5396888343729305e-09,1.329731266049349e-08,7,0.8571428571428571,0.6
63,"Change, acidophilic",0,7,8,0.0,1.0,1.0,7,0.0,0.0
63,Hemorrhage,0,7,8,0.0,1.0,1.0,7,0.0,0.0
63,Increased mitosis,0,7,6,0.0,1.0,1.0,7,0.0,0.0
63,Single cell necrosis,1,6,5,9.566666666666666,0.1335547874498283,0.4943261613402736,7,0.14285714285714285,0.16666666666666666
63,"Vacuolization, cytoplasmic",0,7,5,0.0,1.0,1.0,7,0.0,0.0
63,"Change, eosinophilic",1,6,4,12.0,0.11242197738762903,0.4215824152036089,7,0.14285714285714285,0.2
65,"Degeneration, fatty",0,9,70,0.0,1.0,1.0,9,0.0,0.0
65,Cellular infiltration,0,9,60,0.0,1.0,1.0,9,0.0,0.0
65,Hypertrophy,7,2,30,30.333333333333332,7.77187183737298e-06,4.343104850296665e-05,9,0.7777777777777778,0.1891891891891892
65,"Degeneration, hydropic",0,9,35,0.0,1.0,1.0,9,0.0,0.0
65,Fibrosis,0,9,35,0.0,1.0,1.0,9,0.0,0.0
65,"Degeneration, granular, eosinophilic",9,0,11,inf,3.603466416500772e-12,3.803658995195259e-11,9,1.0,0.45
65,Necrosis,2,7,12,6.619047619047619,0.06077699709206912,0.23407356988161757,9,0.2222222222222222,0.14285714285714285
65,Ground glass appearance,0,9,10,0.0,1.0,1.0,9,0.0,0.0
65,"Alteration, nuclear",0,9,10,0.0,1.0,1.0,9,0.0,0.0
65,"Change, acidophilic",0,9,8,0.0,1.0,1.0,9,0.0,0.0
65,Hemorrhage,0,9,8,0.0,1.0,1.0,9,0.0,0.0
65,Increased mitosis,3,6,3,47.833333333333336,0.00036376727459010226,0.0016995684140685104,9,0.3333333333333333,0.5
65,Single cell necrosis,1,8,5,7.125,0.16885621999053227,0.6015502837162712,9,0.1111111111111111,0.16666666666666666
65,"Vacuolization, cytoplasmic",0,9,5,0.0,1.0,1.0,9,0.0,0.0
65,"Change, eosinophilic",0,9,5,0.0,1.0,1.0,9,0.0,0.0
67,"Degeneration, fatty",60,3,10,452.0,1.918856846528882e-48,1.3671855031518285e-46,63,0.9523809523809523,0.8571428571428571
67,Cellular infiltration,52,11,8,134.72727272727272,1.8152353938227865e-38,4.703109883995401e-37,63,0.8253968253968254,0.8666666666666667
67,Hypertrophy,1,62,36,0.08960573476702509,0.9999181428522784,1.0,63,0.015873015873015872,0.02702702702702703
67,"Degeneration, hydropic",35,28,0,inf,1.1591423373978385e-28,1.9432680362257882e-27,63,0.5555555555555556,1.0
67,Fibrosis,22,41,13,9.204502814258912,8.737736562773098e-09,6.385269026641879e-08,63,0.3492063492063492,0.6285714285714286
67,"Degeneration, granular, eosinophilic",1,62,19,0.18421052631578946,0.9926328422805989,1.0,63,0.015873015873015872,0.05
67,Necrosis,0,63,14,0.0,1.0,1.0,63,0.0,0.0
67,Ground glass appearance,0,63,10,0.0,1.0,1.0,63,0.0,0.0
67,"Alteration, nuclear",0,63,10,0.0,1.0,1.0,63,0.0,0.0
67,"Change, acidophilic",0,63,8,0.0,1.0,1.0,63,0.0,0.0
67,Hemorrhage,0,63,8,0.0,1.0,1.0,63,0.0,0.0
67,Increased mitosis,0,63,6,0.0,1.0,1.0,63,0.0,0.0
67,Single cell necrosis,0,63,6,0.0,1.0,1.0,63,0.0,0.0
67,"Vacuolization, cytoplasmic",0,63,5,0.0,1.0,1.0,63,0.0,0.0
67,"Change, eosinophilic",0,63,5,0.0,1.0,1.0,63,0.0,0.0
77,"Degeneration, fatty",0,15,70,0.0,1.0,1.0,15,0.0,0.0
77,Cellular infiltration,0,15,60,0.0,1.0,1.0,15,0.0,0.0
77,Hypertrophy,13,2,24,70.41666666666667,1.6897933158906152e-11,1.6053036500960844e-10,15,0.8666666666666667,0.35135135135135137
77,"Degeneration, hydropic",0,15,35,0.0,1.0,1.0,15,0.0,0.0
77,Fibrosis,0,15,35,0.0,1.0,1.0,15,0.0,0.0
77,"Degeneration, granular, eosinophilic",15,0,5,inf,2.1228232355308634e-21,2.8809743910776004e-20,15,1.0,0.75
77,Necrosis,3,12,11,6.204545454545454,0.02671369995596523,0.10574172899236238,15,0.2,0.21428571428571427
77,Ground glass appearance,0,15,10,0.0,1.0,1.0,15,0.0,0.0
77,"Alteration, nuclear",0,15,10,0.0,1.0,1.0,15,0.0,0.0
77,"Change, acidophilic",0,15,8,0.0,1.0,1.0,15,0.0,0.0
77,Hemorrhage,0,15,8,0.0,1.0,1.0,15,0.0,0.0
77,Increased mitosis,4,11,2,51.27272727272727,5.9043801903346986e-05,0.0002901290265940326,15,0.26666666666666666,0.6666666666666666
77,Single cell necrosis,1,14,5,3.9857142857142858,0.2676520347705799,0.8382508781276404,15,0.06666666666666667,0.16666666666666666
77,"Vacuolization, cytoplasmic",0,15,5,0.0,1.0,1.0,15,0.0,0.0
77,"Change, eosinophilic",0,15,5,0.0,1.0,1.0,15,0.0,0.0
81,"Degeneration, fatty",0,9,70,0.0,1.0,1.0,9,0.0,0.0
81,Cellular infiltration,8,1,52,36.61538461538461,1.3436697325684996e-05,7.225393844943818e-05,9,0.8888888888888888,0.13333333333333333
81,Hypertrophy,4,5,33,6.2303030303030305,0.015978289826108043,0.06899716061273928,9,0.4444444444444444,0.10810810810810811
81,"Degeneration, hydropic",0,9,35,0.0,1.0,1.0,9,0.0,0.0
81,Fibrosis,8,1,27,77.92592592592592,1.3482027486862064e-07,8.935762404082996e-07,9,0.8888888888888888,0.22857142857142856
81,"Degeneration, granular, eosinophilic",0,9,20,0.0,1.0,1.0,9,0.0,0.0
81,Necrosis,6,3,8,70.5,2.489604376266118e-07,1.6125846528087357e-06,9,0.6666666666666666,0.42857142857142855
81,Ground glass appearance,0,9,10,0.0,1.0,1.0,9,0.0,0.0
81,"Alteration, nuclear",1,8,9,3.9027777777777777,0.2668465134428807,0.8382508781276404,9,0.1111111111111111,0.1
81,"Change, acidophilic",8,1,0,inf,6.243205091698767e-15,7.413806046392286e-14,9,0.8888888888888888,1.0
81,Hemorrhage,8,1,0,inf,6.243205091698767e-15,7.413806046392286e-14,9,0.8888888888888888,1.0
81,Increased mitosis,0,9,6,0.0,1.0,1.0,9,0.0,0.0
81,Single cell necrosis,1,8,5,7.125,0.16885621999053227,0.6015502837162712,9,0.1111111111111111,0.16666666666666666
81,"Vacuolization, cytoplasmic",0,9,5,0.0,1.0,1.0,9,0.0,0.0
81,"Change, eosinophilic",1,8,4,8.9375,0.14260957430602275,0.5210734445796985,9,0.1111111111111111,0.2
93,"Degeneration, fatty",0,10,70,0.0,1.0,1.0,10,0.0,0.0
93,Cellular infiltration,0,10,60,0.0,1.0,1.0,10,0.0,0.0
93,Hypertrophy,7,3,30,20.144444444444446,2.357069773074142e-05,0.00012213907005929645,10,0.7,0.1891891891891892
93,"Degeneration, hydropic",0,10,35,0.0,1.0,1.0,10,0.0,0.0
93,Fibrosis,0,10,35,0.0,1.0,1.0,10,0.0,0.0
93,"Degeneration, granular, eosinophilic",8,2,12,92.33333333333333,3.64892600920687e-09,3.0586585665410526e-08,10,0.8,0.4
93,Necrosis,2,8,12,5.770833333333333,0.0739407455199222,0.28097483297570436,10,0.2,0.14285714285714285
93,Ground glass appearance,1,9,9,3.45679012345679,0.29212766815174684,0.8763830044552405,10,0.1,0.1
93,"Alteration, nuclear",0,10,10,0.0,1.0,1.0,10,0.0,0.0
93,"Change, acidophilic",0,10,8,0.0,1.0,1.0,10,0.0,0.0
93,Hemorrhage,0,10,8,0.0,1.0,1.0,10,0.0,0.0
93,Increased mitosis,3,7,3,40.857142857142854,0.0005156649105747246,0.0023703951534483304,10,0.3,0.5
93,Single cell necrosis,1,9,5,6.311111111111111,0.18605229819762464,0.6238224116038003,10,0.1,0.16666666666666666
93,"Vacuolization, cytoplasmic",0,10,5,0.0,1.0,1.0,10,0.0,0.0
93,"Change, eosinophilic",0,10,5,0.0,1.0,1.0,10,0.0,0.0
