finding_site,n_compounds,n_animals
Hypertrophy @ Centrilobular,39,811
"Change, eosinophilic @ Centrilobular",12,120
Ground glass appearance @ Centrilobular,10,208
Increased mitosis @ Hepatocyte,10,104
Hypertrophy @ Hepatocyte,8,148
Single cell necrosis @ Hepatocyte,7,88
"Vacuolization, cytoplasmic @ Hepatocyte",7,82
Swelling @ Centrilobular,6,112
"Hematopoiesis, extramedullary @ unspecified",5,29
Anisonucleosis @ Hepatocyte,4,47
"Degeneration, granular, eosinophilic @ Hepatocyte",4,146
Cellular infiltration @ Centrilobular,4,75
"Proliferation, bile duct @ Periportal",4,82
Cellular foci @ unspecified,3,24
"Change, acidophilic @ Hepatocyte",3,54
"Hematopoiesis, extramedullary @ Sinusoid",3,33
Fibrosis @ Centrilobular,3,38
Fibrosis @ Periportal,3,29
"Proliferation, bile duct @ unspecified",3,47
Single cell necrosis @ Centrilobular,3,24
"Deposit, pigment @ Kupffer cell",3,25
Cellular infiltration @ Periportal,3,45
"Change, eosinophilic @ Hepatocyte",3,22
"Inclusion body, intracytoplasmic @ Hepatocyte",2,24
"Cellular infiltration, mononuclear cell @ unspecified",2,11
"Change, basophilic @ Hepatocyte",2,23
Cellular infiltration @ Sinusoid,2,18
"Cellular infiltration, mononuclear cell @ Periportal",2,43
Necrosis @ Periportal,2,13
Necrosis @ Hepatocyte,2,15
Hypertrophy @ Kupffer cell,2,7
"Deposit, glycogen @ Peripheral",2,13
Increased mitosis @ Midlobular,2,26
"Proliferation, Kupffer cell @ unspecified",2,16
Necrosis @ Centrilobular,2,37
"Vacuolization, cytoplasmic @ Centrilobular",2,40
"Vacuolization, cytoplasmic @ Kupffer cell",2,12
Necrosis @ unspecified,2,12
"Deposit, pigment @ Periportal",2,8
Increased mitosis @ unspecified,2,20
"Degeneration, granular, eosinophilic @ unspecified",1,37
"Degeneration, granular, eosinophilic @ Centrilobular",1,19
Cellular infiltration @ Glisson's sheath,1,28
Atrophy @ Centrilobular,1,6
Cellular infiltration @ Periductular,1,5
Cellular infiltration @ unspecified,1,14
"Accumulation, foam cell @ Periportal",1,3
"Alteration, nuclear @ unspecified",1,27
"Degeneration, fatty @ Peripheral",1,20
"Degeneration, fatty @ Centrilobular",1,60
"Change, eosinophilic @ Portal",1,13
"Degeneration, acidophilic, eosinophilic @ Periportal",1,10
"Change, eosinophilic @ Periportal",1,22
"Change, basophilic @ Periportal",1,36
"Change, acidophilic @ Centrilobular",1,33
"Alteration, nuclear @ Hepatocyte",1,19
"Alteration, cytoplasmic @ unspecified",1,34
"Adenoma, hepatocellular @ unspecified",1,4
"Deposit, pigment @ unspecified",1,3
Dilatation @ Sinusoid,1,3
Edema @ Glisson's sheath,1,18
"Degeneration, hydropic @ Centrilobular",1,35
Increased mitosis @ Centrilobular,1,4
Hypertrophy @ Midlobular,1,5
Hypertrophy @ Peripheral,1,4
Increased mitosis @ Bile duct cell,1,8
"Hypertrophy @ Bile duct, interlobular",1,36
Hyperplasia @ Hepatocyte,1,4
Hemorrhage @ Centrilobular,1,10
Hypertrophy @ Ito cell,1,38
"Deposit, hemosiderin @ Periportal",1,12
"Deposit, hemosiderin @ unspecified",1,5
"Degeneration, vacuolar @ Centrilobular",1,8
"Deposit, glycogen @ Periportal",1,12
Fibrosis @ Bile duct,1,4
Necrosis @ Midlobular,1,6
"Inflammation, suppurative @ Subserosa",1,4
"Lesion,NOS @ Centrilobular",1,10
"Proliferation, bile duct @ Peripheral",1,7
"Proliferation, bile duct @ Interlobular",1,20
Phagocytosis @ Kupffer cell,1,10
"Proliferation, Kupffer cell @ Sinusoid",1,11
Microgranuloma @ unspecified,1,5
"Lesion,NOS @ Hepatocyte",1,10
Necrosis @ Bile duct cell,1,17
Pyknosis @ Hepatocyte,1,33
"Vacuolization, cytoplasmic @ Bile duct cell",1,12
"Proliferation, oval cell @ Periportal",1,49
"Proliferation, oval cell @ unspecified",1,12
"Vacuolization, cytoplasmic @ Bile duct, interlobular",1,26
"Vacuolization, cytoplasmic @ Ito cell",1,38
"Vacuolization, cytoplasmic @ Midlobular",1,4
"Vacuolization, cytoplasmic @ Periportal",1,18
"Vacuolization, nuclear @ Hepatocyte",1,5
