review_id,sheet,n_tiles,image_sha256,reviewer,image_quality,suspected_morphology,finding_confirmed,comments
R001,outputs/0010_20260925_pathology_benchmark_subset/review_v2/R001.png,6,c090f774443c7248d0710cfd529b727fe3c3ae78fcbb2a359a4ccd798e098147,Codex visual screening 2026-09-25,tissue visible; no gross blank/crop failure in sampled tiles,predominantly continuous pink cytoplasm; relatively few clear spaces,uncertain; random fields do not establish focal necrosis presence or absence,Reviewed six label-hidden random tissue patches on contact sheets; not a pathologist ground-truth annotation.
R002,outputs/0010_20260925_pathology_benchmark_subset/review_v2/R002.png,6,972532eee78987fd452ba6880594ca3c448f95b68c74e55fde5bbcd97c33a6b3,Codex visual screening 2026-09-25,tissue visible; no gross blank/crop failure in sampled tiles,pink parenchyma with visible nuclei; variable clear spaces,uncertain; random fields do not establish focal necrosis presence or absence,Reviewed six label-hidden random tissue patches on contact sheets; not a pathologist ground-truth annotation.
R003,outputs/0010_20260925_pathology_benchmark_subset/review_v2/R003.png,6,5026624c2381a8e777ee715b1dbfeebc15464c9f07a9ab038114cca36d4c87af,Codex visual screening 2026-09-25,tissue visible; no gross blank/crop failure in sampled tiles,pink parenchyma with visible nuclei; variable clear spaces,uncertain; random fields do not establish focal necrosis presence or absence,Reviewed six label-hidden random tissue patches on contact sheets; not a pathologist ground-truth annotation.
R004,outputs/0010_20260925_pathology_benchmark_subset/review_v2/R004.png,6,9b75b4b3717d6b26caad5f2c3b0040586c4ba01167bf89038dfe273e7aeb7c39,Codex visual screening 2026-09-25,tissue visible; no gross blank/crop failure in sampled tiles,pink parenchyma with visible nuclei; variable clear spaces,uncertain; random fields do not establish focal necrosis presence or absence,Reviewed six label-hidden random tissue patches on contact sheets; not a pathologist ground-truth annotation.
R005,outputs/0010_20260925_pathology_benchmark_subset/review_v2/R005.png,6,49accacc138c34a49b3f5c094507886d23e1dc4d6291f0d3457717666e015f69,Codex visual screening 2026-09-25,tissue visible; no gross blank/crop failure in sampled tiles,predominantly continuous pink cytoplasm; relatively few clear spaces,uncertain; random fields do not establish focal necrosis presence or absence,Reviewed six label-hidden random tissue patches on contact sheets; not a pathologist ground-truth annotation.
R006,outputs/0010_20260925_pathology_benchmark_subset/review_v2/R006.png,6,b6e61b49306bb61cfa00c5807cda3ce07565b3ed6d9261ca67e7c83a3cb0b68c,Codex visual screening 2026-09-25,tissue visible; no gross blank/crop failure in sampled tiles,pink parenchyma with visible nuclei; variable clear spaces,uncertain; random fields do not establish focal necrosis presence or absence,Reviewed six label-hidden random tissue patches on contact sheets; not a pathologist ground-truth annotation.
R007,outputs/0010_20260925_pathology_benchmark_subset/review_v2/R007.png,6,7f2ca5c69924be7e84a879ac5070c22fd64e8eeb9a22dc966f52f1b87455be17,Codex visual screening 2026-09-25,tissue visible; no gross blank/crop failure in sampled tiles,pink parenchyma with visible nuclei; variable clear spaces,uncertain; random fields do not establish focal necrosis presence or absence,Reviewed six label-hidden random tissue patches on contact sheets; not a pathologist ground-truth annotation.
R008,outputs/0010_20260925_pathology_benchmark_subset/review_v2/R008.png,6,9bd99d5276f9c96601011635a6d7a5186b0a842ee4a228ac14eaac3d86cb1748,Codex visual screening 2026-09-25,tissue visible; no gross blank/crop failure in sampled tiles,darker staining and conspicuous clear spaces; exact lesion type unresolved,uncertain; random fields do not establish focal necrosis presence or absence,Reviewed six label-hidden random tissue patches on contact sheets; not a pathologist ground-truth annotation.
R009,outputs/0010_20260925_pathology_benchmark_subset/review_v2/R009.png,6,0574a6524714d725044524d2352b5e291ec7cfc5494b7ee2533da68f91341649,Codex visual screening 2026-09-25,tissue visible; no gross blank/crop failure in sampled tiles,predominantly continuous pink cytoplasm; relatively few clear spaces,uncertain; random fields do not establish focal necrosis presence or absence,Reviewed six label-hidden random tissue patches on contact sheets; not a pathologist ground-truth annotation.
R010,outputs/0010_20260925_pathology_benchmark_subset/review_v2/R010.png,6,4d664f271047f69007a0a04fa08879a7795440fe8d51684985c472505eb5aa72,Codex visual screening 2026-09-25,tissue visible; no gross blank/crop failure in sampled tiles,predominantly continuous pink cytoplasm; relatively few clear spaces,uncertain; random fields do not establish focal necrosis presence or absence,Reviewed six label-hidden random tissue patches on contact sheets; not a pathologist ground-truth annotation.
R011,outputs/0010_20260925_pathology_benchmark_subset/review_v2/R011.png,6,1840d64ef4163322f261317811f562e64594923f851a77148542d35baeeeb32c,Codex visual screening 2026-09-25,tissue visible; no gross blank/crop failure in sampled tiles,predominantly continuous pink cytoplasm; relatively few clear spaces,uncertain; random fields do not establish focal necrosis presence or absence,Reviewed six label-hidden random tissue patches on contact sheets; not a pathologist ground-truth annotation.
R012,outputs/0010_20260925_pathology_benchmark_subset/review_v2/R012.png,6,ac7277d55531613c3b729e98032ab6c34e0d0b1f139e1591a60ab022a7fd5a5d,Codex visual screening 2026-09-25,tissue visible; no gross blank/crop failure in sampled tiles,predominantly continuous pink cytoplasm; relatively few clear spaces,uncertain; random fields do not establish focal necrosis presence or absence,Reviewed six label-hidden random tissue patches on contact sheets; not a pathologist ground-truth annotation.
R013,outputs/0010_20260925_pathology_benchmark_subset/review_v2/R013.png,6,92214de0284f10adf3bf10a519e3cc538518240e21950050242357ce3ba47a1b,Codex visual screening 2026-09-25,tissue visible; no gross blank/crop failure in sampled tiles,predominantly continuous pink cytoplasm; relatively few clear spaces,uncertain; random fields do not establish focal necrosis presence or absence,Reviewed six label-hidden random tissue patches on contact sheets; not a pathologist ground-truth annotation.
R014,outputs/0010_20260925_pathology_benchmark_subset/review_v2/R014.png,6,0ce2b63bda7ee0fc7320eb1759fa4027485561c0dd44d769b72717222e33157b,Codex visual screening 2026-09-25,tissue visible; no gross blank/crop failure in sampled tiles,pink parenchyma with visible nuclei; variable clear spaces,uncertain; random fields do not establish focal necrosis presence or absence,Reviewed six label-hidden random tissue patches on contact sheets; not a pathologist ground-truth annotation.
R015,outputs/0010_20260925_pathology_benchmark_subset/review_v2/R015.png,6,8d3e14277f1a873c63f0e81c597afd524925265d0699398a37003a7042a01b8c,Codex visual screening 2026-09-25,tissue visible; no gross blank/crop failure in sampled tiles,darker staining and conspicuous clear spaces; exact lesion type unresolved,uncertain; random fields do not establish focal necrosis presence or absence,Reviewed six label-hidden random tissue patches on contact sheets; not a pathologist ground-truth annotation.
R016,outputs/0010_20260925_pathology_benchmark_subset/review_v2/R016.png,6,b9e974264ce4d5c90e0e8a50b129baf2e4b480084eb5a641f81ed5fc60d6ed99,Codex visual screening 2026-09-25,tissue visible; no gross blank/crop failure in sampled tiles,pink parenchyma with visible nuclei; variable clear spaces,uncertain; random fields do not establish focal necrosis presence or absence,Reviewed six label-hidden random tissue patches on contact sheets; not a pathologist ground-truth annotation.
R017,outputs/0010_20260925_pathology_benchmark_subset/review_v2/R017.png,6,316d9d2442e83e9ba7ec1f26c588f48a8e1716a1388c1cffca1eb822c5dcc354,Codex visual screening 2026-09-25,tissue visible; no gross blank/crop failure in sampled tiles,darker staining and conspicuous clear spaces; exact lesion type unresolved,uncertain; random fields do not establish focal necrosis presence or absence,Reviewed six label-hidden random tissue patches on contact sheets; not a pathologist ground-truth annotation.
R018,outputs/0010_20260925_pathology_benchmark_subset/review_v2/R018.png,6,24f3e3a75f3de4055f0a3294e8d8b44fb2acb4846ab73d963e8005a2fad29eb4,Codex visual screening 2026-09-25,tissue visible; no gross blank/crop failure in sampled tiles,pink parenchyma with visible nuclei; variable clear spaces,uncertain; random fields do not establish focal necrosis presence or absence,Reviewed six label-hidden random tissue patches on contact sheets; not a pathologist ground-truth annotation.
R019,outputs/0010_20260925_pathology_benchmark_subset/review_v2/R019.png,6,5bf9d573f774bafe5c54114124c9c58f47f22bd80d9cb2506be3764fb8957a08,Codex visual screening 2026-09-25,tissue visible; no gross blank/crop failure in sampled tiles,pink parenchyma with visible nuclei; variable clear spaces,uncertain; random fields do not establish focal necrosis presence or absence,Reviewed six label-hidden random tissue patches on contact sheets; not a pathologist ground-truth annotation.
R020,outputs/0010_20260925_pathology_benchmark_subset/review_v2/R020.png,6,4b893d36b21383da27f86f6f399f9108038a61cfc05914e14a6c50191e77611d,Codex visual screening 2026-09-25,tissue visible; no gross blank/crop failure in sampled tiles,predominantly continuous pink cytoplasm; relatively few clear spaces,uncertain; random fields do not establish focal necrosis presence or absence,Reviewed six label-hidden random tissue patches on contact sheets; not a pathologist ground-truth annotation.
R021,outputs/0010_20260925_pathology_benchmark_subset/review_v2/R021.png,6,090c1a283957f09e8ca4f6dd2b8cf2860fae34eb59af66b49943029a9248b017,Codex visual screening 2026-09-25,tissue visible; no gross blank/crop failure in sampled tiles,darker staining and conspicuous clear spaces; exact lesion type unresolved,uncertain; random fields do not establish focal necrosis presence or absence,Reviewed six label-hidden random tissue patches on contact sheets; not a pathologist ground-truth annotation.
R022,outputs/0010_20260925_pathology_benchmark_subset/review_v2/R022.png,6,7ffa55790d3b9a859b834f0418d50c311b1040fabfadc9463c8006c6272b2941,Codex visual screening 2026-09-25,tissue visible; no gross blank/crop failure in sampled tiles,darker staining and conspicuous clear spaces; exact lesion type unresolved,uncertain; random fields do not establish focal necrosis presence or absence,Reviewed six label-hidden random tissue patches on contact sheets; not a pathologist ground-truth annotation.
R023,outputs/0010_20260925_pathology_benchmark_subset/review_v2/R023.png,6,3f01d0894b8a84fc14dd2c708fd6994071fda8591522ebd31f4ee4741a6561fe,Codex visual screening 2026-09-25,tissue visible; no gross blank/crop failure in sampled tiles,darker staining and conspicuous clear spaces; exact lesion type unresolved,uncertain; random fields do not establish focal necrosis presence or absence,Reviewed six label-hidden random tissue patches on contact sheets; not a pathologist ground-truth annotation.
R024,outputs/0010_20260925_pathology_benchmark_subset/review_v2/R024.png,6,6e35ed532bb2b52f1cc5058caf15f942a3313cbe3209890b25e301e6dfa6a294,Codex visual screening 2026-09-25,tissue visible; no gross blank/crop failure in sampled tiles,predominantly continuous pink cytoplasm; relatively few clear spaces,uncertain; random fields do not establish focal necrosis presence or absence,Reviewed six label-hidden random tissue patches on contact sheets; not a pathologist ground-truth annotation.
R025,outputs/0010_20260925_pathology_benchmark_subset/review_v2/R025.png,6,17511db930e200e989f54552fddf2829cea32c05f8368496b00dcfd57244f7a9,Codex visual screening 2026-09-25,tissue visible; no gross blank/crop failure in sampled tiles,darker staining and conspicuous clear spaces; exact lesion type unresolved,uncertain; random fields do not establish focal necrosis presence or absence,Reviewed six label-hidden random tissue patches on contact sheets; not a pathologist ground-truth annotation.
R026,outputs/0010_20260925_pathology_benchmark_subset/review_v2/R026.png,6,d654ebad71bac9f46437082bbd3f91f11c33b6ee9f833f52b104d726b705a098,Codex visual screening 2026-09-25,tissue visible; no gross blank/crop failure in sampled tiles,pink parenchyma with visible nuclei; variable clear spaces,uncertain; random fields do not establish focal necrosis presence or absence,Reviewed six label-hidden random tissue patches on contact sheets; not a pathologist ground-truth annotation. One sampled tile is paler than adjacent fields; verify stain/focus on WSI.
R027,outputs/0010_20260925_pathology_benchmark_subset/review_v2/R027.png,6,d59532385ae5c622e40d3ce338000dde133904466e38c1ff1289852ccedd8038,Codex visual screening 2026-09-25,tissue visible; no gross blank/crop failure in sampled tiles,pink parenchyma with visible nuclei; variable clear spaces,uncertain; random fields do not establish focal necrosis presence or absence,Reviewed six label-hidden random tissue patches on contact sheets; not a pathologist ground-truth annotation.
R028,outputs/0010_20260925_pathology_benchmark_subset/review_v2/R028.png,6,7dbf9689a0c534abfdbbc936bbc3141045ef3a64aefa923e915545cefe985950,Codex visual screening 2026-09-25,tissue visible; no gross blank/crop failure in sampled tiles,pink parenchyma with visible nuclei; variable clear spaces,uncertain; random fields do not establish focal necrosis presence or absence,Reviewed six label-hidden random tissue patches on contact sheets; not a pathologist ground-truth annotation.
R029,outputs/0010_20260925_pathology_benchmark_subset/review_v2/R029.png,6,d3fce8b0b85b7d10816804e199a1cceb83a1e71137655b72cbd26f92075ca0ac,Codex visual screening 2026-09-25,tissue visible; no gross blank/crop failure in sampled tiles,darker staining and conspicuous clear spaces; exact lesion type unresolved,uncertain; random fields do not establish focal necrosis presence or absence,Reviewed six label-hidden random tissue patches on contact sheets; not a pathologist ground-truth annotation.
R030,outputs/0010_20260925_pathology_benchmark_subset/review_v2/R030.png,6,990e1e171f882de6517b2d102e1dfb44366550fa62c0f29f16945cc492343eb1,Codex visual screening 2026-09-25,tissue visible; no gross blank/crop failure in sampled tiles,pink parenchyma with visible nuclei; variable clear spaces,uncertain; random fields do not establish focal necrosis presence or absence,Reviewed six label-hidden random tissue patches on contact sheets; not a pathologist ground-truth annotation.
R031,outputs/0010_20260925_pathology_benchmark_subset/review_v2/R031.png,6,6bca1e1dc690cb6bc6909f724319bba04d4c7c3e92c4a3fdc76465cd6ac92ef5,Codex visual screening 2026-09-25,tissue visible; no gross blank/crop failure in sampled tiles,pink parenchyma with visible nuclei; variable clear spaces,uncertain; random fields do not establish focal necrosis presence or absence,Reviewed six label-hidden random tissue patches on contact sheets; not a pathologist ground-truth annotation.
R032,outputs/0010_20260925_pathology_benchmark_subset/review_v2/R032.png,6,11d2d4a34054c5205747deb2c4a24c9097617e051209666c9b6eb366ef212271,Codex visual screening 2026-09-25,tissue visible; no gross blank/crop failure in sampled tiles,darker staining and conspicuous clear spaces; exact lesion type unresolved,uncertain; random fields do not establish focal necrosis presence or absence,Reviewed six label-hidden random tissue patches on contact sheets; not a pathologist ground-truth annotation.
R033,outputs/0010_20260925_pathology_benchmark_subset/review_v2/R033.png,6,16a7b028c8f98da13bebba229c2d7e34d3e63938e3d147802cb67bcdc19b4e59,Codex visual screening 2026-09-25,tissue visible; no gross blank/crop failure in sampled tiles,pink parenchyma with visible nuclei; variable clear spaces,uncertain; random fields do not establish focal necrosis presence or absence,Reviewed six label-hidden random tissue patches on contact sheets; not a pathologist ground-truth annotation.
R034,outputs/0010_20260925_pathology_benchmark_subset/review_v2/R034.png,6,5e5e3b3b046e998489e5e33c0aa6026a3f6ef9fa11d756d422fbb43f1094be07,Codex visual screening 2026-09-25,tissue visible; no gross blank/crop failure in sampled tiles,pink parenchyma with visible nuclei; variable clear spaces,uncertain; random fields do not establish focal necrosis presence or absence,Reviewed six label-hidden random tissue patches on contact sheets; not a pathologist ground-truth annotation.
R035,outputs/0010_20260925_pathology_benchmark_subset/review_v2/R035.png,6,cb07f50223d4ede4c7f8603582c5f3607736b63ccd7a9c58933a5a55dcebcfb3,Codex visual screening 2026-09-25,tissue visible; no gross blank/crop failure in sampled tiles,pink parenchyma with visible nuclei; variable clear spaces,uncertain; random fields do not establish focal necrosis presence or absence,Reviewed six label-hidden random tissue patches on contact sheets; not a pathologist ground-truth annotation.
R036,outputs/0010_20260925_pathology_benchmark_subset/review_v2/R036.png,6,dda32de8fcbda45bd27e000385ff3370fe37642a71dd17a69789f1114505bf61,Codex visual screening 2026-09-25,tissue visible; no gross blank/crop failure in sampled tiles,pink parenchyma with visible nuclei; variable clear spaces,uncertain; random fields do not establish focal necrosis presence or absence,Reviewed six label-hidden random tissue patches on contact sheets; not a pathologist ground-truth annotation.
R037,outputs/0010_20260925_pathology_benchmark_subset/review_v2/R037.png,6,4ba3dea94802b2f417ceb3303aa75f5e8ca535f596e7f3763f4796e58cdf4392,Codex visual screening 2026-09-25,tissue visible; no gross blank/crop failure in sampled tiles,predominantly continuous pink cytoplasm; relatively few clear spaces,uncertain; random fields do not establish focal necrosis presence or absence,Reviewed six label-hidden random tissue patches on contact sheets; not a pathologist ground-truth annotation.
R038,outputs/0010_20260925_pathology_benchmark_subset/review_v2/R038.png,6,f2283f260511a1c1167be1befce18fc242abf22c9c0f5b3116260a56a6de36cb,Codex visual screening 2026-09-25,tissue visible; no gross blank/crop failure in sampled tiles,predominantly continuous pink cytoplasm; relatively few clear spaces,uncertain; random fields do not establish focal necrosis presence or absence,Reviewed six label-hidden random tissue patches on contact sheets; not a pathologist ground-truth annotation.
R039,outputs/0010_20260925_pathology_benchmark_subset/review_v2/R039.png,6,e908a2ae2adbf83a18f82d8b38c024cccdceb890df9ee03b50f4fc06d60e2396,Codex visual screening 2026-09-25,tissue visible; no gross blank/crop failure in sampled tiles,pink parenchyma with visible nuclei; variable clear spaces,uncertain; random fields do not establish focal necrosis presence or absence,Reviewed six label-hidden random tissue patches on contact sheets; not a pathologist ground-truth annotation.
R040,outputs/0010_20260925_pathology_benchmark_subset/review_v2/R040.png,6,0b093bd34adaa322a6a5aa03c60b2831286702956b894f93dc7ec80521ae1110,Codex visual screening 2026-09-25,tissue visible; no gross blank/crop failure in sampled tiles,predominantly continuous pink cytoplasm; relatively few clear spaces,uncertain; random fields do not establish focal necrosis presence or absence,Reviewed six label-hidden random tissue patches on contact sheets; not a pathologist ground-truth annotation.
R041,outputs/0010_20260925_pathology_benchmark_subset/review_v2/R041.png,6,6e81115773f0004594db494a32ff9f499ef90e86fd4566a94c6b214c0636fa81,Codex visual screening 2026-09-25,tissue visible; no gross blank/crop failure in sampled tiles,darker staining and conspicuous clear spaces; exact lesion type unresolved,uncertain; random fields do not establish focal necrosis presence or absence,Reviewed six label-hidden random tissue patches on contact sheets; not a pathologist ground-truth annotation.
R042,outputs/0010_20260925_pathology_benchmark_subset/review_v2/R042.png,6,1fddf7e39d34e5411634b405ab6fc526c83cf0164483e4b0e29352678a8d06e4,Codex visual screening 2026-09-25,tissue visible; no gross blank/crop failure in sampled tiles,darker staining and conspicuous clear spaces; exact lesion type unresolved,uncertain; random fields do not establish focal necrosis presence or absence,Reviewed six label-hidden random tissue patches on contact sheets; not a pathologist ground-truth annotation.
R043,outputs/0010_20260925_pathology_benchmark_subset/review_v2/R043.png,6,5c8550c976d04957003539e6f537f373f89475c9120c3a0d98213b92ef30a318,Codex visual screening 2026-09-25,tissue visible; no gross blank/crop failure in sampled tiles,darker staining and conspicuous clear spaces; exact lesion type unresolved,uncertain; random fields do not establish focal necrosis presence or absence,Reviewed six label-hidden random tissue patches on contact sheets; not a pathologist ground-truth annotation.
R044,outputs/0010_20260925_pathology_benchmark_subset/review_v2/R044.png,6,24ecc9cd45c5574e18d07565accf23453086a22a0b21d024f29c6ca1e16034eb,Codex visual screening 2026-09-25,tissue visible; no gross blank/crop failure in sampled tiles,predominantly continuous pink cytoplasm; relatively few clear spaces,uncertain; random fields do not establish focal necrosis presence or absence,Reviewed six label-hidden random tissue patches on contact sheets; not a pathologist ground-truth annotation.
R045,outputs/0010_20260925_pathology_benchmark_subset/review_v2/R045.png,6,35beef88faf8eefa32db781ebf707eb3336ee3ec17f417b5d6385504d73c0a51,Codex visual screening 2026-09-25,tissue visible; no gross blank/crop failure in sampled tiles,darker staining and conspicuous clear spaces; exact lesion type unresolved,uncertain; random fields do not establish focal necrosis presence or absence,Reviewed six label-hidden random tissue patches on contact sheets; not a pathologist ground-truth annotation.
R046,outputs/0010_20260925_pathology_benchmark_subset/review_v2/R046.png,6,419ed0229216942719250d8073ec8c2875b2e89c7cd2fcd833b9fa2c6ec14486,Codex visual screening 2026-09-25,tissue visible; no gross blank/crop failure in sampled tiles,darker staining and conspicuous clear spaces; exact lesion type unresolved,uncertain; random fields do not establish focal necrosis presence or absence,Reviewed six label-hidden random tissue patches on contact sheets; not a pathologist ground-truth annotation.
R047,outputs/0010_20260925_pathology_benchmark_subset/review_v2/R047.png,6,dd64990c907a720f24ad9fdb15b15ebaccf31a6c86d150e442f4df1c2e02149a,Codex visual screening 2026-09-25,tissue visible; no gross blank/crop failure in sampled tiles,pink parenchyma with visible nuclei; variable clear spaces,uncertain; random fields do not establish focal necrosis presence or absence,Reviewed six label-hidden random tissue patches on contact sheets; not a pathologist ground-truth annotation.
R048,outputs/0010_20260925_pathology_benchmark_subset/review_v2/R048.png,6,f4e0ecf3fa16d8606aa0ab73822f44c73d3ec6a1ee4acc9b01dcdb12e8ce7048,Codex visual screening 2026-09-25,tissue visible; no gross blank/crop failure in sampled tiles,darker staining and conspicuous clear spaces; exact lesion type unresolved,uncertain; random fields do not establish focal necrosis presence or absence,Reviewed six label-hidden random tissue patches on contact sheets; not a pathologist ground-truth annotation.
R049,outputs/0010_20260925_pathology_benchmark_subset/review_v2/R049.png,6,2a54a10db3c2548ad21a0b12d4c294e9f0a3538fc2585f918e20e3c2fc737d1d,Codex visual screening 2026-09-25,tissue visible; no gross blank/crop failure in sampled tiles,pink parenchyma with visible nuclei; variable clear spaces,uncertain; random fields do not establish focal necrosis presence or absence,Reviewed six label-hidden random tissue patches on contact sheets; not a pathologist ground-truth annotation.
R050,outputs/0010_20260925_pathology_benchmark_subset/review_v2/R050.png,6,5ca1a4f338e8bf16a371e3e9c674b19f04d34f2beee6f6ebbc2ef4e3477a1c2c,Codex visual screening 2026-09-25,tissue visible; no gross blank/crop failure in sampled tiles,predominantly continuous pink cytoplasm; relatively few clear spaces,uncertain; random fields do not establish focal necrosis presence or absence,Reviewed six label-hidden random tissue patches on contact sheets; not a pathologist ground-truth annotation.
R051,outputs/0010_20260925_pathology_benchmark_subset/review_v2/R051.png,6,c936b48c5aad048676369527242255d62b4d6a1e78faa8e7436a0a7335675b5e,Codex visual screening 2026-09-25,tissue visible; no gross blank/crop failure in sampled tiles,pink parenchyma with visible nuclei; variable clear spaces,uncertain; random fields do not establish focal necrosis presence or absence,Reviewed six label-hidden random tissue patches on contact sheets; not a pathologist ground-truth annotation.
R052,outputs/0010_20260925_pathology_benchmark_subset/review_v2/R052.png,6,fda3696a0d81f5970c0c39bd954a7c637c7c9a5f9eef94eca488c82849414f24,Codex visual screening 2026-09-25,tissue visible; no gross blank/crop failure in sampled tiles,pink parenchyma with visible nuclei; variable clear spaces,uncertain; random fields do not establish focal necrosis presence or absence,Reviewed six label-hidden random tissue patches on contact sheets; not a pathologist ground-truth annotation.
R053,outputs/0010_20260925_pathology_benchmark_subset/review_v2/R053.png,6,0629d6c958390cc5baf435bed1b8577f381f68967c70d1d2ba20a491f9b948d4,Codex visual screening 2026-09-25,tissue visible; no gross blank/crop failure in sampled tiles,darker staining and conspicuous clear spaces; exact lesion type unresolved,uncertain; random fields do not establish focal necrosis presence or absence,Reviewed six label-hidden random tissue patches on contact sheets; not a pathologist ground-truth annotation.
R054,outputs/0010_20260925_pathology_benchmark_subset/review_v2/R054.png,6,b8f1b72afc2d090a7d36ceb43efbd76b562412e27ff3636470ce9ac541f905eb,Codex visual screening 2026-09-25,tissue visible; no gross blank/crop failure in sampled tiles,pink parenchyma with visible nuclei; variable clear spaces,uncertain; random fields do not establish focal necrosis presence or absence,Reviewed six label-hidden random tissue patches on contact sheets; not a pathologist ground-truth annotation.
