compound_name,n_selected_clusters,n_slides,n_with_finding,auroc
1% cholesterol + 0.25% sodium cholate,326,40,22,0.2588383838383838
WY-14643,325,80,61,0.9922346850733391
acetamide,331,80,33,0.5219213410702772
acetamidofluorene,315,80,61,0.9905090595340811
acetaminophen,331,80,24,0.8630952380952381
allyl alcohol,329,80,17,0.8515406162464986
amitriptyline,320,79,21,0.9006568144499179
aspirin,335,80,27,0.6708595387840671
benzbromarone,327,76,49,0.8654572940287226
bucetin,328,80,14,0.9945887445887447
carbon tetrachloride,315,80,60,0.9183333333333333
clofibrate,311,79,24,0.9295454545454546
diltiazem,315,79,36,0.9709302325581396
disopyramide,327,79,14,0.8747252747252747
ethambutol,316,78,34,0.9933155080213903
ethinylestradiol,328,80,34,0.8452685421994884
ethionamide,332,72,45,0.831275720164609
ethionine,330,80,51,0.8106828938471939
fenofibrate,313,80,46,0.9993606138107417
gemfibrozil,326,80,49,0.8235681369321922
hexachlorobenzene,333,80,48,0.9303385416666666
ibuprofen,327,78,14,0.9430803571428572
iproniazid,332,80,15,0.9241025641025641
lomustine,327,79,23,0.8027950310559007
lornoxicam,327,71,10,0.8524590163934426
mefenamic acid,331,78,8,0.7839285714285714
methapyrilene,325,79,35,0.924025974025974
methylene dianiline,316,80,30,0.892
monocrotaline,323,74,15,0.9615819209039549
naphthyl isothiocyanate,313,80,23,0.96186117467582
naproxen,332,73,11,0.969208211143695
nitrosodiethylamine,329,71,34,0.9292527821939587
papaverine,329,79,24,0.903030303030303
phalloidin,337,20,10,1.0
phenacetin,335,80,23,0.9481311975591151
phenobarbital,334,80,37,0.923318667504714
phenytoin,331,80,22,0.9090909090909092
promethazine,326,80,32,0.8502604166666667
rosiglitazone maleate,333,80,3,0.8095238095238095
sulfasalazine,332,80,23,0.8794813119755912
theophylline,327,75,3,0.6157407407407407
thioacetamide,333,80,42,0.9887218045112782
ticlopidine,318,80,42,0.9743107769423559
vitamin A,332,78,38,0.6026315789473684
