compound_name,cluster_id,p_value,rank_effect,presence_difference,mean_occupancy_difference,treated_carriers,control_carriers,treated_slides,control_slides,control_q95,strata,q_value,supported
1% cholesterol + 0.25% sodium cholate,95,1.0,0.5,0.0,0.0,0,0,20,20,0.0,4,1.0,False
1% cholesterol + 0.25% sodium cholate,147,1.0,0.5,0.0,0.0,0,0,20,20,0.0,4,1.0,False
1% cholesterol + 0.25% sodium cholate,209,1.0,0.5,0.0,0.0,0,0,20,20,0.0,4,1.0,False
1% cholesterol + 0.25% sodium cholate,271,1.0,0.5,0.0,0.0,0,0,20,20,0.0,4,1.0,False
1% cholesterol + 0.25% sodium cholate,535,4.0398121389543405e-05,0.8,0.4,0.015525621298273678,8,0,20,20,4.6838476977626986e-05,4,0.008172493522482343,True
1% cholesterol + 0.25% sodium cholate,697,1.0,0.5,0.0,0.0,0,0,20,20,0.0,4,1.0,False
1% cholesterol + 0.25% sodium cholate,703,0.0002594541188211591,0.775,0.45,0.01631575899909751,9,0,20,20,0.00012699449576008214,4,0.036386791391836495,True
1% cholesterol + 0.25% sodium cholate,801,1.0,0.5,0.0,0.0,0,0,20,20,0.0,4,1.0,False
1% cholesterol + 0.25% sodium cholate,846,6.2318583861648775e-06,0.85,0.45,0.01947576002576732,9,0,20,20,5.03981453482519e-06,4,0.0017629108916401232,True
1% cholesterol + 0.25% sodium cholate,1356,2.7700190538778263e-05,0.775,0.45,0.0317105861279006,9,0,20,20,0.0,4,0.005930941039933058,True
1% cholesterol + 0.25% sodium cholate,1425,0.841344746068543,0.475,0.0,-3.3044742581455286e-06,0,0,20,20,3.3044742581455756e-06,4,1.0,False
1% cholesterol + 0.25% sodium cholate,1625,1.0,0.5,0.0,0.0,0,0,20,20,0.0,4,1.0,False
WY-14643,95,0.2034877067193247,0.5633333333333334,0.31666666666666665,0.00018034211440626897,49,10,60,20,0.0031844847249327436,4,1.0,False
WY-14643,147,1.0,0.5,0.0,0.0,0,0,60,20,0.0,4,1.0,False
WY-14643,209,1.9001743854733646e-08,0.9,0.5166666666666667,0.022169406438816083,31,0,60,20,0.0,4,1.240594906104636e-05,True
WY-14643,271,9.53009893708488e-09,0.8916666666666667,0.6,0.05752201158734204,36,0,60,20,0.0,4,7.29259744750843e-06,True
WY-14643,535,1.0,0.5,0.0,0.0,0,0,60,20,0.0,4,1.0,False
WY-14643,697,0.11511871969659443,0.5333333333333333,0.0,5.5412951294920035e-06,0,0,60,20,0.0,4,1.0,False
WY-14643,703,1.0,0.5,0.0,0.0,0,0,60,20,0.0,4,1.0,False
WY-14643,801,3.7780976283694336e-07,0.85,0.4,0.02090834784971596,24,0,60,20,0.0,4,0.00016218175185195617,True
WY-14643,846,1.0,0.5,0.0,0.0,0,0,60,20,0.0,4,1.0,False
WY-14643,1356,1.0,0.5,0.0,0.0,0,0,60,20,0.0,4,1.0,False
WY-14643,1425,1.1592715255724463e-08,0.9266666666666666,0.41666666666666663,0.010481830110395855,58,11,60,20,0.004713900028030193,4,8.431065640526883e-06,False
WY-14643,1625,1.0,0.5,0.0,0.0,0,0,60,20,0.0,4,1.0,False
acetamide,95,1.0,0.5,0.0,0.0,0,0,60,20,0.0,4,1.0,False
acetamide,147,1.0,0.5,0.0,0.0,0,0,60,20,0.0,4,1.0,False
acetamide,209,1.0,0.5,0.0,0.0,0,0,60,20,0.0,4,1.0,False
acetamide,271,1.0,0.5,0.0,0.0,0,0,60,20,0.0,4,1.0,False
acetamide,535,0.28185143082538655,0.5083333333333333,0.0,1.0610304727951785e-06,0,0,60,20,0.0,4,1.0,False
acetamide,697,1.0,0.5,0.0,0.0,0,0,60,20,0.0,4,1.0,False
acetamide,703,0.15455405857356525,0.525,0.0,5.303992226559351e-06,0,0,60,20,0.0,4,1.0,False
acetamide,801,1.0,0.5,0.0,0.0,0,0,60,20,0.0,4,1.0,False
acetamide,846,0.9886819182678238,0.43666666666666665,0.0,-6.629032673665861e-06,0,0,60,20,5.462320394213171e-05,4,1.0,False
acetamide,1356,0.7928919108787373,0.48333333333333334,0.0,1.5274688077794645e-06,0,0,60,20,2.716653083401288e-06,4,1.0,False
acetamide,1425,1.0,0.5,0.0,0.0,0,0,60,20,0.0,4,1.0,False
acetamide,1625,1.0,0.5,0.0,0.0,0,0,60,20,0.0,4,1.0,False
acetamidofluorene,95,0.14615521807313764,0.525,0.016666666666666666,8.192021745652616e-05,1,0,60,20,0.0,4,1.0,False
acetamidofluorene,147,1.0,0.5,0.0,0.0,0,0,60,20,0.0,4,1.0,False
acetamidofluorene,209,1.0,0.5,0.0,0.0,0,0,60,20,0.0,4,1.0,False
acetamidofluorene,271,1.0,0.5,0.0,0.0,0,0,60,20,0.0,4,1.0,False
acetamidofluorene,535,1.0,0.5,0.0,0.0,0,0,60,20,0.0,4,1.0,False
acetamidofluorene,697,1.0,0.5,0.0,0.0,0,0,60,20,0.0,4,1.0,False
acetamidofluorene,703,1.0,0.5,0.0,0.0,0,0,60,20,0.0,4,1.0,False
acetamidofluorene,801,1.0,0.5,0.0,0.0,0,0,60,20,0.0,4,1.0,False
acetamidofluorene,846,1.0,0.5,0.0,0.0,0,0,60,20,0.0,4,1.0,False
acetamidofluorene,1356,1.0,0.5,0.0,0.0,0,0,60,20,0.0,4,1.0,False
acetamidofluorene,1425,0.1737254214447187,0.5366666666666666,0.0,1.2612677020651255e-05,0,0,60,20,2.1782695826435785e-06,4,1.0,False
acetamidofluorene,1625,1.0,0.5,0.0,0.0,0,0,60,20,0.0,4,1.0,False
acetaminophen,95,0.012389721294383376,0.6083333333333333,0.0,1.623929959864279e-05,0,0,60,20,0.0,4,0.6095614722408425,False
acetaminophen,147,1.0,0.5,0.0,0.0,0,0,60,20,0.0,4,1.0,False
acetaminophen,209,1.0,0.5,0.0,0.0,0,0,60,20,0.0,4,1.0,False
acetaminophen,271,1.0,0.5,0.0,0.0,0,0,60,20,0.0,4,1.0,False
acetaminophen,535,1.0,0.5,0.0,0.0,0,0,60,20,0.0,4,1.0,False
acetaminophen,697,1.0,0.5,0.0,0.0,0,0,60,20,0.0,4,1.0,False
acetaminophen,703,1.0,0.5,0.0,0.0,0,0,60,20,0.0,4,1.0,False
acetaminophen,801,1.0,0.5,0.0,0.0,0,0,60,20,0.0,4,1.0,False
acetaminophen,846,1.0,0.5,0.0,0.0,0,0,60,20,0.0,4,1.0,False
acetaminophen,1356,1.0,0.5,0.0,0.0,0,0,60,20,0.0,4,1.0,False
acetaminophen,1425,0.28185143082538655,0.5083333333333333,0.0,7.836130832040371e-07,0,0,60,20,0.0,4,1.0,False
acetaminophen,1625,1.0,0.5,0.0,0.0,0,0,60,20,0.0,4,1.0,False
allyl alcohol,95,0.1655362631672176,0.5583333333333333,0.0,-2.0325816113732562e-06,0,0,60,20,0.0002113291300239678,4,1.0,False
allyl alcohol,147,0.28185143082538655,0.5083333333333333,0.0,8.836107871204892e-07,0,0,60,20,0.0,4,1.0,False
allyl alcohol,209,1.0,0.5,0.0,0.0,0,0,60,20,0.0,4,1.0,False
allyl alcohol,271,1.0,0.5,0.0,0.0,0,0,60,20,0.0,4,1.0,False
allyl alcohol,535,1.0,0.5,0.0,0.0,0,0,60,20,0.0,4,1.0,False
allyl alcohol,697,1.0,0.5,0.0,0.0,0,0,60,20,0.0,4,1.0,False
allyl alcohol,703,1.0,0.5,0.0,0.0,0,0,60,20,0.0,4,1.0,False
allyl alcohol,801,1.0,0.5,0.0,0.0,0,0,60,20,0.0,4,1.0,False
allyl alcohol,846,1.0,0.5,0.0,0.0,0,0,60,20,0.0,4,1.0,False
allyl alcohol,1356,1.0,0.5,0.0,0.0,0,0,60,20,0.0,4,1.0,False
allyl alcohol,1425,0.09162508130093677,0.5416666666666666,0.016666666666666666,3.916691769501774e-05,1,0,60,20,0.0,4,1.0,False
allyl alcohol,1625,1.0,0.5,0.0,0.0,0,0,60,20,0.0,4,1.0,False
amitriptyline,95,0.03077004026673671,0.5677966101694916,0.0,1.44189765375787e-05,0,0,59,20,0.0,4,1.0,False
amitriptyline,147,1.0,0.5,0.0,0.0,0,0,59,20,0.0,4,1.0,False
amitriptyline,209,1.0,0.5,0.0,0.0,0,0,59,20,0.0,4,1.0,False
amitriptyline,271,0.28185143082538655,0.5084745762711864,0.0,4.2207568379778075e-06,0,0,59,20,0.0,4,1.0,False
amitriptyline,535,0.27504865861519845,0.5084745762711864,0.0,9.354869490215742e-07,0,0,59,20,0.0,4,1.0,False
amitriptyline,697,1.0,0.5,0.0,0.0,0,0,59,20,0.0,4,1.0,False
amitriptyline,703,0.11382129157830972,0.5338983050847458,0.0,4.056867947607724e-06,0,0,59,20,0.0,4,1.0,False
amitriptyline,801,1.0,0.5,0.0,0.0,0,0,59,20,0.0,4,1.0,False
amitriptyline,846,1.0,0.5,0.0,0.0,0,0,59,20,0.0,4,1.0,False
amitriptyline,1356,0.27504865861519845,0.5084745762711864,0.0,3.741947796086297e-06,0,0,59,20,0.0,4,1.0,False
amitriptyline,1425,0.051958635470403865,0.5779661016949152,0.03389830508474576,7.158700501099081e-05,2,0,59,20,6.57735022916664e-05,4,1.0,False
amitriptyline,1625,0.27504865861519845,0.5084745762711864,0.0,1.2161330337280463e-05,0,0,59,20,0.0,4,1.0,False
aspirin,95,0.3163699717369517,0.5283333333333333,0.0,2.1457873212082823e-05,0,0,60,20,0.00019252964649922586,4,1.0,False
aspirin,147,1.0,0.5,0.0,0.0,0,0,60,20,0.0,4,1.0,False
aspirin,209,1.0,0.5,0.0,0.0,0,0,60,20,0.0,4,1.0,False
aspirin,271,1.0,0.5,0.0,0.0,0,0,60,20,0.0,4,1.0,False
aspirin,535,1.0,0.5,0.0,0.0,0,0,60,20,0.0,4,1.0,False
aspirin,697,1.0,0.5,0.0,0.0,0,0,60,20,0.0,4,1.0,False
aspirin,703,1.0,0.5,0.0,0.0,0,0,60,20,0.0,4,1.0,False
aspirin,801,1.0,0.5,0.0,0.0,0,0,60,20,0.0,4,1.0,False
aspirin,846,1.0,0.5,0.0,0.0,0,0,60,20,0.0,4,1.0,False
aspirin,1356,1.0,0.5,0.0,0.0,0,0,60,20,0.0,4,1.0,False
aspirin,1425,0.6579365499735992,0.49,0.0,-8.496799780960562e-07,0,0,60,20,2.306911506874629e-06,4,1.0,False
aspirin,1625,1.0,0.5,0.0,0.0,0,0,60,20,0.0,4,1.0,False
benzbromarone,95,0.9028513727839553,0.4642857142857143,0.0,-1.204617261609053e-05,0,0,56,20,0.00013642826071926043,4,1.0,False
benzbromarone,147,1.0,0.5,0.0,0.0,0,0,56,20,0.0,4,1.0,False
benzbromarone,209,1.0,0.5,0.0,0.0,0,0,56,20,0.0,4,1.0,False
benzbromarone,271,1.0,0.5,0.0,0.0,0,0,56,20,0.0,4,1.0,False
benzbromarone,535,1.0,0.5,0.0,0.0,0,0,56,20,0.0,4,1.0,False
benzbromarone,697,1.0,0.5,0.0,0.0,0,0,56,20,0.0,4,1.0,False
benzbromarone,703,1.0,0.5,0.0,0.0,0,0,56,20,0.0,4,1.0,False
benzbromarone,801,1.0,0.5,0.0,0.0,0,0,56,20,0.0,4,1.0,False
benzbromarone,846,1.0,0.5,0.0,0.0,0,0,56,20,0.0,4,1.0,False
benzbromarone,1356,1.0,0.5,0.0,0.0,0,0,56,20,0.0,4,1.0,False
benzbromarone,1425,1.0,0.5,0.0,0.0,0,0,56,20,0.0,4,1.0,False
benzbromarone,1625,1.0,0.5,0.0,0.0,0,0,56,20,0.0,4,1.0,False
bucetin,95,0.4727905680953336,0.5033333333333333,0.0,8.076553978399227e-08,0,0,60,20,0.0001115633619812874,4,1.0,False
bucetin,147,1.0,0.5,0.0,0.0,0,0,60,20,0.0,4,1.0,False
bucetin,209,1.0,0.5,0.0,0.0,0,0,60,20,0.0,4,1.0,False
bucetin,271,1.0,0.5,0.0,0.0,0,0,60,20,0.0,4,1.0,False
bucetin,535,1.0,0.5,0.0,0.0,0,0,60,20,0.0,4,1.0,False
bucetin,697,1.0,0.5,0.0,0.0,0,0,60,20,0.0,4,1.0,False
bucetin,703,0.28185143082538655,0.5083333333333333,0.0,1.8031663601283853e-06,0,0,60,20,0.0,4,1.0,False
bucetin,801,1.0,0.5,0.0,0.0,0,0,60,20,0.0,4,1.0,False
bucetin,846,1.0,0.5,0.0,0.0,0,0,60,20,0.0,4,1.0,False
bucetin,1356,1.0,0.5,0.0,0.0,0,0,60,20,0.0,4,1.0,False
bucetin,1425,0.9145484835473453,0.43666666666666665,0.016666666666666666,-1.2062595231313993e-05,1,0,60,20,0.0003150366734233095,4,1.0,False
bucetin,1625,1.0,0.5,0.0,0.0,0,0,60,20,0.0,4,1.0,False
carbon tetrachloride,95,0.8072768271618608,0.4483333333333333,0.0,-1.0449684593065682e-05,0,0,60,20,0.0001049590089480625,4,1.0,False
carbon tetrachloride,147,4.365911714361157e-09,0.925,0.6833333333333333,0.08181239595094075,41,0,60,20,0.0,4,4.176089465910672e-06,True
carbon tetrachloride,209,1.0,0.5,0.0,0.0,0,0,60,20,0.0,4,1.0,False
carbon tetrachloride,271,1.0,0.5,0.0,0.0,0,0,60,20,0.0,4,1.0,False
carbon tetrachloride,535,1.0,0.5,0.0,0.0,0,0,60,20,0.0,4,1.0,False
carbon tetrachloride,697,2.1074295427907325e-11,1.0,0.9333333333333333,0.08519651832465726,56,0,60,20,0.0,4,2.2060967106618703e-07,True
carbon tetrachloride,703,1.0,0.5,0.0,0.0,0,0,60,20,0.0,4,1.0,False
carbon tetrachloride,801,1.0,0.5,0.0,0.0,0,0,60,20,0.0,4,1.0,False
carbon tetrachloride,846,1.0,0.5,0.0,0.0,0,0,60,20,0.0,4,1.0,False
carbon tetrachloride,1356,1.0,0.5,0.0,0.0,0,0,60,20,0.0,4,1.0,False
carbon tetrachloride,1425,0.04179708908847876,0.5666666666666667,0.0,8.530910953705753e-06,0,0,60,20,0.0,4,1.0,False
carbon tetrachloride,1625,2.6470648614271643e-10,0.9666666666666667,0.8666666666666667,0.09865392448528218,52,0,60,20,2.286864251738049e-06,4,6.13004494225238e-07,True
clofibrate,95,0.014058978612566355,0.6474576271186441,0.0,4.820292416402089e-05,0,0,59,20,9.265875780998388e-05,4,0.6655137804765139,False
clofibrate,147,1.0,0.5,0.0,0.0,0,0,59,20,0.0,4,1.0,False
clofibrate,209,1.0,0.5,0.0,0.0,0,0,59,20,0.0,4,1.0,False
clofibrate,271,1.0,0.5,0.0,0.0,0,0,59,20,0.0,4,1.0,False
clofibrate,535,1.0,0.5,0.0,0.0,0,0,59,20,0.0,4,1.0,False
clofibrate,697,1.0,0.5,0.0,0.0,0,0,59,20,0.0,4,1.0,False
clofibrate,703,1.0,0.5,0.0,0.0,0,0,59,20,0.0,4,1.0,False
clofibrate,801,0.15175979419879126,0.5254237288135594,0.0,2.2228192300283906e-06,0,0,59,20,0.0,4,1.0,False
clofibrate,846,1.0,0.5,0.0,0.0,0,0,59,20,0.0,4,1.0,False
clofibrate,1356,1.0,0.5,0.0,0.0,0,0,59,20,0.0,4,1.0,False
clofibrate,1425,0.08430369004233867,0.576271186440678,0.01694915254237288,5.6885738931574906e-05,1,0,59,20,5.404310130912588e-05,4,1.0,False
clofibrate,1625,1.0,0.5,0.0,0.0,0,0,59,20,0.0,4,1.0,False
diltiazem,95,0.026910889869134327,0.6237288135593221,0.0,3.981569830069472e-05,0,0,59,20,7.353006972354661e-05,4,0.9972603777372779,False
diltiazem,147,1.0,0.5,0.0,0.0,0,0,59,20,0.0,4,1.0,False
diltiazem,209,0.28185143082538655,0.5084745762711864,0.0,5.217799653885956e-06,0,0,59,20,0.0,4,1.0,False
diltiazem,271,0.28185143082538655,0.5084745762711864,0.0,1.8971516165628926e-06,0,0,59,20,0.0,4,1.0,False
diltiazem,535,0.15455405857356525,0.5254237288135594,0.01694915254237288,3.536317130324219e-05,1,0,59,20,0.0,4,1.0,False
diltiazem,697,0.28185143082538655,0.5084745762711864,0.0,1.8604997302275392e-06,0,0,59,20,0.0,4,1.0,False
diltiazem,703,0.09162508130093677,0.5423728813559322,0.0,2.2074343776677493e-05,0,0,59,20,0.0,4,1.0,False
diltiazem,801,0.15455405857356525,0.5254237288135594,0.01694915254237288,4.72632252835183e-05,1,0,59,20,0.0,4,1.0,False
diltiazem,846,0.45225157707274644,0.5033898305084745,0.0,8.317887653092933e-07,0,0,59,20,4.048910842983296e-06,4,1.0,False
diltiazem,1356,0.2071080891212626,0.5169491525423728,0.0,1.1272954040371294e-05,0,0,59,20,0.0,4,1.0,False
diltiazem,1425,0.000478230619443125,0.7067796610169491,0.0,0.000114787330016922,0,0,59,20,3.867275117951946e-06,4,0.05721227297276957,False
diltiazem,1625,0.28185143082538655,0.5084745762711864,0.0,1.8604997302275392e-06,0,0,59,20,0.0,4,1.0,False
disopyramide,95,1.0,0.5,0.0,0.0,0,0,59,20,0.0,4,1.0,False
disopyramide,147,1.0,0.5,0.0,0.0,0,0,59,20,0.0,4,1.0,False
disopyramide,209,1.0,0.5,0.0,0.0,0,0,59,20,0.0,4,1.0,False
disopyramide,271,1.0,0.5,0.0,0.0,0,0,59,20,0.0,4,1.0,False
disopyramide,535,1.0,0.5,0.0,0.0,0,0,59,20,0.0,4,1.0,False
disopyramide,697,1.0,0.5,0.0,0.0,0,0,59,20,0.0,4,1.0,False
disopyramide,703,1.0,0.5,0.0,0.0,0,0,59,20,0.0,4,1.0,False
disopyramide,801,1.0,0.5,0.0,0.0,0,0,59,20,0.0,4,1.0,False
disopyramide,846,1.0,0.5,0.0,0.0,0,0,59,20,0.0,4,1.0,False
disopyramide,1356,1.0,0.5,0.0,0.0,0,0,59,20,0.0,4,1.0,False
disopyramide,1425,1.0,0.5,0.0,0.0,0,0,59,20,0.0,4,1.0,False
disopyramide,1625,1.0,0.5,0.0,0.0,0,0,59,20,0.0,4,1.0,False
ethambutol,95,1.0,0.5,0.0,0.0,0,0,58,20,0.0,4,1.0,False
ethambutol,147,1.0,0.5,0.0,0.0,0,0,58,20,0.0,4,1.0,False
ethambutol,209,1.0,0.5,0.0,0.0,0,0,58,20,0.0,4,1.0,False
ethambutol,271,1.0,0.5,0.0,0.0,0,0,58,20,0.0,4,1.0,False
ethambutol,535,1.0,0.5,0.0,0.0,0,0,58,20,0.0,4,1.0,False
ethambutol,697,1.0,0.5,0.0,0.0,0,0,58,20,0.0,4,1.0,False
ethambutol,703,1.0,0.5,0.0,0.0,0,0,58,20,0.0,4,1.0,False
ethambutol,801,1.0,0.5,0.0,0.0,0,0,58,20,0.0,4,1.0,False
ethambutol,846,1.0,0.5,0.0,0.0,0,0,58,20,0.0,4,1.0,False
ethambutol,1356,0.1984632613896407,0.5172413793103449,0.0,2.539158388623222e-06,0,0,58,20,0.0,4,1.0,False
ethambutol,1425,1.0,0.5,0.0,0.0,0,0,58,20,0.0,4,1.0,False
ethambutol,1625,1.0,0.5,0.0,0.0,0,0,58,20,0.0,4,1.0,False
ethinylestradiol,95,0.0022781749015925654,0.7166666666666667,0.13333333333333336,0.00035356667311509007,29,7,60,20,0.001540128994131361,4,0.18582208643372608,False
ethinylestradiol,147,0.2010974111697425,0.5166666666666667,0.0,1.1357237295176562e-05,0,0,60,20,0.0,4,1.0,False
ethinylestradiol,209,0.28185143082538655,0.5083333333333333,0.0,1.0206789556412925e-06,0,0,60,20,0.0,4,1.0,False
ethinylestradiol,271,0.28185143082538655,0.5083333333333333,0.0,9.79585439442028e-07,0,0,60,20,0.0,4,1.0,False
ethinylestradiol,535,1.0,0.5,0.0,0.0,0,0,60,20,0.0,4,1.0,False
ethinylestradiol,697,0.5834054968464957,0.495,0.016666666666666666,4.196751376955381e-05,1,0,60,20,3.4354816545280138e-06,4,1.0,False
ethinylestradiol,703,1.0,0.5,0.0,0.0,0,0,60,20,0.0,4,1.0,False
ethinylestradiol,801,1.0,0.5,0.0,0.0,0,0,60,20,0.0,4,1.0,False
ethinylestradiol,846,1.0,0.5,0.0,0.0,0,0,60,20,0.0,4,1.0,False
ethinylestradiol,1356,1.0,0.5,0.0,0.0,0,0,60,20,0.0,4,1.0,False
ethinylestradiol,1425,2.826991629082763e-06,0.8466666666666667,0.38333333333333336,0.0013256254870727103,41,6,60,20,0.0022432840231323857,4,0.0008884830834260112,False
ethinylestradiol,1625,0.05323958643047581,0.55,0.016666666666666666,7.501553178697323e-05,1,0,60,20,0.0,4,1.0,False
ethionamide,95,0.6019160456254675,0.49038461538461536,0.0,-7.639630698425451e-07,0,0,52,20,2.5971327654270057e-06,4,1.0,False
ethionamide,147,0.19456453342637098,0.5192307692307693,0.0,3.7056728039369926e-06,0,0,52,20,0.0,4,1.0,False
ethionamide,209,1.0,0.5,0.0,0.0,0,0,52,20,0.0,4,1.0,False
ethionamide,271,1.0,0.5,0.0,0.0,0,0,52,20,0.0,4,1.0,False
ethionamide,535,1.0,0.5,0.0,0.0,0,0,52,20,0.0,4,1.0,False
ethionamide,697,0.27504865861519845,0.5096153846153846,0.0,1.1754748918563097e-06,0,0,52,20,0.0,4,1.0,False
ethionamide,703,1.0,0.5,0.0,0.0,0,0,52,20,0.0,4,1.0,False
ethionamide,801,1.0,0.5,0.0,0.0,0,0,52,20,0.0,4,1.0,False
ethionamide,846,1.0,0.5,0.0,0.0,0,0,52,20,0.0,4,1.0,False
ethionamide,1356,1.0,0.5,0.0,0.0,0,0,52,20,0.0,4,1.0,False
ethionamide,1425,1.0,0.5,0.0,0.0,0,0,52,20,0.0,4,1.0,False
ethionamide,1625,0.27504865861519845,0.5096153846153846,0.0,2.3509497837126195e-06,0,0,52,20,0.0,4,1.0,False
ethionine,95,0.997729420046574,0.33666666666666667,0.0,-2.6604198079200826e-05,0,0,60,20,0.00015419258886655593,4,1.0,False
ethionine,147,1.0,0.5,0.0,0.0,0,0,60,20,0.0,4,1.0,False
ethionine,209,1.0,0.5,0.0,0.0,0,0,60,20,0.0,4,1.0,False
ethionine,271,1.0,0.5,0.0,0.0,0,0,60,20,0.0,4,1.0,False
ethionine,535,1.0,0.5,0.0,0.0,0,0,60,20,0.0,4,1.0,False
ethionine,697,1.0,0.5,0.0,0.0,0,0,60,20,0.0,4,1.0,False
ethionine,703,1.0,0.5,0.0,0.0,0,0,60,20,0.0,4,1.0,False
ethionine,801,1.0,0.5,0.0,0.0,0,0,60,20,0.0,4,1.0,False
ethionine,846,1.0,0.5,0.0,0.0,0,0,60,20,0.0,4,1.0,False
ethionine,1356,1.0,0.5,0.0,0.0,0,0,60,20,0.0,4,1.0,False
ethionine,1425,0.9522096477271853,0.4583333333333333,0.0,-6.020824203694259e-06,0,0,60,20,5.445126888173626e-05,4,1.0,False
ethionine,1625,1.0,0.5,0.0,0.0,0,0,60,20,0.0,4,1.0,False
fenofibrate,95,0.014901306533048869,0.6516666666666666,0.0,7.692000909277508e-05,0,0,60,20,0.00018750906810927344,4,0.6898027222032092,False
fenofibrate,147,1.0,0.5,0.0,0.0,0,0,60,20,0.0,4,1.0,False
fenofibrate,209,0.003357270946539914,0.6416666666666667,0.0,4.960175836845756e-05,0,0,60,20,0.0,4,0.24847758056813493,False
fenofibrate,271,0.002416120434448068,0.65,0.03333333333333333,0.00010525062130488181,2,0,60,20,0.0,4,0.1944004237087507,False
fenofibrate,535,1.0,0.5,0.0,0.0,0,0,60,20,0.0,4,1.0,False
fenofibrate,697,1.0,0.5,0.0,0.0,0,0,60,20,0.0,4,1.0,False
fenofibrate,703,1.0,0.5,0.0,0.0,0,0,60,20,0.0,4,1.0,False
fenofibrate,801,0.009988364796411756,0.6083333333333333,0.0,3.068395127964504e-05,0,0,60,20,0.0,4,0.5269640899785578,False
fenofibrate,846,1.0,0.5,0.0,0.0,0,0,60,20,0.0,4,1.0,False
fenofibrate,1356,1.0,0.5,0.0,0.0,0,0,60,20,0.0,4,1.0,False
fenofibrate,1425,4.6739145434095675e-05,0.7933333333333333,0.48333333333333334,0.0014619585322255702,29,0,60,20,0.0001685172576336878,4,0.00926029649436248,True
fenofibrate,1625,1.0,0.5,0.0,0.0,0,0,60,20,0.0,4,1.0,False
gemfibrozil,95,0.10281674348176528,0.5966666666666667,0.08333333333333337,0.00039286502534371893,41,12,60,20,0.002557767989828593,4,1.0,False
gemfibrozil,147,1.0,0.5,0.0,0.0,0,0,60,20,0.0,4,1.0,False
gemfibrozil,209,0.0008770023721821394,0.6333333333333333,0.11666666666666667,0.0003236580603038988,7,0,60,20,0.0,4,0.09133279142251866,False
gemfibrozil,271,0.003644550731530106,0.6166666666666667,0.13333333333333333,0.000542918448379713,8,0,60,20,0.0,4,0.2628856265365978,False
gemfibrozil,535,1.0,0.5,0.0,0.0,0,0,60,20,0.0,4,1.0,False
gemfibrozil,697,1.0,0.5,0.0,0.0,0,0,60,20,0.0,4,1.0,False
gemfibrozil,703,1.0,0.5,0.0,0.0,0,0,60,20,0.0,4,1.0,False
gemfibrozil,801,0.036537524584535366,0.5583333333333333,0.06666666666666667,0.0001769030772244561,4,0,60,20,0.0,4,1.0,False
gemfibrozil,846,1.0,0.5,0.0,0.0,0,0,60,20,0.0,4,1.0,False
gemfibrozil,1356,1.0,0.5,0.0,0.0,0,0,60,20,0.0,4,1.0,False
gemfibrozil,1425,0.44791018283928924,0.51,0.050000000000000044,0.00039158675443603727,39,12,60,20,0.007430956505339487,4,1.0,False
gemfibrozil,1625,1.0,0.5,0.0,0.0,0,0,60,20,0.0,4,1.0,False
hexachlorobenzene,95,0.9347247730106794,0.4483333333333333,0.0,-8.202819061851409e-06,0,0,60,20,6.626727299128005e-05,4,1.0,False
hexachlorobenzene,147,1.0,0.5,0.0,0.0,0,0,60,20,0.0,4,1.0,False
hexachlorobenzene,209,1.0,0.5,0.0,0.0,0,0,60,20,0.0,4,1.0,False
hexachlorobenzene,271,1.0,0.5,0.0,0.0,0,0,60,20,0.0,4,1.0,False
hexachlorobenzene,535,1.0,0.5,0.0,0.0,0,0,60,20,0.0,4,1.0,False
hexachlorobenzene,697,1.0,0.5,0.0,0.0,0,0,60,20,0.0,4,1.0,False
hexachlorobenzene,703,1.0,0.5,0.0,0.0,0,0,60,20,0.0,4,1.0,False
hexachlorobenzene,801,1.0,0.5,0.0,0.0,0,0,60,20,0.0,4,1.0,False
hexachlorobenzene,846,1.0,0.5,0.0,0.0,0,0,60,20,0.0,4,1.0,False
hexachlorobenzene,1356,1.0,0.5,0.0,0.0,0,0,60,20,0.0,4,1.0,False
hexachlorobenzene,1425,1.0,0.5,0.0,0.0,0,0,60,20,0.0,4,1.0,False
hexachlorobenzene,1625,1.0,0.5,0.0,0.0,0,0,60,20,0.0,4,1.0,False
ibuprofen,95,1.0,0.5,0.0,0.0,0,0,58,20,0.0,4,1.0,False
ibuprofen,147,1.0,0.5,0.0,0.0,0,0,58,20,0.0,4,1.0,False
ibuprofen,209,1.0,0.5,0.0,0.0,0,0,58,20,0.0,4,1.0,False
ibuprofen,271,1.0,0.5,0.0,0.0,0,0,58,20,0.0,4,1.0,False
ibuprofen,535,1.0,0.5,0.0,0.0,0,0,58,20,0.0,4,1.0,False
ibuprofen,697,1.0,0.5,0.0,0.0,0,0,58,20,0.0,4,1.0,False
ibuprofen,703,1.0,0.5,0.0,0.0,0,0,58,20,0.0,4,1.0,False
ibuprofen,801,1.0,0.5,0.0,0.0,0,0,58,20,0.0,4,1.0,False
ibuprofen,846,1.0,0.5,0.0,0.0,0,0,58,20,0.0,4,1.0,False
ibuprofen,1356,1.0,0.5,0.0,0.0,0,0,58,20,0.0,4,1.0,False
ibuprofen,1425,1.0,0.5,0.0,0.0,0,0,58,20,0.0,4,1.0,False
ibuprofen,1625,1.0,0.5,0.0,0.0,0,0,58,20,0.0,4,1.0,False
iproniazid,95,1.0,0.5,0.0,0.0,0,0,60,20,0.0,4,1.0,False
iproniazid,147,1.0,0.5,0.0,0.0,0,0,60,20,0.0,4,1.0,False
iproniazid,209,1.0,0.5,0.0,0.0,0,0,60,20,0.0,4,1.0,False
iproniazid,271,1.0,0.5,0.0,0.0,0,0,60,20,0.0,4,1.0,False
iproniazid,535,1.0,0.5,0.0,0.0,0,0,60,20,0.0,4,1.0,False
iproniazid,697,1.0,0.5,0.0,0.0,0,0,60,20,0.0,4,1.0,False
iproniazid,703,1.0,0.5,0.0,0.0,0,0,60,20,0.0,4,1.0,False
iproniazid,801,1.0,0.5,0.0,0.0,0,0,60,20,0.0,4,1.0,False
iproniazid,846,1.0,0.5,0.0,0.0,0,0,60,20,0.0,4,1.0,False
iproniazid,1356,1.0,0.5,0.0,0.0,0,0,60,20,0.0,4,1.0,False
iproniazid,1425,1.0,0.5,0.0,0.0,0,0,60,20,0.0,4,1.0,False
iproniazid,1625,1.0,0.5,0.0,0.0,0,0,60,20,0.0,4,1.0,False
lomustine,95,0.16125773046415648,0.5542372881355933,0.0,1.3665862528656905e-05,0,0,59,20,5.681530200725154e-05,4,1.0,False
lomustine,147,1.0,0.5,0.0,0.0,0,0,59,20,0.0,4,1.0,False
lomustine,209,0.28185143082538655,0.5084745762711864,0.0,1.148705695857193e-06,0,0,59,20,0.0,4,1.0,False
lomustine,271,0.28185143082538655,0.5084745762711864,0.0,1.0445031455212228e-06,0,0,59,20,0.0,4,1.0,False
lomustine,535,1.0,0.5,0.0,0.0,0,0,59,20,0.0,4,1.0,False
lomustine,697,1.0,0.5,0.0,0.0,0,0,59,20,0.0,4,1.0,False
lomustine,703,1.0,0.5,0.0,0.0,0,0,59,20,0.0,4,1.0,False
lomustine,801,0.15455405857356525,0.5254237288135594,0.0,5.4779711647028086e-06,0,0,59,20,0.0,4,1.0,False
lomustine,846,1.0,0.5,0.0,0.0,0,0,59,20,0.0,4,1.0,False
lomustine,1356,1.0,0.5,0.0,0.0,0,0,59,20,0.0,4,1.0,False
lomustine,1425,0.20301319661653655,0.5169491525423728,0.0,1.7976511346502195e-06,0,0,59,20,0.0,4,1.0,False
lomustine,1625,1.0,0.5,0.0,0.0,0,0,59,20,0.0,4,1.0,False
lornoxicam,95,0.7240492120555164,0.492156862745098,0.0,-1.7243172634423303e-06,0,0,51,20,2.699346758084582e-06,4,1.0,False
lornoxicam,147,1.0,0.5,0.0,0.0,0,0,51,20,0.0,4,1.0,False
lornoxicam,209,1.0,0.5,0.0,0.0,0,0,51,20,0.0,4,1.0,False
lornoxicam,271,1.0,0.5,0.0,0.0,0,0,51,20,0.0,4,1.0,False
lornoxicam,535,1.0,0.5,0.0,0.0,0,0,51,20,0.0,4,1.0,False
lornoxicam,697,1.0,0.5,0.0,0.0,0,0,51,20,0.0,4,1.0,False
lornoxicam,703,1.0,0.5,0.0,0.0,0,0,51,20,0.0,4,1.0,False
lornoxicam,801,1.0,0.5,0.0,0.0,0,0,51,20,0.0,4,1.0,False
lornoxicam,846,1.0,0.5,0.0,0.0,0,0,51,20,0.0,4,1.0,False
lornoxicam,1356,1.0,0.5,0.0,0.0,0,0,51,20,0.0,4,1.0,False
lornoxicam,1425,1.0,0.5,0.0,0.0,0,0,51,20,0.0,4,1.0,False
lornoxicam,1625,1.0,0.5,0.0,0.0,0,0,51,20,0.0,4,1.0,False
mefenamic acid,95,0.08436967711180171,0.5586206896551724,0.0,1.2965541106122315e-05,0,0,58,20,2.5920165889062058e-06,4,1.0,False
mefenamic acid,147,1.0,0.5,0.0,0.0,0,0,58,20,0.0,4,1.0,False
mefenamic acid,209,1.0,0.5,0.0,0.0,0,0,58,20,0.0,4,1.0,False
mefenamic acid,271,1.0,0.5,0.0,0.0,0,0,58,20,0.0,4,1.0,False
mefenamic acid,535,1.0,0.5,0.0,0.0,0,0,58,20,0.0,4,1.0,False
mefenamic acid,697,1.0,0.5,0.0,0.0,0,0,58,20,0.0,4,1.0,False
mefenamic acid,703,1.0,0.5,0.0,0.0,0,0,58,20,0.0,4,1.0,False
mefenamic acid,801,1.0,0.5,0.0,0.0,0,0,58,20,0.0,4,1.0,False
mefenamic acid,846,1.0,0.5,0.0,0.0,0,0,58,20,0.0,4,1.0,False
mefenamic acid,1356,1.0,0.5,0.0,0.0,0,0,58,20,0.0,4,1.0,False
mefenamic acid,1425,1.0,0.5,0.0,0.0,0,0,58,20,0.0,4,1.0,False
mefenamic acid,1625,1.0,0.5,0.0,0.0,0,0,58,20,0.0,4,1.0,False
methapyrilene,95,1.0,0.5,0.0,0.0,0,0,59,20,0.0,4,1.0,False
methapyrilene,147,1.0,0.5,0.0,0.0,0,0,59,20,0.0,4,1.0,False
methapyrilene,209,1.0,0.5,0.0,0.0,0,0,59,20,0.0,4,1.0,False
methapyrilene,271,1.0,0.5,0.0,0.0,0,0,59,20,0.0,4,1.0,False
methapyrilene,535,1.0,0.5,0.0,0.0,0,0,59,20,0.0,4,1.0,False
methapyrilene,697,1.0,0.5,0.0,0.0,0,0,59,20,0.0,4,1.0,False
methapyrilene,703,1.0,0.5,0.0,0.0,0,0,59,20,0.0,4,1.0,False
methapyrilene,801,1.0,0.5,0.0,0.0,0,0,59,20,0.0,4,1.0,False
methapyrilene,846,1.0,0.5,0.0,0.0,0,0,59,20,0.0,4,1.0,False
methapyrilene,1356,1.0,0.5,0.0,0.0,0,0,59,20,0.0,4,1.0,False
methapyrilene,1425,1.0,0.5,0.0,0.0,0,0,59,20,0.0,4,1.0,False
methapyrilene,1625,1.0,0.5,0.0,0.0,0,0,59,20,0.0,4,1.0,False
methylene dianiline,95,0.004344960546781933,0.6766666666666666,0.18333333333333332,0.0004511866288861556,11,0,60,20,0.00012682892567422247,4,0.2986210602484476,False
methylene dianiline,147,1.0,0.5,0.0,0.0,0,0,60,20,0.0,4,1.0,False
methylene dianiline,209,0.06820930425270313,0.55,0.016666666666666666,4.536906608457473e-05,1,0,60,20,0.0,4,1.0,False
methylene dianiline,271,0.15455405857356525,0.525,0.0,2.3945633622278054e-05,0,0,60,20,0.0,4,1.0,False
methylene dianiline,535,1.0,0.5,0.0,0.0,0,0,60,20,0.0,4,1.0,False
methylene dianiline,697,1.0,0.5,0.0,0.0,0,0,60,20,0.0,4,1.0,False
methylene dianiline,703,1.0,0.5,0.0,0.0,0,0,60,20,0.0,4,1.0,False
methylene dianiline,801,0.1211191019703255,0.5333333333333333,0.016666666666666666,3.950400650287269e-05,1,0,60,20,0.0,4,1.0,False
methylene dianiline,846,1.0,0.5,0.0,0.0,0,0,60,20,0.0,4,1.0,False
methylene dianiline,1356,1.0,0.5,0.0,0.0,0,0,60,20,0.0,4,1.0,False
methylene dianiline,1425,0.03063096895242587,0.635,0.26666666666666666,0.000648791227704715,16,0,60,20,0.000391575293289372,4,1.0,False
methylene dianiline,1625,1.0,0.5,0.0,0.0,0,0,60,20,0.0,4,1.0,False
monocrotaline,95,1.0,0.5,0.0,0.0,0,0,54,20,0.0,4,1.0,False
monocrotaline,147,1.0,0.5,0.0,0.0,0,0,54,20,0.0,4,1.0,False
monocrotaline,209,1.0,0.5,0.0,0.0,0,0,54,20,0.0,4,1.0,False
monocrotaline,271,1.0,0.5,0.0,0.0,0,0,54,20,0.0,4,1.0,False
monocrotaline,535,1.0,0.5,0.0,0.0,0,0,54,20,0.0,4,1.0,False
monocrotaline,697,1.0,0.5,0.0,0.0,0,0,54,20,0.0,4,1.0,False
monocrotaline,703,1.0,0.5,0.0,0.0,0,0,54,20,0.0,4,1.0,False
monocrotaline,801,1.0,0.5,0.0,0.0,0,0,54,20,0.0,4,1.0,False
monocrotaline,846,1.0,0.5,0.0,0.0,0,0,54,20,0.0,4,1.0,False
monocrotaline,1356,1.0,0.5,0.0,0.0,0,0,54,20,0.0,4,1.0,False
monocrotaline,1425,1.0,0.5,0.0,0.0,0,0,54,20,0.0,4,1.0,False
monocrotaline,1625,1.0,0.5,0.0,0.0,0,0,54,20,0.0,4,1.0,False
naphthyl isothiocyanate,95,0.09114462357377884,0.5916666666666667,0.0,1.6389202067934442e-05,0,0,60,20,0.00033744558205099656,4,1.0,False
naphthyl isothiocyanate,147,1.0,0.5,0.0,0.0,0,0,60,20,0.0,4,1.0,False
naphthyl isothiocyanate,209,1.0,0.5,0.0,0.0,0,0,60,20,0.0,4,1.0,False
naphthyl isothiocyanate,271,1.0,0.5,0.0,0.0,0,0,60,20,0.0,4,1.0,False
naphthyl isothiocyanate,535,1.0,0.5,0.0,0.0,0,0,60,20,0.0,4,1.0,False
naphthyl isothiocyanate,697,0.28185143082538655,0.5083333333333333,0.0,5.754402117619979e-06,0,0,60,20,0.0,4,1.0,False
naphthyl isothiocyanate,703,1.0,0.5,0.0,0.0,0,0,60,20,0.0,4,1.0,False
naphthyl isothiocyanate,801,1.0,0.5,0.0,0.0,0,0,60,20,0.0,4,1.0,False
naphthyl isothiocyanate,846,1.0,0.5,0.0,0.0,0,0,60,20,0.0,4,1.0,False
naphthyl isothiocyanate,1356,1.0,0.5,0.0,0.0,0,0,60,20,0.0,4,1.0,False
naphthyl isothiocyanate,1425,0.03573588476063287,0.575,0.0,1.364881317312333e-05,0,0,60,20,0.0,4,1.0,False
naphthyl isothiocyanate,1625,0.28185143082538655,0.5083333333333333,0.0,5.754402117619979e-06,0,0,60,20,0.0,4,1.0,False
naproxen,95,1.0,0.5,0.0,0.0,0,0,53,20,0.0,4,1.0,False
naproxen,147,1.0,0.5,0.0,0.0,0,0,53,20,0.0,4,1.0,False
naproxen,209,1.0,0.5,0.0,0.0,0,0,53,20,0.0,4,1.0,False
naproxen,271,1.0,0.5,0.0,0.0,0,0,53,20,0.0,4,1.0,False
naproxen,535,1.0,0.5,0.0,0.0,0,0,53,20,0.0,4,1.0,False
naproxen,697,1.0,0.5,0.0,0.0,0,0,53,20,0.0,4,1.0,False
naproxen,703,1.0,0.5,0.0,0.0,0,0,53,20,0.0,4,1.0,False
naproxen,801,1.0,0.5,0.0,0.0,0,0,53,20,0.0,4,1.0,False
naproxen,846,1.0,0.5,0.0,0.0,0,0,53,20,0.0,4,1.0,False
naproxen,1356,1.0,0.5,0.0,0.0,0,0,53,20,0.0,4,1.0,False
naproxen,1425,1.0,0.5,0.0,0.0,0,0,53,20,0.0,4,1.0,False
naproxen,1625,1.0,0.5,0.0,0.0,0,0,53,20,0.0,4,1.0,False
nitrosodiethylamine,95,0.03322002017897935,0.5686274509803921,0.0,1.092412749463348e-05,0,0,51,20,0.0,4,1.0,False
nitrosodiethylamine,147,1.0,0.5,0.0,0.0,0,0,51,20,0.0,4,1.0,False
nitrosodiethylamine,209,1.0,0.5,0.0,0.0,0,0,51,20,0.0,4,1.0,False
nitrosodiethylamine,271,1.0,0.5,0.0,0.0,0,0,51,20,0.0,4,1.0,False
nitrosodiethylamine,535,1.0,0.5,0.0,0.0,0,0,51,20,0.0,4,1.0,False
nitrosodiethylamine,697,1.0,0.5,0.0,0.0,0,0,51,20,0.0,4,1.0,False
nitrosodiethylamine,703,0.9213503964748574,0.4803921568627451,0.0,-2.2929468953499034e-06,0,0,51,20,2.292946895349936e-06,4,1.0,False
nitrosodiethylamine,801,1.0,0.5,0.0,0.0,0,0,51,20,0.0,4,1.0,False
nitrosodiethylamine,846,1.0,0.5,0.0,0.0,0,0,51,20,0.0,4,1.0,False
nitrosodiethylamine,1356,1.0,0.5,0.0,0.0,0,0,51,20,0.0,4,1.0,False
nitrosodiethylamine,1425,0.5742611625762902,0.4980392156862745,0.0,-1.694170211847898e-07,0,0,51,20,4.414426345296492e-06,4,1.0,False
nitrosodiethylamine,1625,1.0,0.5,0.0,0.0,0,0,51,20,0.0,4,1.0,False
papaverine,95,1.0,0.5,0.0,0.0,0,0,59,20,0.0,4,1.0,False
papaverine,147,1.0,0.5,0.0,0.0,0,0,59,20,0.0,4,1.0,False
papaverine,209,1.0,0.5,0.0,0.0,0,0,59,20,0.0,4,1.0,False
papaverine,271,1.0,0.5,0.0,0.0,0,0,59,20,0.0,4,1.0,False
papaverine,535,1.0,0.5,0.0,0.0,0,0,59,20,0.0,4,1.0,False
papaverine,697,1.0,0.5,0.0,0.0,0,0,59,20,0.0,4,1.0,False
papaverine,703,1.0,0.5,0.0,0.0,0,0,59,20,0.0,4,1.0,False
papaverine,801,1.0,0.5,0.0,0.0,0,0,59,20,0.0,4,1.0,False
papaverine,846,1.0,0.5,0.0,0.0,0,0,59,20,0.0,4,1.0,False
papaverine,1356,0.2071080891212626,0.5169491525423728,0.0,2.7695084540850932e-06,0,0,59,20,0.0,4,1.0,False
papaverine,1425,1.0,0.5,0.0,0.0,0,0,59,20,0.0,4,1.0,False
papaverine,1625,1.0,0.5,0.0,0.0,0,0,59,20,0.0,4,1.0,False
phalloidin,95,1.0,0.5,0.0,0.0,0,0,10,10,0.0,2,1.0,False
phalloidin,147,1.0,0.5,0.0,0.0,0,0,10,10,0.0,2,1.0,False
phalloidin,209,1.0,0.5,0.0,0.0,0,0,10,10,0.0,2,1.0,False
phalloidin,271,1.0,0.5,0.0,0.0,0,0,10,10,0.0,2,1.0,False
phalloidin,535,1.0,0.5,0.0,0.0,0,0,10,10,0.0,2,1.0,False
phalloidin,697,1.0,0.5,0.0,0.0,0,0,10,10,0.0,2,1.0,False
phalloidin,703,1.0,0.5,0.0,0.0,0,0,10,10,0.0,2,1.0,False
phalloidin,801,1.0,0.5,0.0,0.0,0,0,10,10,0.0,2,1.0,False
phalloidin,846,1.0,0.5,0.0,0.0,0,0,10,10,0.0,2,1.0,False
phalloidin,1356,1.0,0.5,0.0,0.0,0,0,10,10,0.0,2,1.0,False
phalloidin,1425,1.0,0.5,0.0,0.0,0,0,10,10,0.0,2,1.0,False
phalloidin,1625,1.0,0.5,0.0,0.0,0,0,10,10,0.0,2,1.0,False
phenacetin,95,0.39607369589794866,0.5083333333333333,0.0,2.077316857794207e-06,0,0,60,20,3.553660270078231e-06,4,1.0,False
phenacetin,147,1.0,0.5,0.0,0.0,0,0,60,20,0.0,4,1.0,False
phenacetin,209,1.0,0.5,0.0,0.0,0,0,60,20,0.0,4,1.0,False
phenacetin,271,1.0,0.5,0.0,0.0,0,0,60,20,0.0,4,1.0,False
phenacetin,535,1.0,0.5,0.0,0.0,0,0,60,20,0.0,4,1.0,False
phenacetin,697,1.0,0.5,0.0,0.0,0,0,60,20,0.0,4,1.0,False
phenacetin,703,1.0,0.5,0.0,0.0,0,0,60,20,0.0,4,1.0,False
phenacetin,801,1.0,0.5,0.0,0.0,0,0,60,20,0.0,4,1.0,False
phenacetin,846,1.0,0.5,0.0,0.0,0,0,60,20,0.0,4,1.0,False
phenacetin,1356,1.0,0.5,0.0,0.0,0,0,60,20,0.0,4,1.0,False
phenacetin,1425,0.5733756657852472,0.49166666666666664,0.0,-2.267457320533919e-06,0,0,60,20,8.339399860389553e-05,4,1.0,False
phenacetin,1625,1.0,0.5,0.0,0.0,0,0,60,20,0.0,4,1.0,False
phenobarbital,95,0.793630398567957,0.46,0.0,-2.339087932626162e-05,0,0,60,20,0.000168100798720365,4,1.0,False
phenobarbital,147,1.0,0.5,0.0,0.0,0,0,60,20,0.0,4,1.0,False
phenobarbital,209,0.2010974111697425,0.5166666666666667,0.0,3.3564833808377455e-06,0,0,60,20,0.0,4,1.0,False
phenobarbital,271,1.0,0.5,0.0,0.0,0,0,60,20,0.0,4,1.0,False
phenobarbital,535,1.0,0.5,0.0,0.0,0,0,60,20,0.0,4,1.0,False
phenobarbital,697,0.28185143082538655,0.5083333333333333,0.0,8.840794964283188e-07,0,0,60,20,0.0,4,1.0,False
phenobarbital,703,1.0,0.5,0.0,0.0,0,0,60,20,0.0,4,1.0,False
phenobarbital,801,1.0,0.5,0.0,0.0,0,0,60,20,0.0,4,1.0,False
phenobarbital,846,1.0,0.5,0.0,0.0,0,0,60,20,0.0,4,1.0,False
phenobarbital,1356,1.0,0.5,0.0,0.0,0,0,60,20,0.0,4,1.0,False
phenobarbital,1425,0.2071080891212626,0.5166666666666667,0.0,2.837403770742807e-06,0,0,60,20,0.0,4,1.0,False
phenobarbital,1625,1.0,0.5,0.0,0.0,0,0,60,20,0.0,4,1.0,False
phenytoin,95,1.0,0.5,0.0,0.0,0,0,60,20,0.0,4,1.0,False
phenytoin,147,1.0,0.5,0.0,0.0,0,0,60,20,0.0,4,1.0,False
phenytoin,209,1.0,0.5,0.0,0.0,0,0,60,20,0.0,4,1.0,False
phenytoin,271,1.0,0.5,0.0,0.0,0,0,60,20,0.0,4,1.0,False
phenytoin,535,1.0,0.5,0.0,0.0,0,0,60,20,0.0,4,1.0,False
phenytoin,697,1.0,0.5,0.0,0.0,0,0,60,20,0.0,4,1.0,False
phenytoin,703,1.0,0.5,0.0,0.0,0,0,60,20,0.0,4,1.0,False
phenytoin,801,1.0,0.5,0.0,0.0,0,0,60,20,0.0,4,1.0,False
phenytoin,846,1.0,0.5,0.0,0.0,0,0,60,20,0.0,4,1.0,False
phenytoin,1356,1.0,0.5,0.0,0.0,0,0,60,20,0.0,4,1.0,False
phenytoin,1425,1.0,0.5,0.0,0.0,0,0,60,20,0.0,4,1.0,False
phenytoin,1625,1.0,0.5,0.0,0.0,0,0,60,20,0.0,4,1.0,False
promethazine,95,1.0,0.5,0.0,0.0,0,0,60,20,0.0,4,1.0,False
promethazine,147,1.0,0.5,0.0,0.0,0,0,60,20,0.0,4,1.0,False
promethazine,209,1.0,0.5,0.0,0.0,0,0,60,20,0.0,4,1.0,False
promethazine,271,1.0,0.5,0.0,0.0,0,0,60,20,0.0,4,1.0,False
promethazine,535,0.11511871969659443,0.5333333333333333,0.0,2.205592561058441e-05,0,0,60,20,0.0,4,1.0,False
promethazine,697,1.0,0.5,0.0,0.0,0,0,60,20,0.0,4,1.0,False
promethazine,703,0.11511871969659443,0.5333333333333333,0.0,1.2027640120186227e-05,0,0,60,20,0.0,4,1.0,False
promethazine,801,1.0,0.5,0.0,0.0,0,0,60,20,0.0,4,1.0,False
promethazine,846,0.28185143082538655,0.5083333333333333,0.0,1.3149243918474687e-06,0,0,60,20,0.0,4,1.0,False
promethazine,1356,0.08488796890903416,0.5416666666666666,0.0,2.0136055844634244e-05,0,0,60,20,0.0,4,1.0,False
promethazine,1425,1.0,0.5,0.0,0.0,0,0,60,20,0.0,4,1.0,False
promethazine,1625,1.0,0.5,0.0,0.0,0,0,60,20,0.0,4,1.0,False
rosiglitazone maleate,95,0.8989540086977211,0.43333333333333335,0.0,-7.83251860938422e-06,0,0,60,20,6.509824719730683e-05,4,1.0,False
rosiglitazone maleate,147,1.0,0.5,0.0,0.0,0,0,60,20,0.0,4,1.0,False
rosiglitazone maleate,209,1.0,0.5,0.0,0.0,0,0,60,20,0.0,4,1.0,False
rosiglitazone maleate,271,1.0,0.5,0.0,0.0,0,0,60,20,0.0,4,1.0,False
rosiglitazone maleate,535,1.0,0.5,0.0,0.0,0,0,60,20,0.0,4,1.0,False
rosiglitazone maleate,697,1.0,0.5,0.0,0.0,0,0,60,20,0.0,4,1.0,False
rosiglitazone maleate,703,1.0,0.5,0.0,0.0,0,0,60,20,0.0,4,1.0,False
rosiglitazone maleate,801,1.0,0.5,0.0,0.0,0,0,60,20,0.0,4,1.0,False
rosiglitazone maleate,846,1.0,0.5,0.0,0.0,0,0,60,20,0.0,4,1.0,False
rosiglitazone maleate,1356,1.0,0.5,0.0,0.0,0,0,60,20,0.0,4,1.0,False
rosiglitazone maleate,1425,0.28185143082538655,0.5083333333333333,0.0,9.584603293269691e-07,0,0,60,20,0.0,4,1.0,False
rosiglitazone maleate,1625,1.0,0.5,0.0,0.0,0,0,60,20,0.0,4,1.0,False
sulfasalazine,95,0.4029266291897631,0.5133333333333333,0.016666666666666666,3.81029582218409e-06,1,0,60,20,0.00017161336233236635,4,1.0,False
sulfasalazine,147,1.0,0.5,0.0,0.0,0,0,60,20,0.0,4,1.0,False
sulfasalazine,209,1.0,0.5,0.0,0.0,0,0,60,20,0.0,4,1.0,False
sulfasalazine,271,1.0,0.5,0.0,0.0,0,0,60,20,0.0,4,1.0,False
sulfasalazine,535,1.0,0.5,0.0,0.0,0,0,60,20,0.0,4,1.0,False
sulfasalazine,697,1.0,0.5,0.0,0.0,0,0,60,20,0.0,4,1.0,False
sulfasalazine,703,1.0,0.5,0.0,0.0,0,0,60,20,0.0,4,1.0,False
sulfasalazine,801,1.0,0.5,0.0,0.0,0,0,60,20,0.0,4,1.0,False
sulfasalazine,846,1.0,0.5,0.0,0.0,0,0,60,20,0.0,4,1.0,False
sulfasalazine,1356,1.0,0.5,0.0,0.0,0,0,60,20,0.0,4,1.0,False
sulfasalazine,1425,0.39607369589794866,0.5083333333333333,0.0,2.8288991832030586e-06,0,0,60,20,2.656889313991217e-06,4,1.0,False
sulfasalazine,1625,1.0,0.5,0.0,0.0,0,0,60,20,0.0,4,1.0,False
theophylline,95,1.0,0.5,0.0,0.0,0,0,55,20,0.0,4,1.0,False
theophylline,147,1.0,0.5,0.0,0.0,0,0,55,20,0.0,4,1.0,False
theophylline,209,1.0,0.5,0.0,0.0,0,0,55,20,0.0,4,1.0,False
theophylline,271,1.0,0.5,0.0,0.0,0,0,55,20,0.0,4,1.0,False
theophylline,535,1.0,0.5,0.0,0.0,0,0,55,20,0.0,4,1.0,False
theophylline,697,1.0,0.5,0.0,0.0,0,0,55,20,0.0,4,1.0,False
theophylline,703,1.0,0.5,0.0,0.0,0,0,55,20,0.0,4,1.0,False
theophylline,801,1.0,0.5,0.0,0.0,0,0,55,20,0.0,4,1.0,False
theophylline,846,0.4497508574866804,0.5018181818181818,0.0,-5.447457735509145e-06,0,0,55,20,9.844457570388012e-06,4,1.0,False
theophylline,1356,0.4324589231953571,0.5054545454545455,0.0,7.3431048886226285e-06,0,0,55,20,3.462124359507043e-06,4,1.0,False
theophylline,1425,1.0,0.5,0.0,0.0,0,0,55,20,0.0,4,1.0,False
theophylline,1625,1.0,0.5,0.0,0.0,0,0,55,20,0.0,4,1.0,False
thioacetamide,95,0.31287377357815094,0.5166666666666667,0.0,2.572295166425565e-06,0,0,60,20,2.6175269605277306e-06,4,1.0,False
thioacetamide,147,1.0,0.5,0.0,0.0,0,0,60,20,0.0,4,1.0,False
thioacetamide,209,1.0,0.5,0.0,0.0,0,0,60,20,0.0,4,1.0,False
thioacetamide,271,1.0,0.5,0.0,0.0,0,0,60,20,0.0,4,1.0,False
thioacetamide,535,1.0,0.5,0.0,0.0,0,0,60,20,0.0,4,1.0,False
thioacetamide,697,1.0,0.5,0.0,0.0,0,0,60,20,0.0,4,1.0,False
thioacetamide,703,1.0,0.5,0.0,0.0,0,0,60,20,0.0,4,1.0,False
thioacetamide,801,1.0,0.5,0.0,0.0,0,0,60,20,0.0,4,1.0,False
thioacetamide,846,1.0,0.5,0.0,0.0,0,0,60,20,0.0,4,1.0,False
thioacetamide,1356,1.0,0.5,0.0,0.0,0,0,60,20,0.0,4,1.0,False
thioacetamide,1425,1.0,0.5,0.0,0.0,0,0,60,20,0.0,4,1.0,False
thioacetamide,1625,1.0,0.5,0.0,0.0,0,0,60,20,0.0,4,1.0,False
ticlopidine,95,0.28185143082538655,0.5083333333333333,0.0,7.024642445699514e-07,0,0,60,20,0.0,4,1.0,False
ticlopidine,147,1.0,0.5,0.0,0.0,0,0,60,20,0.0,4,1.0,False
ticlopidine,209,1.0,0.5,0.0,0.0,0,0,60,20,0.0,4,1.0,False
ticlopidine,271,1.0,0.5,0.0,0.0,0,0,60,20,0.0,4,1.0,False
ticlopidine,535,1.0,0.5,0.0,0.0,0,0,60,20,0.0,4,1.0,False
ticlopidine,697,1.0,0.5,0.0,0.0,0,0,60,20,0.0,4,1.0,False
ticlopidine,703,1.0,0.5,0.0,0.0,0,0,60,20,0.0,4,1.0,False
ticlopidine,801,1.0,0.5,0.0,0.0,0,0,60,20,0.0,4,1.0,False
ticlopidine,846,1.0,0.5,0.0,0.0,0,0,60,20,0.0,4,1.0,False
ticlopidine,1356,1.0,0.5,0.0,0.0,0,0,60,20,0.0,4,1.0,False
ticlopidine,1425,1.0,0.5,0.0,0.0,0,0,60,20,0.0,4,1.0,False
ticlopidine,1625,1.0,0.5,0.0,0.0,0,0,60,20,0.0,4,1.0,False
vitamin A,95,1.0,0.5,0.0,0.0,0,0,58,20,0.0,4,1.0,False
vitamin A,147,1.0,0.5,0.0,0.0,0,0,58,20,0.0,4,1.0,False
vitamin A,209,1.0,0.5,0.0,0.0,0,0,58,20,0.0,4,1.0,False
vitamin A,271,1.0,0.5,0.0,0.0,0,0,58,20,0.0,4,1.0,False
vitamin A,535,1.0,0.5,0.0,0.0,0,0,58,20,0.0,4,1.0,False
vitamin A,697,1.0,0.5,0.0,0.0,0,0,58,20,0.0,4,1.0,False
vitamin A,703,1.0,0.5,0.0,0.0,0,0,58,20,0.0,4,1.0,False
vitamin A,801,1.0,0.5,0.0,0.0,0,0,58,20,0.0,4,1.0,False
vitamin A,846,1.0,0.5,0.0,0.0,0,0,58,20,0.0,4,1.0,False
vitamin A,1356,0.9465681425033102,0.47758620689655173,0.0,-3.9497590646970535e-06,0,0,58,20,3.949759064697109e-06,4,1.0,False
vitamin A,1425,1.0,0.5,0.0,0.0,0,0,58,20,0.0,4,1.0,False
vitamin A,1625,1.0,0.5,0.0,0.0,0,0,58,20,0.0,4,1.0,False
