cluster_id,global_selected,stratified_selected,status,supporting_compounds,best_compound,local_q,presence_difference,rank_effect,treated_carriers,control_carriers,treated_slides,control_slides,carrying_slides,dominant_compound,dominant_compound_fraction,best_finding,slide_precision,global_q,anchor
467,True,True,both,1,phalloidin,0.010419585409907513,1.0,1.0,10.0,0.0,10.0,10.0,21,phalloidin,0.47619047619047616,Single cell necrosis,0.6666666666666666,0.0008152187947556,False
902,True,True,both,1,carbon tetrachloride,2.2060967106618703e-07,1.0,1.0,60.0,0.0,60.0,20.0,60,carbon tetrachloride,1.0,"Degeneration, fatty",1.0,0.0005324115137452,False
1008,True,True,both,1,carbon tetrachloride,2.2060967106618703e-07,0.9666666666666667,1.0,58.0,0.0,60.0,20.0,63,carbon tetrachloride,0.9206349206349206,"Degeneration, fatty",0.9206349206349206,0.0115669601041344,False
52,True,True,both,1,carbon tetrachloride,2.2060967106618703e-07,0.95,1.0,60.0,1.0,60.0,20.0,68,carbon tetrachloride,0.8970588235294118,"Degeneration, fatty",0.8823529411764706,9.219127803307567e-05,False
515,True,True,both,1,carbon tetrachloride,2.2060967106618703e-07,0.95,1.0,57.0,0.0,60.0,20.0,59,carbon tetrachloride,0.9661016949152542,"Degeneration, fatty",0.9661016949152542,0.0003543583578083,False
876,True,True,both,1,carbon tetrachloride,2.2060967106618703e-07,0.95,0.9966666666666667,60.0,1.0,60.0,20.0,65,carbon tetrachloride,0.9384615384615385,"Degeneration, fatty",0.9230769230769231,0.0453713870858312,False
697,True,True,both,1,carbon tetrachloride,2.2060967106618703e-07,0.9333333333333333,1.0,56.0,0.0,60.0,20.0,57,carbon tetrachloride,0.9824561403508771,"Degeneration, fatty",0.9824561403508771,1.5087569049008111e-05,True
1479,True,True,both,1,carbon tetrachloride,2.2060967106618703e-07,0.9333333333333332,1.0,59.0,1.0,60.0,20.0,63,carbon tetrachloride,0.9523809523809523,"Degeneration, fatty",0.9365079365079365,0.000987653884869,False
778,True,True,both,1,carbon tetrachloride,2.2060967106618703e-07,0.9166666666666666,0.9916666666666667,55.0,0.0,60.0,20.0,55,carbon tetrachloride,1.0,"Degeneration, fatty",1.0,1.6824175429873724e-06,False
943,True,True,both,1,carbon tetrachloride,2.2060967106618703e-07,0.9166666666666666,0.9916666666666667,55.0,0.0,60.0,20.0,57,carbon tetrachloride,0.9649122807017544,"Degeneration, fatty",0.9649122807017544,0.0003314620954977,False
1084,True,True,both,1,carbon tetrachloride,2.455658525043392e-07,0.9166666666666666,0.99,58.0,1.0,60.0,20.0,62,carbon tetrachloride,0.9516129032258065,"Degeneration, fatty",0.9354838709677419,5.974576155695385e-05,False
1165,False,True,added,2,phalloidin,0.018186947691486623,0.9,1.0,10.0,1.0,10.0,10.0,92,methapyrilene,0.1956521739130435,Hypertrophy,0.4782608695652174,0.4889762800096112,False
1846,True,True,both,1,phalloidin,0.017083572997617907,0.9,1.0,10.0,1.0,10.0,10.0,36,phalloidin,0.3055555555555556,Single cell necrosis,0.4722222222222222,0.0201536816269155,False
1226,False,True,added,1,ethionine,3.2383604160775753e-07,0.9,0.9866666666666667,54.0,0.0,60.0,20.0,86,ethionine,0.627906976744186,"Alteration, cytoplasmic",0.3953488372093023,0.0621223116116945,False
406,True,True,both,1,carbon tetrachloride,2.877432911228117e-07,0.9,0.9833333333333333,54.0,0.0,60.0,20.0,54,carbon tetrachloride,1.0,"Degeneration, fatty",1.0,2.0044485437993727e-05,False
899,True,True,both,3,phenobarbital,1.0237793098540583e-06,0.9,0.9633333333333334,54.0,0.0,60.0,20.0,88,phenobarbital,0.6136363636363636,Hypertrophy,0.5454545454545454,8.415096329382959e-05,False
1080,True,True,both,1,phalloidin,0.026581122470319393,0.9,0.95,9.0,0.0,10.0,10.0,35,methapyrilene,0.37142857142857144,Single cell necrosis,0.6285714285714286,1.14046390795679e-05,False
225,False,True,added,1,phenobarbital,2.2060967106618703e-07,0.8833333333333333,0.9966666666666667,53.0,0.0,60.0,20.0,226,hexachlorobenzene,0.26991150442477874,Hypertrophy,0.4646017699115044,0.1999792049917242,False
544,False,True,added,2,phenobarbital,3.492053254554379e-07,0.8833333333333333,0.985,53.0,0.0,60.0,20.0,224,hexachlorobenzene,0.26785714285714285,Hypertrophy,0.4955357142857143,0.2313367277842239,False
1956,False,True,added,2,ethionine,3.7604318828689826e-07,0.8833333333333333,0.9833333333333333,56.0,1.0,60.0,20.0,84,ethionine,0.6785714285714286,"Alteration, cytoplasmic",0.40476190476190477,0.3813599041644165,False
1625,True,True,both,1,carbon tetrachloride,6.13004494225238e-07,0.8666666666666667,0.9666666666666667,52.0,0.0,60.0,20.0,53,carbon tetrachloride,0.9811320754716981,"Degeneration, fatty",0.9811320754716981,2.938163602059526e-05,True
195,False,True,added,2,ethionine,4.036962421784454e-07,0.8666666666666666,0.98,55.0,1.0,60.0,20.0,81,ethionine,0.691358024691358,"Alteration, cytoplasmic",0.4074074074074074,0.1088968110033754,False
201,False,True,added,1,acetamidofluorene,4.431602894199222e-07,0.85,0.9783333333333334,54.0,1.0,60.0,20.0,142,acetamidofluorene,0.3873239436619718,Swelling,0.38028169014084506,0.1934873866066703,False
1273,True,True,both,3,acetamidofluorene,8.571998770793691e-07,0.85,0.9666666666666667,51.0,0.0,60.0,20.0,118,acetamidofluorene,0.4322033898305085,Swelling,0.4322033898305085,0.000194231619063,False
541,True,True,both,2,WY-14643,1.0237793098540583e-06,0.85,0.9633333333333334,54.0,1.0,60.0,20.0,135,WY-14643,0.4074074074074074,"Degeneration, granular, eosinophilic",0.7555555555555555,0.0194523886665478,False
1757,False,True,added,1,ethionine,6.95458936116134e-06,0.8333333333333334,0.93,50.0,0.0,60.0,20.0,110,ethionine,0.45454545454545453,"Alteration, cytoplasmic",0.3090909090909091,1.0,False
1817,False,True,added,3,phenobarbital,4.036962421784454e-07,0.8333333333333333,0.98,53.0,1.0,60.0,20.0,135,phenobarbital,0.4,Hypertrophy,0.45185185185185184,0.0764507087349527,False
1021,False,True,added,2,acetamidofluorene,6.95458936116134e-06,0.8333333333333333,0.93,53.0,1.0,60.0,20.0,108,acetamidofluorene,0.5,Swelling,0.49074074074074076,0.0721148951708398,False
1335,True,True,both,1,phenobarbital,2.2060967106618703e-07,0.8166666666666667,0.9966666666666667,52.0,1.0,60.0,20.0,182,hexachlorobenzene,0.3241758241758242,Hypertrophy,0.5164835164835165,0.0417109837285595,False
516,True,True,both,1,ethionine,4.036962421784454e-07,0.8166666666666667,0.9783333333333334,49.0,0.0,60.0,20.0,67,ethionine,0.7313432835820896,"Alteration, cytoplasmic",0.5074626865671642,0.0020118686244576,False
820,True,True,both,1,phalloidin,0.011763330204614392,0.8,1.0,8.0,0.0,10.0,10.0,28,phalloidin,0.2857142857142857,Single cell necrosis,0.39285714285714285,0.0076308170447303,False
1851,True,True,both,1,phalloidin,0.012765020059545324,0.8,1.0,8.0,0.0,10.0,10.0,14,phalloidin,0.5714285714285714,Single cell necrosis,0.6428571428571429,0.0012245565984182,False
1639,True,True,both,1,fenofibrate,3.2383604160775753e-07,0.8,0.985,48.0,0.0,60.0,20.0,59,fenofibrate,0.8135593220338984,"Degeneration, granular, eosinophilic",0.6949152542372882,5.908963056211156e-06,False
583,True,True,both,4,hexachlorobenzene,4.036962421784454e-07,0.8,0.975,48.0,0.0,60.0,20.0,105,hexachlorobenzene,0.45714285714285713,Hypertrophy,0.6666666666666666,5.720179885804438e-10,False
1682,True,True,both,1,phalloidin,0.0276557422527662,0.8,0.96,8.0,0.0,10.0,10.0,35,monocrotaline,0.2571428571428571,Single cell necrosis,0.6,0.0010246759889428,False
1656,True,True,both,2,thioacetamide,9.859631559449608e-07,0.8,0.9583333333333334,48.0,0.0,60.0,20.0,68,thioacetamide,0.7058823529411765,Hypertrophy,0.75,2.1655166325707606e-09,False
1960,True,True,both,3,thioacetamide,4.475489342426517e-06,0.8,0.925,48.0,0.0,60.0,20.0,72,thioacetamide,0.6666666666666666,Hypertrophy,0.6805555555555556,9.787191955908929e-08,False
1027,True,True,both,2,hexachlorobenzene,2.700033968516452e-05,0.8,0.9033333333333333,48.0,0.0,60.0,20.0,137,hexachlorobenzene,0.35036496350364965,Ground glass appearance,0.5912408759124088,0.0012091308876278,False
616,True,True,both,1,ethinylestradiol,1.0237793098540583e-06,0.7999999999999999,0.96,51.0,1.0,60.0,20.0,59,ethinylestradiol,0.8813559322033898,"Change, eosinophilic",0.3898305084745763,0.0128779584096267,False
256,True,True,both,2,thioacetamide,2.00962515138544e-06,0.7833333333333333,0.9416666666666667,47.0,0.0,60.0,20.0,70,thioacetamide,0.6714285714285714,Hypertrophy,0.7142857142857143,2.4463393336125337e-08,False
961,False,True,added,1,benzbromarone,1.321672551745936e-06,0.7678571428571429,0.9625,43.0,0.0,56.0,20.0,46,benzbromarone,0.9347826086956522,Hypertrophy,0.8695652173913043,1.0,False
1888,True,True,both,3,acetamidofluorene,2.2060967106618703e-07,0.7666666666666667,1.0,46.0,0.0,60.0,20.0,76,acetamidofluorene,0.6052631578947368,Swelling,0.6052631578947368,4.1768081352990683e-07,False
1097,True,True,both,2,WY-14643,2.2060967106618703e-07,0.7666666666666667,0.9916666666666667,46.0,0.0,60.0,20.0,54,WY-14643,0.8518518518518519,"Degeneration, granular, eosinophilic",0.9814814814814815,2.455668365008769e-09,False
550,True,True,both,2,WY-14643,2.877432911228117e-07,0.7666666666666667,0.9833333333333333,46.0,0.0,60.0,20.0,53,WY-14643,0.8679245283018868,"Degeneration, granular, eosinophilic",0.9622641509433962,2.9979648534158396e-09,False
1062,True,True,both,2,WY-14643,4.036962421784454e-07,0.7666666666666667,0.975,46.0,0.0,60.0,20.0,92,WY-14643,0.5,"Degeneration, granular, eosinophilic",0.9347826086956522,5.658461610923363e-09,False
215,True,True,both,1,acetamidofluorene,9.571764617335574e-07,0.7666666666666667,0.9616666666666667,46.0,0.0,60.0,20.0,56,acetamidofluorene,0.8214285714285714,Swelling,0.8214285714285714,9.387406754185978e-05,False
676,True,True,both,1,thioacetamide,1.321672551745936e-06,0.7666666666666667,0.95,46.0,0.0,60.0,20.0,52,thioacetamide,0.8846153846153846,Hypertrophy,0.8653846153846154,3.826504813145023e-07,False
1661,False,True,added,1,ethionine,2.982426641525945e-06,0.7666666666666666,0.945,49.0,1.0,60.0,20.0,111,ethionine,0.45045045045045046,Cellular infiltration,0.27927927927927926,0.0593030913646171,False
669,True,True,both,2,acetamidofluorene,1.917134759809537e-06,0.75,0.945,45.0,0.0,60.0,20.0,84,acetamidofluorene,0.5357142857142857,Swelling,0.5357142857142857,4.35989955644732e-08,False
885,True,True,both,4,thioacetamide,2.250951570008849e-06,0.75,0.9416666666666667,45.0,0.0,60.0,20.0,66,thioacetamide,0.6818181818181818,Hypertrophy,0.7575757575757576,7.997660562394691e-08,False
1532,True,True,both,1,thioacetamide,6.324803383903813e-06,0.75,0.9166666666666666,45.0,0.0,60.0,20.0,50,thioacetamide,0.9,Hypertrophy,0.86,1.909190990657741e-06,False
446,True,True,both,1,acetamidofluorene,2.726924049706404e-05,0.75,0.905,45.0,0.0,60.0,20.0,111,acetamidofluorene,0.40540540540540543,Swelling,0.40540540540540543,0.0192112824896506,False
187,True,True,both,2,WY-14643,2.2060967106618703e-07,0.7333333333333333,1.0,44.0,0.0,60.0,20.0,53,WY-14643,0.8301886792452831,"Degeneration, granular, eosinophilic",0.8867924528301887,1.3915854392945036e-08,False
1991,True,True,both,4,WY-14643,1.0237793098540583e-06,0.7333333333333333,0.96,44.0,0.0,60.0,20.0,79,WY-14643,0.5569620253164557,"Degeneration, granular, eosinophilic",0.8734177215189873,1.8614434324441922e-07,False
1796,True,True,both,2,thioacetamide,4.4669448418313034e-06,0.7333333333333333,0.93,44.0,0.0,60.0,20.0,69,thioacetamide,0.6376811594202898,Hypertrophy,0.782608695652174,7.510491376487464e-06,False
1481,True,True,both,1,thioacetamide,4.50615868729569e-06,0.7333333333333333,0.925,44.0,0.0,60.0,20.0,48,thioacetamide,0.9166666666666666,Hypertrophy,0.875,1.9477756105149046e-06,False
1768,True,True,both,3,acetamidofluorene,8.073600005617197e-06,0.7333333333333333,0.9233333333333333,44.0,0.0,60.0,20.0,86,acetamidofluorene,0.5116279069767442,Swelling,0.5116279069767442,4.90642788944199e-05,False
1562,True,True,both,2,ticlopidine,5.165399727591577e-05,0.7333333333333333,0.895,44.0,0.0,60.0,20.0,96,ticlopidine,0.4583333333333333,Hypertrophy,0.4166666666666667,0.0440360294540318,False
1705,True,True,both,2,WY-14643,2.2060967106618703e-07,0.7166666666666667,0.9916666666666667,43.0,0.0,60.0,20.0,54,WY-14643,0.7962962962962963,"Degeneration, granular, eosinophilic",0.8333333333333334,5.720179885804438e-10,False
1056,True,True,both,2,phenobarbital,7.38277232800137e-07,0.7166666666666667,0.97,43.0,0.0,60.0,20.0,81,phenobarbital,0.5308641975308642,Hypertrophy,0.7160493827160493,0.0003908062206507,False
1404,True,True,both,3,WY-14643,6.130441777410323e-07,0.7166666666666667,0.9666666666666667,43.0,0.0,60.0,20.0,81,WY-14643,0.5308641975308642,"Degeneration, granular, eosinophilic",0.8518518518518519,4.8361633773055226e-11,False
1727,False,True,added,1,promethazine,2.250951570008849e-06,0.7166666666666667,0.94,43.0,0.0,60.0,20.0,55,promethazine,0.7818181818181819,Ground glass appearance,0.4909090909090909,0.4006391324549367,False
812,False,True,added,2,ethionine,8.393101939288883e-06,0.7166666666666667,0.9266666666666666,46.0,1.0,60.0,20.0,88,ethionine,0.5340909090909091,"Alteration, cytoplasmic",0.375,0.0746856347996518,False
1412,True,True,both,1,WY-14643,4.238642363795013e-06,0.7166666666666667,0.9166666666666666,43.0,0.0,60.0,20.0,52,WY-14643,0.8269230769230769,"Degeneration, granular, eosinophilic",1.0,1.8511195442762042e-07,False
436,True,True,both,2,WY-14643,1.98537710344301e-05,0.7166666666666667,0.9066666666666666,43.0,0.0,60.0,20.0,73,WY-14643,0.589041095890411,"Degeneration, granular, eosinophilic",0.7671232876712328,1.567713059487198e-05,False
831,False,True,added,1,ethionamide,0.00035405181915191565,0.7115384615384616,0.8653846153846154,37.0,0.0,52.0,20.0,45,ethionamide,0.8222222222222222,"Vacuolization, cytoplasmic",0.6444444444444445,0.1284281860663319,False
1896,True,True,both,2,acetamidofluorene,2.7433044850551157e-06,0.7,0.945,42.0,0.0,60.0,20.0,87,acetamidofluorene,0.4827586206896552,"Proliferation, bile duct",0.5057471264367817,0.041890203974706,False
459,True,True,both,1,phalloidin,0.036827419444194015,0.7,0.94,7.0,0.0,10.0,10.0,62,methapyrilene,0.24193548387096775,Single cell necrosis,0.45161290322580644,0.000542395697068,False
1001,True,True,both,2,WY-14643,2.7433044850551157e-06,0.7,0.9316666666666666,42.0,0.0,60.0,20.0,73,WY-14643,0.5753424657534246,"Degeneration, granular, eosinophilic",0.8082191780821918,6.665888610366832e-10,False
1916,True,True,both,1,thioacetamide,2.5316075442256124e-05,0.7,0.8916666666666667,42.0,0.0,60.0,20.0,51,thioacetamide,0.8235294117647058,Hypertrophy,0.803921568627451,2.903707434729465e-06,False
261,True,True,both,1,fenofibrate,1.0237793098540583e-06,0.6833333333333333,0.9566666666666667,41.0,0.0,60.0,20.0,55,fenofibrate,0.7454545454545455,"Degeneration, granular, eosinophilic",0.7090909090909091,2.445522688331112e-07,False
147,True,True,both,1,carbon tetrachloride,4.176089465910672e-06,0.6833333333333333,0.925,41.0,0.0,60.0,20.0,41,carbon tetrachloride,1.0,"Degeneration, fatty",1.0,5.474536919196967e-05,True
313,True,True,both,2,thioacetamide,4.314812267756248e-06,0.6833333333333333,0.925,41.0,0.0,60.0,20.0,47,thioacetamide,0.8723404255319149,Hypertrophy,0.8723404255319149,1.0738771600274438e-07,False
127,True,True,both,3,thioacetamide,1.524772555700322e-05,0.6833333333333333,0.91,41.0,0.0,60.0,20.0,54,thioacetamide,0.7592592592592593,Hypertrophy,0.7592592592592593,4.35989955644732e-08,False
1252,True,True,both,1,WY-14643,1.917134759809537e-06,0.6666666666666666,0.9416666666666667,40.0,0.0,60.0,20.0,49,WY-14643,0.8163265306122449,"Degeneration, granular, eosinophilic",0.9795918367346939,1.6414601225193092e-06,False
1675,True,True,both,2,WY-14643,2.00962515138544e-06,0.6666666666666666,0.9333333333333333,40.0,0.0,60.0,20.0,50,WY-14643,0.8,"Degeneration, granular, eosinophilic",1.0,1.2266147119689791e-08,False
1716,True,True,both,2,hexachlorobenzene,5.663804034868432e-06,0.6666666666666666,0.9083333333333333,40.0,0.0,60.0,20.0,86,hexachlorobenzene,0.46511627906976744,Hypertrophy,0.7674418604651163,1.1241240562847406e-07,False
12,True,True,both,1,ethinylestradiol,3.104981528879194e-05,0.6666666666666666,0.8916666666666667,43.0,1.0,60.0,20.0,60,ethinylestradiol,0.7333333333333333,"Change, eosinophilic",0.3333333333333333,0.0001655334186947,False
1631,False,True,added,1,thioacetamide,0.00011243506430822199,0.6666666666666666,0.8833333333333333,40.0,0.0,60.0,20.0,73,thioacetamide,0.547945205479452,Hypertrophy,0.7123287671232876,0.4215098182943896,False
280,False,True,added,1,acetamidofluorene,0.0023355647223584556,0.6666666666666666,0.8233333333333334,43.0,1.0,60.0,20.0,125,ticlopidine,0.472,Swelling,0.344,1.0,False
1434,False,True,added,1,benzbromarone,5.366963421782568e-05,0.6607142857142857,0.8875,37.0,0.0,56.0,20.0,47,benzbromarone,0.7872340425531915,Hypertrophy,0.8936170212765957,0.0550890424283883,False
1947,True,True,both,1,WY-14643,1.0237793098540583e-06,0.65,0.9583333333333334,39.0,0.0,60.0,20.0,51,WY-14643,0.7647058823529411,"Degeneration, granular, eosinophilic",0.9803921568627451,2.4463393336125337e-08,False
525,True,True,both,3,acetamidofluorene,1.321672551745936e-06,0.65,0.95,39.0,0.0,60.0,20.0,52,acetamidofluorene,0.75,Swelling,0.75,1.4813324850211765e-08,False
617,True,True,both,2,fenofibrate,6.652047496847461e-06,0.65,0.9166666666666666,39.0,0.0,60.0,20.0,45,fenofibrate,0.8666666666666667,"Degeneration, granular, eosinophilic",0.9111111111111111,3.532188344734837e-08,False
1526,True,True,both,3,phenacetin,0.00024015105886670006,0.65,0.8566666666666667,39.0,0.0,60.0,20.0,113,phenacetin,0.34513274336283184,Hypertrophy,0.36283185840707965,0.0016993037413228,False
1224,True,True,both,2,acetamidofluorene,0.0006967074693543632,0.6499999999999999,0.8466666666666667,42.0,1.0,60.0,20.0,97,acetamidofluorene,0.44329896907216493,Swelling,0.4329896907216495,0.0003109576974076,False
1459,True,True,both,2,WY-14643,1.0237793098540583e-06,0.6333333333333333,0.96,38.0,0.0,60.0,20.0,53,WY-14643,0.7169811320754716,"Degeneration, granular, eosinophilic",0.7924528301886793,2.9979648534158396e-09,False
706,True,True,both,2,fenofibrate,1.0435775493346676e-06,0.6333333333333333,0.9583333333333334,38.0,0.0,60.0,20.0,50,fenofibrate,0.76,"Degeneration, granular, eosinophilic",0.86,1.5760759846295103e-08,False
802,True,True,both,2,WY-14643,3.2081197855414403e-06,0.6333333333333333,0.935,38.0,0.0,60.0,20.0,59,WY-14643,0.6440677966101694,"Degeneration, granular, eosinophilic",0.9152542372881356,3.462934074077266e-07,False
1536,True,True,both,1,WY-14643,4.044164551276895e-06,0.6333333333333333,0.9083333333333333,38.0,0.0,60.0,20.0,44,WY-14643,0.8636363636363636,"Degeneration, granular, eosinophilic",0.9772727272727273,3.391222295184343e-07,False
637,True,True,both,2,hexachlorobenzene,1.0333246745079295e-05,0.6333333333333333,0.8966666666666666,38.0,0.0,60.0,20.0,85,hexachlorobenzene,0.4470588235294118,Ground glass appearance,0.7058823529411765,3.9240775454731854e-09,False
1151,True,True,both,2,WY-14643,2.2930313049145443e-05,0.6333333333333333,0.8666666666666667,38.0,0.0,60.0,20.0,54,WY-14643,0.7037037037037037,"Degeneration, granular, eosinophilic",0.9814814814814815,5.793664824962853e-07,False
361,True,True,both,2,gemfibrozil,0.00019997013768483903,0.6333333333333333,0.83,38.0,0.0,60.0,20.0,45,gemfibrozil,0.8444444444444444,"Degeneration, granular, eosinophilic",0.37777777777777777,0.0006254867005804,False
1983,True,True,both,2,acetamidofluorene,0.003624086336097847,0.6333333333333333,0.8133333333333334,38.0,0.0,60.0,20.0,90,ticlopidine,0.45555555555555555,Swelling,0.4222222222222222,0.0301861956092838,False
1710,True,True,both,1,WY-14643,2.059977407140084e-06,0.6166666666666667,0.9416666666666667,37.0,0.0,60.0,20.0,39,WY-14643,0.9487179487179487,"Degeneration, granular, eosinophilic",1.0,8.229034863445998e-07,False
763,True,True,both,2,acetamidofluorene,4.50615868729569e-06,0.6166666666666667,0.925,37.0,0.0,60.0,20.0,59,acetamidofluorene,0.6271186440677966,Swelling,0.6271186440677966,1.9776342847227422e-08,False
264,True,True,both,1,promethazine,1.0226236657205532e-05,0.6166666666666667,0.9083333333333333,37.0,0.0,60.0,20.0,40,promethazine,0.925,Ground glass appearance,0.725,0.000130424582983,False
1136,True,True,both,3,hexachlorobenzene,1.021734502059097e-05,0.6166666666666667,0.8916666666666667,37.0,0.0,60.0,20.0,74,hexachlorobenzene,0.5,Ground glass appearance,0.7837837837837838,1.31026669967437e-10,False
1707,True,True,both,2,ethionine,3.0534522687908973e-06,0.6166666666666666,0.9433333333333334,40.0,1.0,60.0,20.0,69,ethionine,0.5942028985507246,"Alteration, cytoplasmic",0.4927536231884058,2.516271346140468e-06,False
399,True,True,both,1,ethionamide,4.170665670827034e-05,0.6153846153846154,0.8961538461538462,32.0,0.0,52.0,20.0,42,ethionamide,0.7619047619047619,"Vacuolization, cytoplasmic",0.7857142857142857,5.686326705831281e-07,False
240,True,True,both,1,WY-14643,1.3534736524761432e-06,0.6,0.95,36.0,0.0,60.0,20.0,62,WY-14643,0.5806451612903226,"Degeneration, granular, eosinophilic",0.8225806451612904,2.4463393336125337e-08,False
830,False,True,added,1,1% cholesterol + 0.25% sodium cholate,0.0005515779690019781,0.6,0.93,12.0,0.0,20.0,20.0,14,1% cholesterol + 0.25% sodium cholate,0.8571428571428571,"Degeneration, fatty",0.8571428571428571,1.0,False
510,False,True,added,1,phenobarbital,2.8011092427197992e-05,0.6,0.9066666666666666,39.0,1.0,60.0,20.0,150,rosiglitazone maleate,0.37333333333333335,Hypertrophy,0.29333333333333333,1.0,False
271,True,True,both,1,WY-14643,7.29259744750843e-06,0.6,0.8916666666666667,36.0,0.0,60.0,20.0,46,WY-14643,0.782608695652174,"Degeneration, granular, eosinophilic",1.0,4.38248506990973e-07,True
838,True,True,both,2,hexachlorobenzene,1.3043883616060928e-05,0.6,0.8883333333333333,36.0,0.0,60.0,20.0,88,hexachlorobenzene,0.4090909090909091,Hypertrophy,0.6704545454545454,5.793664824962853e-07,False
161,True,True,both,2,acetamidofluorene,6.485742288187118e-05,0.6,0.8716666666666667,36.0,0.0,60.0,20.0,65,acetamidofluorene,0.5538461538461539,Swelling,0.5538461538461539,5.2662232372798825e-06,False
67,True,True,both,2,acetamidofluorene,0.006624520156873745,0.6,0.7983333333333333,36.0,0.0,60.0,20.0,71,acetamidofluorene,0.5070422535211268,Swelling,0.5070422535211268,0.0045705114553117,False
1122,True,True,both,1,benzbromarone,3.2914063102358116e-06,0.5892857142857143,0.9375,33.0,0.0,56.0,20.0,33,benzbromarone,1.0,Hypertrophy,0.9696969696969697,0.0001007400550662,False
1201,False,True,added,3,theophylline,0.0008290504156755607,0.5863636363636363,0.850909090909091,35.0,1.0,55.0,20.0,191,papaverine,0.28272251308900526,Ground glass appearance,0.1518324607329843,1.0,False
596,True,True,both,1,ethionamide,0.0004143504591498697,0.5846153846153845,0.8692307692307693,33.0,1.0,52.0,20.0,44,ethionamide,0.7727272727272727,"Vacuolization, cytoplasmic",0.7045454545454546,0.0146168728488342,False
391,True,True,both,2,WY-14643,9.571764617335574e-07,0.5833333333333334,0.9583333333333334,35.0,0.0,60.0,20.0,45,WY-14643,0.7777777777777778,"Degeneration, granular, eosinophilic",0.9333333333333333,1.1188619579422896e-08,False
1064,True,True,both,1,fenofibrate,1.0237793098540583e-06,0.5833333333333334,0.9583333333333334,35.0,0.0,60.0,20.0,35,fenofibrate,1.0,"Degeneration, granular, eosinophilic",0.9714285714285714,6.216251170317387e-05,False
25,False,True,added,1,carbon tetrachloride,4.044164551276895e-06,0.5833333333333334,0.94,35.0,0.0,60.0,20.0,59,carbon tetrachloride,0.5932203389830508,"Degeneration, fatty",0.5932203389830508,1.0,False
1175,True,True,both,1,thioacetamide,4.71953851554672e-05,0.5833333333333334,0.875,35.0,0.0,60.0,20.0,36,thioacetamide,0.9722222222222222,"Degeneration, granular, eosinophilic",0.9444444444444444,2.384858942803474e-05,False
1567,True,True,both,2,acetamidofluorene,0.0006178720725115949,0.5833333333333334,0.8483333333333334,35.0,0.0,60.0,20.0,69,acetamidofluorene,0.5072463768115942,Swelling,0.5072463768115942,0.0005701402709506,False
1256,True,True,both,1,ethionine,0.0024081571111374414,0.5833333333333334,0.8183333333333334,35.0,0.0,60.0,20.0,60,ethionine,0.5833333333333334,"Alteration, cytoplasmic",0.5166666666666667,0.0005451702160968,False
1087,True,True,both,3,acetamidofluorene,0.011747397393307709,0.5833333333333334,0.785,35.0,0.0,60.0,20.0,78,acetamidofluorene,0.44871794871794873,Swelling,0.44871794871794873,0.0006928023324654,False
783,True,True,both,1,WY-14643,1.7598977649499521e-06,0.5666666666666667,0.9416666666666667,34.0,0.0,60.0,20.0,52,WY-14643,0.6538461538461539,"Degeneration, granular, eosinophilic",0.8076923076923077,2.6400554864318692e-08,False
1676,True,True,both,2,acetamidofluorene,6.8574168215642795e-06,0.5666666666666667,0.9166666666666666,34.0,0.0,60.0,20.0,47,acetamidofluorene,0.723404255319149,Swelling,0.723404255319149,2.0662142192288562e-07,False
1879,True,True,both,1,fenofibrate,2.3332885929600107e-05,0.5666666666666667,0.8966666666666666,34.0,0.0,60.0,20.0,35,fenofibrate,0.9714285714285714,"Degeneration, granular, eosinophilic",0.9428571428571428,0.0002066800332436,False
116,True,True,both,2,acetamidofluorene,5.028977371492101e-05,0.5666666666666667,0.89,34.0,0.0,60.0,20.0,88,acetamidofluorene,0.38636363636363635,Swelling,0.38636363636363635,0.0003109296008598,False
949,True,True,both,1,ethinylestradiol,2.0272596076961744e-05,0.5666666666666667,0.89,34.0,0.0,60.0,20.0,47,ethinylestradiol,0.723404255319149,"Change, eosinophilic",0.48936170212765956,1.6494274351125746e-05,False
1343,True,True,both,2,ethionine,0.0001360098568860939,0.5666666666666667,0.875,37.0,1.0,60.0,20.0,72,ethionine,0.5277777777777778,Cellular infiltration,0.4166666666666667,0.0002036786634186,False
1649,True,True,both,1,gemfibrozil,0.0004484493413735826,0.5666666666666667,0.8183333333333334,34.0,0.0,60.0,20.0,53,gemfibrozil,0.6415094339622641,"Degeneration, granular, eosinophilic",0.4716981132075472,0.0090179102934031,False
417,True,True,both,1,clofibrate,7.957782308365722e-05,0.559322033898305,0.8745762711864407,33.0,0.0,59.0,20.0,40,clofibrate,0.825,Swelling,0.525,0.0173674759892229,False
346,True,True,both,1,clofibrate,0.00022177852690354193,0.559322033898305,0.8610169491525423,33.0,0.0,59.0,20.0,79,clofibrate,0.4177215189873418,Cellular infiltration,0.46835443037974683,0.016601753575959,False
212,True,True,both,1,clofibrate,0.0005966540793845099,0.559322033898305,0.8423728813559322,33.0,0.0,59.0,20.0,40,clofibrate,0.825,Swelling,0.5,0.0020652127236076,False
1543,True,True,both,2,clofibrate,0.000639925216255737,0.559322033898305,0.8423728813559322,33.0,0.0,59.0,20.0,42,clofibrate,0.7857142857142857,Swelling,0.35714285714285715,0.0187329650237951,False
301,True,True,both,1,benzbromarone,7.73590332088133e-06,0.5535714285714286,0.9214285714285714,31.0,0.0,56.0,20.0,38,benzbromarone,0.8157894736842105,Hypertrophy,0.9736842105263158,0.000296292633268,False
1413,True,True,both,2,WY-14643,1.7598977649499521e-06,0.55,0.9416666666666667,33.0,0.0,60.0,20.0,54,WY-14643,0.6111111111111112,"Degeneration, granular, eosinophilic",0.9814814814814815,6.432926889150093e-11,False
65,True,True,both,1,fenofibrate,3.5127339306192414e-05,0.55,0.8933333333333333,33.0,0.0,60.0,20.0,35,fenofibrate,0.9428571428571428,"Degeneration, granular, eosinophilic",0.8571428571428571,1.632443180065913e-05,False
1142,False,True,added,1,promethazine,8.714524916269514e-06,0.5499999999999999,0.9183333333333333,36.0,1.0,60.0,20.0,51,promethazine,0.7254901960784313,Ground glass appearance,0.6274509803921569,0.9984400455797012,False
1004,False,True,added,1,clofibrate,0.0021404308250549133,0.5432203389830508,0.8288135593220339,35.0,1.0,59.0,20.0,109,clofibrate,0.3302752293577982,Cellular infiltration,0.3486238532110092,0.4574156490776079,False
327,True,True,both,1,clofibrate,0.0021001428392955507,0.5423728813559322,0.8169491525423729,32.0,0.0,59.0,20.0,40,clofibrate,0.8,Swelling,0.5,0.0062300203405832,False
740,True,True,both,1,fenofibrate,3.887201901506257e-06,0.5333333333333333,0.9333333333333333,32.0,0.0,60.0,20.0,54,fenofibrate,0.5925925925925926,"Degeneration, granular, eosinophilic",0.5740740740740741,4.38248506990973e-07,False
1076,True,True,both,2,WY-14643,4.646017904439199e-06,0.5333333333333333,0.925,35.0,1.0,60.0,20.0,64,WY-14643,0.5625,"Degeneration, granular, eosinophilic",0.859375,3.4664067016371564e-06,False
1419,True,True,both,2,WY-14643,5.109592765320689e-05,0.5333333333333333,0.8666666666666667,32.0,0.0,60.0,20.0,47,WY-14643,0.6808510638297872,"Degeneration, granular, eosinophilic",0.7872340425531915,1.8614434324441922e-07,False
1985,True,True,both,1,WY-14643,5.366963421782568e-05,0.5333333333333333,0.8583333333333333,32.0,0.0,60.0,20.0,44,WY-14643,0.7272727272727273,"Degeneration, granular, eosinophilic",0.9545454545454546,2.6097738032131727e-06,False
1850,True,True,both,2,acetamidofluorene,0.00038974900197744165,0.5333333333333333,0.8433333333333334,32.0,0.0,60.0,20.0,57,acetamidofluorene,0.5614035087719298,Swelling,0.5614035087719298,6.1670784390176e-05,False
1223,False,True,added,1,promethazine,0.0007821551942322258,0.5333333333333333,0.84,35.0,1.0,60.0,20.0,99,promethazine,0.36363636363636365,Ground glass appearance,0.2222222222222222,1.0,False
1504,True,True,both,3,acetamidofluorene,0.0024081571111374414,0.5333333333333333,0.8116666666666666,32.0,0.0,60.0,20.0,49,acetamidofluorene,0.6530612244897959,Swelling,0.6530612244897959,9.506804863532394e-05,False
1483,True,True,both,1,gemfibrozil,0.0005749784901492365,0.5333333333333333,0.8066666666666666,35.0,1.0,60.0,20.0,50,gemfibrozil,0.72,"Degeneration, granular, eosinophilic",0.4,0.0005497754912977,False
125,True,True,both,1,WY-14643,0.011981767129808063,0.5333333333333333,0.7833333333333333,32.0,0.0,60.0,20.0,62,WY-14643,0.5161290322580645,"Degeneration, granular, eosinophilic",0.5967741935483871,0.0003411353510936,False
5,False,True,added,2,acetamidofluorene,0.018186947691486623,0.5333333333333333,0.78,35.0,1.0,60.0,20.0,82,acetamidofluorene,0.43902439024390244,Swelling,0.4268292682926829,0.3457732278910692,False
238,False,True,added,1,clofibrate,0.004007277230838978,0.5262711864406779,0.8135593220338984,34.0,1.0,59.0,20.0,80,clofibrate,0.4375,Cellular infiltration,0.3,0.441666839113119,False
1068,True,True,both,1,clofibrate,5.139221801201145e-05,0.5254237288135594,0.8864406779661017,31.0,0.0,59.0,20.0,44,clofibrate,0.7045454545454546,"Degeneration, granular, eosinophilic",0.5909090909090909,0.0006856004381993,False
1138,True,True,both,1,clofibrate,0.0004484493413735826,0.5254237288135594,0.8389830508474576,31.0,0.0,59.0,20.0,51,clofibrate,0.6078431372549019,Swelling,0.37254901960784315,0.0006781088351874,False
85,True,True,both,1,clofibrate,0.0019542038333700143,0.5254237288135594,0.8084745762711865,31.0,0.0,59.0,20.0,51,clofibrate,0.6078431372549019,"Degeneration, granular, eosinophilic",0.45098039215686275,0.0245846608767958,False
209,True,True,both,1,WY-14643,1.240594906104636e-05,0.5166666666666667,0.9,31.0,0.0,60.0,20.0,39,WY-14643,0.7948717948717948,"Degeneration, granular, eosinophilic",0.9743589743589743,1.8511195442762042e-07,True
965,True,True,both,2,phenobarbital,0.00018843664724419462,0.5166666666666667,0.86,31.0,0.0,60.0,20.0,78,phenobarbital,0.3974358974358974,Hypertrophy,0.6923076923076923,4.933974626987756e-07,False
1969,True,True,both,1,fenofibrate,0.00026796189348231205,0.5166666666666667,0.8566666666666667,31.0,0.0,60.0,20.0,33,fenofibrate,0.9393939393939394,"Degeneration, granular, eosinophilic",0.9090909090909091,0.0011898653287717,False
1354,False,True,added,1,iproniazid,0.02157820766408702,0.5166666666666666,0.7733333333333333,34.0,1.0,60.0,20.0,197,promethazine,0.2182741116751269,"Hematopoiesis, extramedullary",0.08121827411167512,1.0,False
1043,False,True,added,2,acetamidofluorene,0.02746123913801864,0.5166666666666666,0.7716666666666666,34.0,1.0,60.0,20.0,101,nitrosodiethylamine,0.42574257425742573,Swelling,0.33663366336633666,0.4215098182943896,False
507,True,True,both,1,clofibrate,0.0019355711325675792,0.5084745762711864,0.8016949152542373,30.0,0.0,59.0,20.0,43,clofibrate,0.6976744186046512,"Degeneration, granular, eosinophilic",0.5348837209302325,0.0003109296008598,False
1121,False,True,added,1,clofibrate,0.007594684931167034,0.5084745762711864,0.7864406779661017,30.0,0.0,59.0,20.0,31,clofibrate,0.967741935483871,Swelling,0.6774193548387096,0.1611178831845021,False
1648,False,True,added,1,phalloidin,0.015262007822361767,0.5,1.0,5.0,0.0,10.0,10.0,29,ethambutol,0.4827586206896552,Single cell necrosis,0.4482758620689655,0.8347388030552377,False
1810,False,True,added,1,carbon tetrachloride,3.4940714856361695e-06,0.5,0.9416666666666667,33.0,1.0,60.0,20.0,73,carbon tetrachloride,0.4657534246575342,Cellular infiltration,0.5342465753424658,0.11609710119981,False
572,True,True,both,1,WY-14643,9.237588256569688e-06,0.5,0.9083333333333333,30.0,0.0,60.0,20.0,45,WY-14643,0.6666666666666666,"Degeneration, granular, eosinophilic",0.8666666666666667,3.826504813145023e-07,False
593,True,True,both,2,ticlopidine,0.00012107136373840685,0.5,0.88,30.0,0.0,60.0,20.0,63,ticlopidine,0.47619047619047616,Hypertrophy,0.47619047619047616,0.0006766721434755,False
223,True,True,both,3,thioacetamide,0.00041159346364114563,0.5,0.8583333333333333,30.0,0.0,60.0,20.0,137,hexachlorobenzene,0.29927007299270075,Hypertrophy,0.6496350364963503,5.793664824962853e-07,False
1435,True,True,both,2,acetamidofluorene,0.00020113886467995132,0.5,0.855,30.0,0.0,60.0,20.0,51,acetamidofluorene,0.5882352941176471,"Proliferation, oval cell",0.5882352941176471,8.952887796600926e-05,False
1576,True,True,both,1,benzbromarone,0.0006183675100523652,0.5,0.8339285714285715,28.0,0.0,56.0,20.0,52,benzbromarone,0.5384615384615384,Hypertrophy,0.9038461538461539,0.0002770503514819,False
918,False,True,added,1,promethazine,0.0020450109869005286,0.5,0.83,33.0,1.0,60.0,20.0,546,phenytoin,0.11538461538461539,Hypertrophy,0.21794871794871795,0.4362763667843652,False
1344,True,True,both,1,fenofibrate,0.0012416706022476988,0.5,0.8,30.0,0.0,60.0,20.0,37,fenofibrate,0.8108108108108109,"Degeneration, granular, eosinophilic",0.8108108108108109,1.4515762550436158e-05,False
461,False,True,added,1,bucetin,0.038691289148542314,0.5,0.7633333333333333,33.0,1.0,60.0,20.0,396,methylene dianiline,0.19696969696969696,Increased mitosis,0.06565656565656566,1.0,False
1280,True,True,both,2,acetamidofluorene,4.50615868729569e-06,0.48333333333333334,0.925,29.0,0.0,60.0,20.0,43,acetamidofluorene,0.6744186046511628,"Proliferation, bile duct",0.813953488372093,4.550142300093148e-06,False
1416,True,True,both,1,promethazine,9.310837479668787e-05,0.48333333333333334,0.86,29.0,0.0,60.0,20.0,39,promethazine,0.7435897435897436,Hypertrophy,0.8205128205128205,0.0101890166378211,False
570,True,True,both,2,acetamidofluorene,0.0011004491886905164,0.48333333333333334,0.8366666666666667,32.0,1.0,60.0,20.0,50,acetamidofluorene,0.66,Swelling,0.64,4.488440415411968e-05,False
897,True,True,both,1,WY-14643,9.921447948748699e-05,0.48333333333333334,0.825,29.0,0.0,60.0,20.0,30,WY-14643,0.9666666666666667,"Degeneration, granular, eosinophilic",1.0,7.689652821585874e-06,False
1425,True,True,both,1,fenofibrate,0.00926029649436248,0.48333333333333334,0.7933333333333333,29.0,0.0,60.0,20.0,217,WY-14643,0.31797235023041476,"Degeneration, granular, eosinophilic",0.5207373271889401,0.0187329650237951,True
1703,False,True,added,1,promethazine,0.024046178041354737,0.48333333333333334,0.7733333333333333,29.0,0.0,60.0,20.0,35,promethazine,0.8285714285714286,Hypertrophy,0.5142857142857142,1.0,False
1874,True,True,both,1,clofibrate,0.0009096814406318713,0.4745762711864407,0.8220338983050848,28.0,0.0,59.0,20.0,35,clofibrate,0.8,Swelling,0.5428571428571428,0.0060618728518079,False
1731,True,True,both,1,clofibrate,0.003838369371880234,0.4745762711864407,0.7949152542372881,28.0,0.0,59.0,20.0,39,clofibrate,0.717948717948718,Swelling,0.48717948717948717,0.007504950522155,False
933,True,True,both,1,clofibrate,0.014965288590367404,0.4745762711864407,0.764406779661017,28.0,0.0,59.0,20.0,30,clofibrate,0.9333333333333333,Swelling,0.6666666666666666,0.0139345610989358,False
952,True,True,both,1,fenofibrate,0.000624946090744006,0.46666666666666673,0.8533333333333334,31.0,1.0,60.0,20.0,92,WY-14643,0.34782608695652173,"Degeneration, granular, eosinophilic",0.6739130434782609,0.0140202529994353,False
413,True,True,both,1,ethinylestradiol,0.002643383193196959,0.46666666666666673,0.8133333333333334,31.0,1.0,60.0,20.0,53,ethinylestradiol,0.6037735849056604,"Vacuolization, cytoplasmic",0.33962264150943394,0.0084126782352832,False
1134,True,True,both,2,WY-14643,8.484020097295507e-06,0.4666666666666667,0.9,28.0,0.0,60.0,20.0,37,WY-14643,0.7567567567567568,"Degeneration, granular, eosinophilic",0.9459459459459459,3.14288124905388e-08,False
1560,True,True,both,1,WY-14643,2.599649251006559e-05,0.4666666666666667,0.8966666666666666,28.0,0.0,60.0,20.0,40,WY-14643,0.7,"Degeneration, granular, eosinophilic",0.825,4.836997525323966e-05,False
499,True,True,both,1,fenofibrate,0.00026796189348231205,0.4666666666666667,0.8083333333333333,28.0,0.0,60.0,20.0,34,fenofibrate,0.8235294117647058,"Degeneration, granular, eosinophilic",0.9117647058823529,1.6414601225193092e-06,False
1135,True,True,both,1,fenofibrate,0.0021759550339767028,0.4666666666666667,0.7833333333333333,28.0,0.0,60.0,20.0,32,fenofibrate,0.875,"Degeneration, granular, eosinophilic",0.875,0.0001466200601939,False
1030,True,True,both,1,nitrosodiethylamine,0.0236449545865838,0.4598039215686274,0.7784313725490196,26.0,1.0,51.0,20.0,55,nitrosodiethylamine,0.4909090909090909,Necrosis,0.4727272727272727,0.0375328497194912,False
476,False,True,added,1,theophylline,0.030599043616806293,0.45909090909090905,0.7745454545454545,28.0,1.0,55.0,20.0,110,theophylline,0.2636363636363636,Ground glass appearance,0.14545454545454545,1.0,False
868,False,True,added,1,clofibrate,0.02175004606026734,0.45847457627118643,0.7745762711864407,30.0,1.0,59.0,20.0,42,clofibrate,0.7380952380952381,Swelling,0.5,1.0,False
1210,True,True,both,1,clofibrate,0.04180683962461141,0.4576271186440678,0.735593220338983,27.0,0.0,59.0,20.0,38,clofibrate,0.7105263157894737,Swelling,0.47368421052631576,0.0258194675927313,False
707,False,True,added,1,theophylline,0.0019355711325675792,0.45454545454545453,0.8290909090909091,25.0,0.0,55.0,20.0,995,ticlopidine,0.06532663316582915,Hypertrophy,0.19095477386934673,0.1655646433346831,False
1605,True,True,both,1,ethionine,0.00014664218155495696,0.45,0.8666666666666667,27.0,0.0,60.0,20.0,43,ethionine,0.627906976744186,"Alteration, cytoplasmic",0.5348837209302325,0.001841488033308,False
268,True,True,both,1,phenobarbital,0.00012935602811189637,0.45,0.855,27.0,0.0,60.0,20.0,135,hexachlorobenzene,0.34814814814814815,Ground glass appearance,0.5407407407407407,0.000530282228181,False
846,False,True,added,1,1% cholesterol + 0.25% sodium cholate,0.0017629108916401232,0.45,0.85,9.0,0.0,20.0,20.0,9,1% cholesterol + 0.25% sodium cholate,1.0,"Degeneration, fatty",1.0,1.0,True
1776,True,True,both,2,WY-14643,0.0004322279729976951,0.45,0.8466666666666667,27.0,0.0,60.0,20.0,69,WY-14643,0.391304347826087,"Degeneration, granular, eosinophilic",0.6521739130434783,0.0001364892837946,False
1570,True,True,both,1,fenofibrate,0.0004947727594750629,0.45,0.8333333333333334,27.0,0.0,60.0,20.0,34,fenofibrate,0.7941176470588235,"Degeneration, granular, eosinophilic",0.7647058823529411,1.063772976739826e-05,False
1202,True,True,both,1,benzbromarone,0.002260861235055448,0.45,0.8232142857142857,28.0,1.0,56.0,20.0,105,phenobarbital,0.3523809523809524,Hypertrophy,0.580952380952381,0.0274619813424159,False
703,False,True,added,1,1% cholesterol + 0.25% sodium cholate,0.036386791391836495,0.45,0.775,9.0,0.0,20.0,20.0,9,1% cholesterol + 0.25% sodium cholate,1.0,"Degeneration, fatty",1.0,0.441666839113119,True
1356,False,True,added,1,1% cholesterol + 0.25% sodium cholate,0.005930941039933058,0.45,0.775,9.0,0.0,20.0,20.0,9,1% cholesterol + 0.25% sodium cholate,1.0,"Degeneration, fatty",1.0,0.1215260114845173,True
979,False,True,added,1,ethambutol,0.012897140528443039,0.45,0.7637931034482759,29.0,1.0,58.0,20.0,33,ethambutol,0.9090909090909091,Ground glass appearance,0.5454545454545454,0.0941328640096064,False
691,False,True,added,1,diltiazem,0.021999435351576998,0.4415254237288136,0.7745762711864407,29.0,1.0,59.0,20.0,44,diltiazem,0.6818181818181818,Hypertrophy,0.6136363636363636,0.3604231681104203,False
1284,True,True,both,2,WY-14643,4.637176980865667e-05,0.43333333333333335,0.8816666666666667,26.0,0.0,60.0,20.0,39,WY-14643,0.6666666666666666,"Degeneration, granular, eosinophilic",0.7948717948717948,7.883756532050692e-08,False
1219,False,True,added,1,ticlopidine,0.0006183675100523652,0.43333333333333335,0.8266666666666667,26.0,0.0,60.0,20.0,40,ticlopidine,0.65,Hypertrophy,0.675,0.1934873866066703,False
1980,True,True,both,2,gemfibrozil,0.0011029823282547142,0.43333333333333335,0.8,26.0,0.0,60.0,20.0,39,gemfibrozil,0.6666666666666666,"Degeneration, granular, eosinophilic",0.6666666666666666,1.0046461121077664e-06,False
775,True,True,both,1,fenofibrate,0.0009554993584573472,0.43333333333333335,0.7833333333333333,26.0,0.0,60.0,20.0,31,fenofibrate,0.8387096774193549,"Degeneration, granular, eosinophilic",0.8709677419354839,6.545031783672681e-06,False
1051,True,True,both,1,fenofibrate,0.0024081571111374414,0.43333333333333335,0.775,26.0,0.0,60.0,20.0,29,fenofibrate,0.896551724137931,"Degeneration, granular, eosinophilic",0.896551724137931,5.474536919196967e-05,False
1828,False,True,added,1,acetamidofluorene,0.04342873750800151,0.43333333333333335,0.74,26.0,0.0,60.0,20.0,59,acetamidofluorene,0.4406779661016949,Swelling,0.4406779661016949,0.188676764331796,False
751,True,True,both,1,gemfibrozil,0.038830963267959206,0.43333333333333335,0.7233333333333334,26.0,0.0,60.0,20.0,49,gemfibrozil,0.5306122448979592,"Degeneration, granular, eosinophilic",0.3673469387755102,0.00311205688529,False
523,False,True,added,1,diltiazem,0.0022753072372838573,0.423728813559322,0.8254237288135593,25.0,0.0,59.0,20.0,156,phenacetin,0.4230769230769231,Hypertrophy,0.32051282051282054,0.693057660813617,False
1026,True,True,both,1,ethionamide,0.009709330982666358,0.4230769230769231,0.7788461538461539,22.0,0.0,52.0,20.0,27,ethionamide,0.8148148148148148,"Vacuolization, cytoplasmic",0.8518518518518519,2.733160256612986e-05,False
929,True,True,both,2,ticlopidine,1.507153572037958e-05,0.4166666666666667,0.9083333333333333,25.0,0.0,60.0,20.0,39,ticlopidine,0.6410256410256411,Hypertrophy,0.6666666666666666,7.015670829091398e-05,False
165,True,True,both,3,WY-14643,5.0839767975754746e-05,0.4166666666666667,0.875,25.0,0.0,60.0,20.0,34,WY-14643,0.7352941176470589,"Degeneration, granular, eosinophilic",0.9411764705882353,3.9002596926603365e-09,False
1098,True,True,both,1,fenofibrate,0.001705365539726735,0.4166666666666667,0.8233333333333334,25.0,0.0,60.0,20.0,31,fenofibrate,0.8064516129032258,"Degeneration, granular, eosinophilic",0.8064516129032258,3.207521543133811e-06,False
620,True,True,both,1,promethazine,0.0009096814406318713,0.4166666666666667,0.8183333333333334,25.0,0.0,60.0,20.0,27,promethazine,0.9259259259259259,Hypertrophy,0.8518518518518519,0.0001668038040612,False
211,False,True,added,1,promethazine,0.0038380415448248007,0.4166666666666667,0.8116666666666666,25.0,0.0,60.0,20.0,92,promethazine,0.2717391304347826,Hypertrophy,0.2717391304347826,1.0,False
621,True,True,both,2,WY-14643,0.0011613305106099783,0.4166666666666667,0.8083333333333333,25.0,0.0,60.0,20.0,33,WY-14643,0.7575757575757576,"Degeneration, granular, eosinophilic",0.8787878787878788,2.335285532451413e-06,False
1901,True,True,both,2,ticlopidine,0.0012762511628380253,0.4166666666666667,0.805,25.0,0.0,60.0,20.0,54,ticlopidine,0.46296296296296297,Hypertrophy,0.48148148148148145,1.34706062374607e-05,False
815,False,True,added,1,promethazine,0.0008210984087515095,0.4166666666666667,0.7833333333333333,25.0,0.0,60.0,20.0,26,promethazine,0.9615384615384616,Ground glass appearance,0.8846153846153846,0.0983641237283555,False
214,True,True,both,1,gemfibrozil,0.02283374399737249,0.4166666666666667,0.7683333333333333,25.0,0.0,60.0,20.0,47,gemfibrozil,0.5319148936170213,"Degeneration, granular, eosinophilic",0.574468085106383,0.0321759717903265,False
1723,True,True,both,2,fenofibrate,0.005856355933921994,0.4166666666666667,0.7583333333333333,25.0,0.0,60.0,20.0,34,fenofibrate,0.7352941176470589,"Degeneration, granular, eosinophilic",0.9411764705882353,2.563376135539349e-06,False
41,True,True,both,1,fenofibrate,0.008360745295102053,0.4166666666666667,0.7416666666666667,25.0,0.0,60.0,20.0,27,fenofibrate,0.9259259259259259,"Degeneration, granular, eosinophilic",1.0,4.689667814447058e-05,False
13,True,True,both,2,benzbromarone,0.0004143504591498697,0.4107142857142857,0.8357142857142857,23.0,0.0,56.0,20.0,28,benzbromarone,0.8214285714285714,Hypertrophy,0.8571428571428571,0.0004432253940923,False
1794,True,True,both,2,diltiazem,0.014663925238252776,0.4076271186440678,0.7813559322033898,27.0,1.0,59.0,20.0,49,diltiazem,0.5714285714285714,Hypertrophy,0.7551020408163265,0.0400389256805363,False
1597,True,True,both,2,diltiazem,0.000382289594854152,0.4067796610169492,0.8525423728813559,24.0,0.0,59.0,20.0,60,diltiazem,0.4,Hypertrophy,0.65,0.0049150707012655,False
497,True,True,both,2,clofibrate,0.012305619812582626,0.4067796610169492,0.7627118644067796,24.0,0.0,59.0,20.0,44,clofibrate,0.5454545454545454,"Degeneration, granular, eosinophilic",0.5454545454545454,7.00852403306481e-05,False
942,True,True,both,2,promethazine,2.8011092427197992e-05,0.4,0.8916666666666667,24.0,0.0,60.0,20.0,88,papaverine,0.2840909090909091,Hypertrophy,0.5,3.1157105825461106e-05,False
801,True,True,both,1,WY-14643,0.00016218175185195617,0.4,0.85,24.0,0.0,60.0,20.0,30,WY-14643,0.8,"Degeneration, granular, eosinophilic",0.9333333333333333,2.563376135539349e-06,True
1225,True,True,both,1,ethionine,0.0007243273876907698,0.4,0.8433333333333334,24.0,0.0,60.0,20.0,37,ethionine,0.6486486486486487,"Alteration, cytoplasmic",0.6486486486486487,0.0320431916262082,False
535,False,True,added,1,1% cholesterol + 0.25% sodium cholate,0.008172493522482343,0.4,0.8,8.0,0.0,20.0,20.0,9,1% cholesterol + 0.25% sodium cholate,0.8888888888888888,"Degeneration, fatty",0.8888888888888888,0.1533450109555098,True
337,True,True,both,1,phenytoin,0.00241371761436452,0.4,0.7933333333333333,24.0,0.0,60.0,20.0,79,papaverine,0.35443037974683544,Hypertrophy,0.4430379746835443,0.0001309372198417,False
1795,True,True,both,1,fenofibrate,0.0018559406186919234,0.4,0.79,24.0,0.0,60.0,20.0,26,fenofibrate,0.9230769230769231,"Degeneration, granular, eosinophilic",1.0,2.6097738032131727e-06,False
774,True,True,both,2,gemfibrozil,0.006632595917780234,0.4,0.7516666666666667,24.0,0.0,60.0,20.0,45,gemfibrozil,0.5333333333333333,"Degeneration, granular, eosinophilic",0.9111111111111111,5.136652869113889e-07,False
141,True,True,both,1,ethambutol,0.0024081571111374414,0.39655172413793105,0.7810344827586206,23.0,0.0,58.0,20.0,27,ethambutol,0.8518518518518519,Ground glass appearance,0.6666666666666666,7.42756531487901e-05,False
901,False,True,added,1,ethambutol,0.0077609897867207695,0.39655172413793105,0.7672413793103449,23.0,0.0,58.0,20.0,26,ethambutol,0.8846153846153846,Ground glass appearance,0.7307692307692307,0.4667686906291553,False
230,False,True,added,1,clofibrate,0.020376732060931543,0.3898305084745763,0.7728813559322034,23.0,0.0,59.0,20.0,34,clofibrate,0.6764705882352942,"Degeneration, granular, eosinophilic",0.6470588235294118,0.5851874935120431,False
81,True,True,both,1,WY-14643,6.485742288187118e-05,0.38333333333333336,0.88,23.0,0.0,60.0,20.0,25,WY-14643,0.92,"Degeneration, granular, eosinophilic",0.96,9.58713290863248e-06,False
881,True,True,both,1,WY-14643,6.630625003762847e-05,0.38333333333333336,0.86,26.0,1.0,60.0,20.0,46,WY-14643,0.5869565217391305,"Degeneration, granular, eosinophilic",0.717391304347826,1.232763590109017e-05,False
554,True,True,both,3,gemfibrozil,0.0006864669288485799,0.38333333333333336,0.8166666666666667,23.0,0.0,60.0,20.0,65,gemfibrozil,0.35384615384615387,"Degeneration, granular, eosinophilic",0.5076923076923077,2.563376135539349e-06,False
1398,True,True,both,2,WY-14643,0.0038543003312245844,0.38333333333333336,0.79,23.0,0.0,60.0,20.0,43,WY-14643,0.5348837209302325,"Degeneration, granular, eosinophilic",0.9069767441860465,4.20935792228239e-08,False
913,True,True,both,1,acetamidofluorene,0.013492033992814454,0.38333333333333336,0.7683333333333333,23.0,0.0,60.0,20.0,44,acetamidofluorene,0.5227272727272727,"Proliferation, bile duct",0.5454545454545454,0.0003376906580293,False
1663,False,True,added,1,phenacetin,0.03762177956140677,0.38333333333333336,0.7633333333333333,26.0,1.0,60.0,20.0,48,phenacetin,0.5625,Hypertrophy,0.5416666666666666,0.1962077907242061,False
1894,True,True,both,3,methylene dianiline,0.043472812152767576,0.38333333333333336,0.745,23.0,0.0,60.0,20.0,53,methylene dianiline,0.4339622641509434,Hypertrophy,0.6226415094339622,4.20935792228239e-08,False
1120,True,True,both,1,ethambutol,0.0077609897867207695,0.3793103448275862,0.753448275862069,22.0,0.0,58.0,20.0,24,ethambutol,0.9166666666666666,Ground glass appearance,0.7916666666666666,0.0007630526378142,False
1655,False,True,added,1,ethambutol,0.026042382044370014,0.3793103448275862,0.7327586206896551,22.0,0.0,58.0,20.0,24,ethambutol,0.9166666666666666,Ground glass appearance,0.625,1.0,False
1330,True,True,both,1,clofibrate,0.008802091669922097,0.3728813559322034,0.7457627118644068,22.0,0.0,59.0,20.0,23,clofibrate,0.9565217391304348,Swelling,0.782608695652174,0.0008507870281874,False
887,True,True,both,1,monocrotaline,0.010599815840620391,0.37037037037037035,0.7592592592592593,20.0,0.0,54.0,20.0,57,monocrotaline,0.3508771929824561,Hypertrophy,0.42105263157894735,0.0048257014792227,False
1188,True,True,both,2,phenacetin,0.02047799405197984,0.3666666666666667,0.76,25.0,1.0,60.0,20.0,74,phenacetin,0.35135135135135137,Hypertrophy,0.44594594594594594,0.0018662583094786,False
1277,True,True,both,1,gemfibrozil,0.040209493785682025,0.3666666666666667,0.7366666666666667,25.0,1.0,60.0,20.0,63,gemfibrozil,0.4126984126984127,"Degeneration, granular, eosinophilic",0.4126984126984127,0.0010156918863409,False
1173,True,True,both,1,ethinylestradiol,2.7433044850551157e-06,0.36666666666666664,0.9383333333333334,22.0,0.0,60.0,20.0,32,ethinylestradiol,0.6875,"Change, eosinophilic",0.5,2.1959606220504613e-08,False
1945,True,True,both,1,WY-14643,9.915665196002692e-06,0.36666666666666664,0.9083333333333333,22.0,0.0,60.0,20.0,34,WY-14643,0.6470588235294118,"Degeneration, granular, eosinophilic",0.8235294117647058,3.14288124905388e-08,False
1715,True,True,both,1,acetamidofluorene,3.5252508038634565e-05,0.36666666666666664,0.8816666666666667,22.0,0.0,60.0,20.0,29,acetamidofluorene,0.7586206896551724,"Proliferation, bile duct",0.7931034482758621,0.0048666606861207,False
917,True,True,both,2,acetamidofluorene,0.0007764366671610529,0.36666666666666664,0.8083333333333333,22.0,0.0,60.0,20.0,40,acetamidofluorene,0.55,"Proliferation, oval cell",0.55,6.343578054929033e-06,False
871,False,True,added,1,sulfasalazine,0.0060046864010044766,0.36666666666666664,0.8016666666666666,22.0,0.0,60.0,20.0,28,sulfasalazine,0.7857142857142857,Swelling,0.6071428571428571,0.1173966960921246,False
747,True,True,both,1,WY-14643,0.011562156941296349,0.36666666666666664,0.77,22.0,0.0,60.0,20.0,26,WY-14643,0.8461538461538461,"Degeneration, granular, eosinophilic",0.8846153846153846,0.0003883797051794,False
1537,True,True,both,1,fenofibrate,0.03354584918237553,0.36666666666666664,0.7,22.0,0.0,60.0,20.0,22,fenofibrate,1.0,"Degeneration, granular, eosinophilic",1.0,0.0015353977907199,False
970,True,True,both,1,clofibrate,0.007028139222818876,0.3559322033898305,0.7711864406779662,21.0,0.0,59.0,20.0,21,clofibrate,1.0,Swelling,0.6666666666666666,0.0190272613883045,False
1694,False,True,added,1,diltiazem,0.024535252403982525,0.3559322033898305,0.7559322033898305,21.0,0.0,59.0,20.0,50,diltiazem,0.42,Hypertrophy,0.64,0.3457732278910692,False
1558,True,True,both,1,clofibrate,0.012232949960564095,0.3559322033898305,0.7372881355932204,21.0,0.0,59.0,20.0,23,clofibrate,0.9130434782608695,"Degeneration, granular, eosinophilic",0.8260869565217391,0.0002066800332436,False
70,False,True,added,1,naphthyl isothiocyanate,0.02368032892506397,0.35000000000000003,0.76,24.0,1.0,60.0,20.0,108,carbon tetrachloride,0.24074074074074073,Cellular infiltration,0.4074074074074074,1.0,False
1460,True,True,both,1,WY-14643,8.745524057907277e-05,0.35,0.825,21.0,0.0,60.0,20.0,25,WY-14643,0.84,"Degeneration, granular, eosinophilic",0.96,2.9765411948910434e-06,False
375,True,True,both,1,acetamidofluorene,0.0009725497248670992,0.35,0.8083333333333333,21.0,0.0,60.0,20.0,28,acetamidofluorene,0.75,"Proliferation, bile duct",0.8928571428571429,3.522206986525831e-06,False
659,True,True,both,1,WY-14643,0.0013230975975946874,0.35,0.8083333333333333,21.0,0.0,60.0,20.0,36,WY-14643,0.5833333333333334,"Degeneration, granular, eosinophilic",0.8333333333333334,5.387877872879738e-08,False
534,True,True,both,1,acetamidofluorene,0.0023328676289127897,0.35,0.7966666666666666,21.0,0.0,60.0,20.0,27,acetamidofluorene,0.7777777777777778,"Proliferation, oval cell",0.7777777777777778,0.0001303150053895,False
104,True,True,both,1,methylene dianiline,0.02998259086099954,0.35,0.74,21.0,0.0,60.0,20.0,23,methylene dianiline,0.9130434782608695,"Proliferation, bile duct",0.9130434782608695,0.0004826934888606,False
376,True,True,both,1,fenofibrate,0.014622087472489538,0.35,0.725,21.0,0.0,60.0,20.0,22,fenofibrate,0.9545454545454546,"Degeneration, granular, eosinophilic",1.0,0.0001466200601939,False
1805,True,True,both,1,ethambutol,0.04281052889290329,0.34655172413793106,0.7224137931034482,23.0,1.0,58.0,20.0,29,ethambutol,0.8275862068965517,Ground glass appearance,0.5172413793103449,0.0306847203834668,False
1200,True,True,both,1,ethambutol,0.019446880720001503,0.3448275862068966,0.7155172413793104,20.0,0.0,58.0,20.0,23,ethambutol,0.8695652173913043,Ground glass appearance,0.6956521739130435,0.0048036357430194,False
338,False,True,added,1,methapyrilene,0.042247784560483656,0.3398305084745763,0.752542372881356,23.0,1.0,59.0,20.0,95,methapyrilene,0.25263157894736843,Hypertrophy,0.37894736842105264,0.0517129415206661,False
996,False,True,added,1,disopyramide,0.006624520156873745,0.3389830508474576,0.7915254237288135,20.0,0.0,59.0,20.0,102,papaverine,0.4215686274509804,Ground glass appearance,0.21568627450980393,1.0,False
1566,True,True,both,1,thioacetamide,2.599649251006559e-05,0.3333333333333333,0.8916666666666667,20.0,0.0,60.0,20.0,20,thioacetamide,1.0,Hypertrophy,1.0,7.974505079704008e-06,False
1469,True,True,both,1,carbon tetrachloride,0.0007215191634793554,0.3333333333333333,0.8383333333333334,20.0,0.0,60.0,20.0,31,carbon tetrachloride,0.6451612903225806,Cellular infiltration,0.8709677419354839,0.0010898960558063,False
1569,True,True,both,2,WY-14643,0.0004413830257598583,0.3333333333333333,0.8166666666666667,20.0,0.0,60.0,20.0,41,WY-14643,0.4878048780487805,"Degeneration, granular, eosinophilic",0.6829268292682927,4.921844126909358e-06,False
1089,True,True,both,1,acetamidofluorene,0.0022539102603850603,0.3333333333333333,0.7916666666666666,20.0,0.0,60.0,20.0,27,acetamidofluorene,0.7407407407407407,"Proliferation, bile duct",0.9259259259259259,9.472869151037202e-06,False
429,True,True,both,2,ethionamide,0.0009024000407386176,0.3269230769230769,0.8269230769230769,17.0,0.0,52.0,20.0,31,ethionamide,0.5483870967741935,"Vacuolization, cytoplasmic",0.8064516129032258,2.428914872058949e-07,False
817,True,True,both,2,fenofibrate,5.290083337921074e-06,0.31666666666666665,0.9083333333333333,19.0,0.0,60.0,20.0,51,fenofibrate,0.37254901960784315,Hypertrophy,0.5686274509803921,4.902608476400792e-05,False
506,True,True,both,2,WY-14643,0.03895656335822133,0.31666666666666665,0.75,22.0,1.0,60.0,20.0,41,WY-14643,0.5609756097560976,"Degeneration, granular, eosinophilic",0.8048780487804879,0.0002198590897192,False
488,True,True,both,1,gemfibrozil,0.006617418841149371,0.31666666666666665,0.7483333333333333,19.0,0.0,60.0,20.0,39,gemfibrozil,0.48717948717948717,"Degeneration, granular, eosinophilic",0.46153846153846156,0.0019144268743121,False
32,True,True,both,2,gemfibrozil,0.009572203423533206,0.31666666666666665,0.745,22.0,1.0,60.0,20.0,42,gemfibrozil,0.5476190476190477,"Degeneration, granular, eosinophilic",0.9285714285714286,1.0917325286242475e-06,False
121,True,True,both,1,ticlopidine,0.017915283628228622,0.31666666666666665,0.7416666666666667,19.0,0.0,60.0,20.0,45,ticlopidine,0.4222222222222222,Hypertrophy,0.4888888888888889,0.0001415695885489,False
191,True,True,both,1,fenofibrate,0.011041136226750934,0.31666666666666665,0.7333333333333333,19.0,0.0,60.0,20.0,27,fenofibrate,0.7037037037037037,"Degeneration, granular, eosinophilic",0.8888888888888888,5.575160610847297e-06,False
1156,True,True,both,2,WY-14643,5.032531414125215e-06,0.3,0.925,18.0,0.0,60.0,20.0,21,WY-14643,0.8571428571428571,"Degeneration, granular, eosinophilic",1.0,1.4813324850211765e-08,False
1092,False,True,added,2,phalloidin,0.04771689300976413,0.3,0.9,3.0,0.0,10.0,10.0,28,promethazine,0.6785714285714286,Hypertrophy,0.4642857142857143,0.2381270112017067,False
1447,True,True,both,1,phalloidin,0.04771689300976413,0.3,0.9,3.0,0.0,10.0,10.0,5,phalloidin,0.6,Single cell necrosis,0.8,0.0165856734658062,False
1411,True,True,both,2,WY-14643,6.987390284449898e-05,0.3,0.8666666666666667,18.0,0.0,60.0,20.0,28,WY-14643,0.6428571428571429,"Degeneration, granular, eosinophilic",0.8571428571428571,2.8682613491282137e-06,False
1420,True,True,both,2,WY-14643,0.003278854359194514,0.3,0.815,18.0,0.0,60.0,20.0,54,gemfibrozil,0.37037037037037035,"Degeneration, granular, eosinophilic",0.8333333333333334,2.774373013039716e-06,False
1298,True,True,both,2,WY-14643,0.0010999954629844538,0.3,0.8083333333333333,18.0,0.0,60.0,20.0,35,WY-14643,0.5142857142857142,"Degeneration, granular, eosinophilic",0.9714285714285714,2.6097738032131727e-06,False
1480,True,True,both,1,gemfibrozil,0.02934455472740603,0.3,0.715,21.0,1.0,60.0,20.0,31,gemfibrozil,0.7096774193548387,Increased mitosis,0.45161290322580644,0.0271851150012153,False
293,True,True,both,1,ethambutol,0.029698716829239937,0.29310344827586204,0.7206896551724138,17.0,0.0,58.0,20.0,23,ethambutol,0.7391304347826086,"Alteration, nuclear",0.6521739130434783,0.0002150156233508,False
983,True,True,both,2,papaverine,0.012561076987573281,0.288135593220339,0.7762711864406779,17.0,0.0,59.0,20.0,56,phenytoin,0.3392857142857143,Hypertrophy,0.5178571428571429,0.0007545712172145,False
492,True,True,both,1,clofibrate,0.021550868760246714,0.288135593220339,0.7423728813559322,17.0,0.0,59.0,20.0,21,clofibrate,0.8095238095238095,Swelling,0.7142857142857143,7.446773389184565e-05,False
349,False,True,added,1,acetamidofluorene,0.008220358141246688,0.2833333333333333,0.7883333333333333,17.0,0.0,60.0,20.0,84,ticlopidine,0.5238095238095238,Hypertrophy,0.35714285714285715,0.0983641237283555,False
453,True,True,both,1,amitriptyline,0.0021001428392955507,0.2711864406779661,0.8050847457627118,16.0,0.0,59.0,20.0,26,amitriptyline,0.6153846153846154,Hypertrophy,0.7692307692307693,2.733160256612986e-05,False
401,True,True,both,1,diltiazem,0.013993583858759427,0.2711864406779661,0.7457627118644068,16.0,0.0,59.0,20.0,38,diltiazem,0.42105263157894735,Hypertrophy,0.8947368421052632,1.8236793571755976e-05,False
178,True,True,both,1,amitriptyline,0.015134671503278078,0.2711864406779661,0.7288135593220338,16.0,0.0,59.0,20.0,38,diltiazem,0.42105263157894735,Hypertrophy,0.9210526315789473,0.0018377746973722,False
875,False,True,added,1,benzbromarone,0.042035777286884936,0.26785714285714285,0.7571428571428571,15.0,0.0,56.0,20.0,134,phenobarbital,0.5,Hypertrophy,0.47761194029850745,0.8660789563304894,False
498,True,True,both,2,acetamidofluorene,0.0004143504591498697,0.26666666666666666,0.8333333333333334,16.0,0.0,60.0,20.0,24,acetamidofluorene,0.6666666666666666,"Proliferation, bile duct",0.7083333333333334,6.810997996542944e-06,False
377,True,True,both,2,gemfibrozil,0.0005537661733317211,0.26666666666666666,0.8166666666666667,16.0,0.0,60.0,20.0,37,WY-14643,0.43243243243243246,"Degeneration, granular, eosinophilic",0.8648648648648649,5.221850028815948e-09,False
1719,False,True,added,1,allyl alcohol,0.013442059056933204,0.26666666666666666,0.775,16.0,0.0,60.0,20.0,135,ethionine,0.42962962962962964,"Alteration, cytoplasmic",0.2518518518518518,0.8297954621140177,False
246,True,True,both,4,phenytoin,0.0236449545865838,0.26666666666666666,0.74,16.0,0.0,60.0,20.0,106,iproniazid,0.16037735849056603,Hypertrophy,0.41509433962264153,4.38248506990973e-07,False
1646,True,True,both,2,gemfibrozil,0.01431438124201343,0.26666666666666666,0.7,16.0,0.0,60.0,20.0,24,gemfibrozil,0.6666666666666666,"Degeneration, granular, eosinophilic",0.9166666666666666,1.3500491427434785e-05,False
912,True,True,both,2,theophylline,0.0068802823050814485,0.2545454545454545,0.7927272727272727,14.0,0.0,55.0,20.0,76,papaverine,0.27631578947368424,Ground glass appearance,0.40789473684210525,0.0008507870281874,False
202,True,True,both,1,WY-14643,0.00010544817054234995,0.25,0.8583333333333333,15.0,0.0,60.0,20.0,29,WY-14643,0.5172413793103449,Hypertrophy,0.7931034482758621,1.3915854392945036e-08,False
1594,True,True,both,1,acetamidofluorene,0.009868006453697785,0.25,0.75,15.0,0.0,60.0,20.0,18,acetamidofluorene,0.8333333333333334,"Proliferation, bile duct",0.9444444444444444,0.0002046450830543,False
1759,True,True,both,2,ticlopidine,0.015664525904486384,0.25,0.7416666666666667,15.0,0.0,60.0,20.0,27,ticlopidine,0.5555555555555556,Hypertrophy,0.5925925925925926,4.014171652641577e-06,False
1033,False,True,added,1,ethambutol,0.03826552434988934,0.2413793103448276,0.7517241379310344,14.0,0.0,58.0,20.0,257,promethazine,0.22957198443579765,Ground glass appearance,0.17120622568093385,1.0,False
193,True,True,both,2,ethambutol,0.007399852442724048,0.2413793103448276,0.746551724137931,14.0,0.0,58.0,20.0,40,methapyrilene,0.45,Single cell necrosis,0.525,1.14046390795679e-05,False
679,True,True,both,2,gemfibrozil,0.0025043582671756357,0.23333333333333334,0.7833333333333333,14.0,0.0,60.0,20.0,45,lomustine,0.3333333333333333,"Degeneration, granular, eosinophilic",0.5111111111111111,2.335285532451413e-06,False
1081,True,True,both,1,benzbromarone,0.017374663113986596,0.23214285714285715,0.7607142857142857,13.0,0.0,56.0,20.0,55,hexachlorobenzene,0.34545454545454546,Hypertrophy,0.7454545454545455,0.0017093618721189,False
1240,False,True,added,1,benzbromarone,0.04690032131794286,0.21785714285714286,0.7535714285714286,15.0,1.0,56.0,20.0,75,thioacetamide,0.30666666666666664,Hypertrophy,0.4266666666666667,1.0,False
1109,True,True,both,3,WY-14643,0.002521932122281859,0.21666666666666667,0.78,13.0,0.0,60.0,20.0,46,WY-14643,0.2826086956521739,"Degeneration, granular, eosinophilic",0.5652173913043478,7.883756532050692e-08,False
1262,True,True,both,1,acetamidofluorene,0.01568503342684569,0.21666666666666667,0.7533333333333333,13.0,0.0,60.0,20.0,23,acetamidofluorene,0.5652173913043478,"Proliferation, oval cell",0.5652173913043478,0.0010514286908324,False
1961,False,True,added,1,amitriptyline,0.004709501675738678,0.2033898305084746,0.7966101694915254,12.0,0.0,59.0,20.0,205,methylene dianiline,0.2634146341463415,Hypertrophy,0.23902439024390243,1.0,False
39,True,True,both,1,phalloidin,0.030599043616806293,0.2,0.96,2.0,0.0,10.0,10.0,48,ethambutol,0.4375,Single cell necrosis,0.5,0.0465431112719143,False
1470,True,True,both,1,clofibrate,0.0034212512311810263,0.1864406779661017,0.788135593220339,11.0,0.0,59.0,20.0,32,naphthyl isothiocyanate,0.40625,Cellular infiltration,0.6875,0.0004432253940923,False
1141,False,True,added,1,diltiazem,0.04595165663035442,0.1864406779661017,0.7237288135593221,11.0,0.0,59.0,20.0,70,phenacetin,0.35714285714285715,Hypertrophy,0.4142857142857143,0.1241948385193557,False
227,True,True,both,1,fenofibrate,0.0012529599902477043,0.18333333333333332,0.8166666666666667,11.0,0.0,60.0,20.0,117,ethinylestradiol,0.3162393162393162,"Degeneration, granular, eosinophilic",0.5726495726495726,0.0121487506754204,False
1455,True,True,both,2,WY-14643,0.044541286871807244,0.18333333333333332,0.7083333333333334,11.0,0.0,60.0,20.0,20,WY-14643,0.55,Increased mitosis,0.6,3.440314115154412e-05,False
1792,True,True,both,2,gemfibrozil,0.0016847015566491472,0.16666666666666666,0.775,10.0,0.0,60.0,20.0,31,gemfibrozil,0.3225806451612903,"Degeneration, granular, eosinophilic",0.41935483870967744,2.279482116352115e-07,False
1286,True,True,both,2,thioacetamide,0.024483387072138253,0.16666666666666666,0.725,10.0,0.0,60.0,20.0,30,thioacetamide,0.3333333333333333,Hypertrophy,0.6666666666666666,8.31187743801035e-08,False
1748,True,True,both,1,fenofibrate,0.036386791391836495,0.16666666666666666,0.7083333333333334,10.0,0.0,60.0,20.0,11,fenofibrate,0.9090909090909091,"Degeneration, granular, eosinophilic",0.9090909090909091,0.0015353977907199,False
1293,False,True,added,1,theophylline,0.04281052889290329,0.16363636363636364,0.7181818181818181,9.0,0.0,55.0,20.0,90,lornoxicam,0.4222222222222222,,,1.0,False
1281,True,True,both,1,acetamidofluorene,0.0009178367510910708,0.15,0.8266666666666667,9.0,0.0,60.0,20.0,26,nitrosodiethylamine,0.46153846153846156,"Change, acidophilic",0.4230769230769231,0.0013886455582762,False
1571,True,True,both,1,WY-14643,0.0020168898941458455,0.13333333333333333,0.8183333333333334,8.0,0.0,60.0,20.0,37,gemfibrozil,0.5135135135135135,"Degeneration, granular, eosinophilic",0.6756756756756757,9.436744558104304e-05,False
200,False,True,added,1,promethazine,0.021520564697601222,0.13333333333333333,0.7683333333333333,8.0,0.0,60.0,20.0,703,phenytoin,0.11379800853485064,"Hematopoiesis, extramedullary",0.044096728307254626,1.0,False
176,False,True,added,1,gemfibrozil,0.027262213019389265,0.13333333333333333,0.6916666666666667,8.0,0.0,60.0,20.0,463,phenobarbital,0.17062634989200864,Hypertrophy,0.35205183585313177,0.537988065784744,False
615,False,True,added,1,amitriptyline,0.030764067711636065,0.11864406779661017,0.7677966101694915,7.0,0.0,59.0,20.0,219,phenacetin,0.3105022831050228,Hypertrophy,0.2237442922374429,1.0,False
561,False,True,added,1,fenofibrate,0.0032055056725354986,0.11666666666666667,0.82,7.0,0.0,60.0,20.0,88,methylene dianiline,0.3977272727272727,Hypertrophy,0.3181818181818182,0.0763839578144157,False
1670,True,True,both,1,acetamidofluorene,0.012198426437685593,0.1,0.7333333333333333,6.0,0.0,60.0,20.0,20,ticlopidine,0.65,Hypertrophy,0.65,2.0044485437993727e-05,False
906,True,True,both,1,amitriptyline,0.03445686788221977,0.0847457627118644,0.7033898305084746,5.0,0.0,59.0,20.0,40,diltiazem,0.575,Hypertrophy,0.6,0.0281864925791256,False
1524,True,True,both,1,ethionine,0.04056334569222963,0.08333333333333333,0.745,5.0,0.0,60.0,20.0,22,gemfibrozil,0.45454545454545453,Increased mitosis,0.3181818181818182,9.535272120128444e-06,False
72,False,True,added,1,theophylline,0.04970956848616048,0.07272727272727272,0.7090909090909091,4.0,0.0,55.0,20.0,1039,gemfibrozil,0.0741097208854668,"Degeneration, granular, eosinophilic",0.08565928777670838,0.1063361803873064,False
109,False,True,added,1,allyl alcohol,0.01940871970013449,0.06666666666666667,0.7733333333333333,4.0,0.0,60.0,20.0,74,ethionine,0.44594594594594594,"Alteration, cytoplasmic",0.3108108108108108,0.3413583618997381,False
1154,False,True,added,1,naphthyl isothiocyanate,0.0236449545865838,0.06666666666666667,0.7516666666666667,4.0,0.0,60.0,20.0,131,ethinylestradiol,0.5038167938931297,"Change, eosinophilic",0.11450381679389313,1.0,False
372,False,True,added,1,gemfibrozil,0.04985611101173077,0.06666666666666667,0.7433333333333333,4.0,0.0,60.0,20.0,274,rosiglitazone maleate,0.2846715328467153,"Cellular infiltration, mononuclear cell",0.051094890510948905,1.0,False
1005,True,True,both,1,gemfibrozil,0.036386791391836495,0.06666666666666667,0.715,4.0,0.0,60.0,20.0,39,naphthyl isothiocyanate,0.41025641025641024,Cellular infiltration,0.6410256410256411,4.432258953882518e-06,False
1793,False,True,added,1,benzbromarone,0.04847846338342372,0.05357142857142857,0.7160714285714286,3.0,0.0,56.0,20.0,98,phenobarbital,0.5612244897959183,Hypertrophy,0.336734693877551,0.24081273745549,False
1259,True,True,both,2,carbon tetrachloride,4.248113936202922e-06,0.05,0.9316666666666666,3.0,0.0,60.0,20.0,26,allyl alcohol,0.2692307692307692,Necrosis,0.6538461538461539,7.997660562394691e-08,False
769,False,True,added,1,acetamidofluorene,0.02628039864870282,0.05,0.7733333333333333,3.0,0.0,60.0,20.0,22,carbon tetrachloride,0.2727272727272727,"Degeneration, fatty",0.2727272727272727,0.9894070025482776,False
465,False,True,added,1,acetaminophen,0.03152623799767635,0.05,0.755,3.0,0.0,60.0,20.0,112,phenobarbital,0.42857142857142855,,,1.0,False
1754,True,True,both,1,acetamidofluorene,0.01600720491712057,0.05,0.7483333333333333,3.0,0.0,60.0,20.0,15,nitrosodiethylamine,0.4666666666666667,"Proliferation, bile duct",0.6,0.029905271036555,False
849,False,True,added,1,carbon tetrachloride,0.040209493785682025,0.03333333333333333,0.7316666666666667,2.0,0.0,60.0,20.0,104,ethinylestradiol,0.6538461538461539,"Change, eosinophilic",0.21153846153846154,0.2834221356350357,False
1652,False,True,added,1,ethinylestradiol,0.009572203423533206,0.016666666666666666,0.7766666666666666,1.0,0.0,60.0,20.0,1,ethinylestradiol,1.0,,,0.2072868710756114,False
1394,True,True,both,1,fenofibrate,0.04677219894528559,0.016666666666666666,0.7233333333333334,1.0,0.0,60.0,20.0,23,methylene dianiline,0.8260869565217391,"Proliferation, bile duct",0.8695652173913043,0.000102907121376,False
45,True,False,removed,0,,,,,,,,,60,methapyrilene,0.26666666666666666,Single cell necrosis,0.5,0.003963164112935,False
74,True,False,removed,0,,,,,,,,,37,gemfibrozil,0.5675675675675675,Increased mitosis,0.5675675675675675,0.0215412642595154,False
95,True,False,removed,0,,,,,,,,,161,WY-14643,0.36645962732919257,"Degeneration, granular, eosinophilic",0.453416149068323,0.020187668931219,True
102,True,False,removed,0,,,,,,,,,9,WY-14643,0.8888888888888888,"Degeneration, granular, eosinophilic",1.0,0.0011641871370394,False
107,True,False,removed,0,,,,,,,,,74,ethinylestradiol,0.8513513513513513,"Change, eosinophilic",0.2972972972972973,0.0018662583094786,False
114,True,False,removed,0,,,,,,,,,40,methapyrilene,0.4,Single cell necrosis,0.6,0.0001756611252334,False
181,True,False,removed,0,,,,,,,,,53,WY-14643,0.41509433962264153,"Degeneration, granular, eosinophilic",0.5849056603773585,0.03350928559197,False
243,True,False,removed,0,,,,,,,,,30,gemfibrozil,0.5666666666666667,"Degeneration, granular, eosinophilic",0.9333333333333333,0.0006781088351874,False
295,True,False,removed,0,,,,,,,,,68,gemfibrozil,0.45588235294117646,"Degeneration, granular, eosinophilic",0.5,0.0355246389306253,False
298,True,False,removed,0,,,,,,,,,58,methylene dianiline,0.3620689655172414,Hypertrophy,0.5172413793103449,0.0009063006536575,False
359,True,False,removed,0,,,,,,,,,27,ethambutol,0.8888888888888888,Ground glass appearance,0.5185185185185185,0.0055439775594323,False
382,True,False,removed,0,,,,,,,,,25,lomustine,0.44,Hypertrophy,0.64,7.883756532050692e-08,False
388,True,False,removed,0,,,,,,,,,21,methylene dianiline,0.5714285714285714,Hypertrophy,0.8095238095238095,2.1476515127838443e-08,False
441,True,False,removed,0,,,,,,,,,24,papaverine,0.4583333333333333,Hypertrophy,0.7083333333333334,0.0001303150053895,False
528,True,False,removed,0,,,,,,,,,24,phenacetin,0.4166666666666667,Hypertrophy,0.7916666666666666,9.112634404209144e-07,False
531,True,False,removed,0,,,,,,,,,55,ticlopidine,0.4,Hypertrophy,0.4,0.0198884624020165,False
539,True,False,removed,0,,,,,,,,,75,carbon tetrachloride,0.8266666666666667,"Degeneration, fatty",0.8,0.0003561270153198,False
581,True,False,removed,0,,,,,,,,,74,monocrotaline,0.20270270270270271,"Hematopoiesis, extramedullary",0.24324324324324326,0.0204947440101329,False
585,True,False,removed,0,,,,,,,,,19,ethambutol,0.6842105263157895,"Alteration, nuclear",0.6842105263157895,0.0007545712172145,False
592,True,False,removed,0,,,,,,,,,37,methylene dianiline,0.5945945945945946,Hypertrophy,0.6756756756756757,4.246642463580019e-05,False
599,True,False,removed,0,,,,,,,,,65,methapyrilene,0.27692307692307694,Single cell necrosis,0.38461538461538464,0.0015353977907199,False
618,True,False,removed,0,,,,,,,,,36,methapyrilene,0.4444444444444444,Single cell necrosis,0.75,0.0002036786634186,False
646,True,False,removed,0,,,,,,,,,16,lornoxicam,0.75,"Hematopoiesis, extramedullary",0.25,0.0095315089383553,False
693,True,False,removed,0,,,,,,,,,36,methapyrilene,0.3888888888888889,Single cell necrosis,0.7222222222222222,0.0011809004994727,False
709,True,False,removed,0,,,,,,,,,29,diltiazem,0.6206896551724138,Hypertrophy,0.8620689655172413,0.0139345610989358,False
723,True,False,removed,0,,,,,,,,,34,naphthyl isothiocyanate,0.35294117647058826,Cellular infiltration,0.6470588235294118,4.253092896059011e-05,False
730,True,False,removed,0,,,,,,,,,25,gemfibrozil,0.6,"Degeneration, granular, eosinophilic",0.76,0.0012420286344909,False
755,True,False,removed,0,,,,,,,,,81,gemfibrozil,0.35802469135802467,"Degeneration, granular, eosinophilic",0.5679012345679012,5.552875670372584e-05,False
835,True,False,removed,0,,,,,,,,,31,ethambutol,0.5483870967741935,Ground glass appearance,0.3870967741935484,0.0465431112719143,False
894,True,False,removed,0,,,,,,,,,32,methapyrilene,0.4375,Hypertrophy,0.625,0.0113835605310394,False
931,True,False,removed,0,,,,,,,,,75,carbon tetrachloride,0.8133333333333334,"Degeneration, fatty",0.7866666666666666,0.0397357720231315,False
940,True,False,removed,0,,,,,,,,,22,methylene dianiline,0.8181818181818182,Hypertrophy,0.7727272727272727,0.0059140480391107,False
944,True,False,removed,0,,,,,,,,,39,amitriptyline,0.38461538461538464,Hypertrophy,0.5641025641025641,0.025862925961517,False
993,True,False,removed,0,,,,,,,,,14,lornoxicam,0.6428571428571429,"Hematopoiesis, extramedullary",0.21428571428571427,0.0417109837285595,False
1022,True,False,removed,0,,,,,,,,,6,methylene dianiline,0.5,Hypertrophy,1.0,0.0469811017524493,False
1028,True,False,removed,0,,,,,,,,,53,gemfibrozil,0.49056603773584906,"Degeneration, granular, eosinophilic",0.6415094339622641,0.0363188079736553,False
1047,True,False,removed,0,,,,,,,,,16,methylene dianiline,0.75,Hypertrophy,1.0,1.6870259910771042e-06,False
1054,True,False,removed,0,,,,,,,,,37,methylene dianiline,0.4864864864864865,Hypertrophy,0.5675675675675675,0.0047509074444619,False
1055,True,False,removed,0,,,,,,,,,25,sulfasalazine,0.56,Swelling,0.44,0.0076308170447303,False
1073,True,False,removed,0,,,,,,,,,19,lomustine,0.5263157894736842,Single cell necrosis,0.6842105263157895,1.996431868863433e-07,False
1115,True,False,removed,0,,,,,,,,,65,papaverine,0.4,Ground glass appearance,0.46153846153846156,0.0001589681738229,False
1128,True,False,removed,0,,,,,,,,,17,methylene dianiline,0.29411764705882354,Hypertrophy,0.7647058823529411,0.0377357910360553,False
1129,True,False,removed,0,,,,,,,,,1,WY-14643,1.0,Granuloma,1.0,0.0400389256805363,False
1167,True,False,removed,0,,,,,,,,,8,nitrosodiethylamine,0.375,"Change, acidophilic",0.625,0.0326079432870116,False
1174,True,False,removed,0,,,,,,,,,6,ticlopidine,0.5,Hypertrophy,0.8333333333333334,0.0126770870444811,False
1199,True,False,removed,0,,,,,,,,,41,lomustine,0.5365853658536586,"Degeneration, granular, eosinophilic",0.4146341463414634,0.0121251537709588,False
1234,True,False,removed,0,,,,,,,,,30,amitriptyline,0.4,Hypertrophy,0.7666666666666667,9.295194564134164e-06,False
1238,True,False,removed,0,,,,,,,,,22,methylene dianiline,0.8181818181818182,Hypertrophy,0.9090909090909091,1.2819463269155024e-05,False
1276,True,False,removed,0,,,,,,,,,80,ethambutol,0.225,Hypertrophy,0.4375,1.1569430490603164e-05,False
1287,True,False,removed,0,,,,,,,,,28,methylene dianiline,0.7142857142857143,"Proliferation, bile duct",0.8571428571428571,4.411772403403467e-05,False
1295,True,False,removed,0,,,,,,,,,15,ticlopidine,0.8,Hypertrophy,0.8666666666666667,0.0261426519077654,False
1337,True,False,removed,0,,,,,,,,,28,fenofibrate,0.7857142857142857,"Degeneration, granular, eosinophilic",0.75,0.0238448522939865,False
1363,True,False,removed,0,,,,,,,,,13,methylene dianiline,0.8461538461538461,Hypertrophy,1.0,4.680656216007528e-05,False
1375,True,False,removed,0,,,,,,,,,77,ethinylestradiol,0.6363636363636364,"Change, eosinophilic",0.2857142857142857,0.0010514286908324,False
1476,True,False,removed,0,,,,,,,,,49,gemfibrozil,0.46938775510204084,"Degeneration, granular, eosinophilic",0.30612244897959184,0.0018377746973722,False
1528,True,False,removed,0,,,,,,,,,18,ethambutol,0.3333333333333333,Hypertrophy,0.6111111111111112,0.0202158282983977,False
1542,True,False,removed,0,,,,,,,,,82,ethinylestradiol,0.6951219512195121,"Change, eosinophilic",0.2682926829268293,0.0107470165210843,False
1580,True,False,removed,0,,,,,,,,,25,gemfibrozil,0.6,"Degeneration, granular, eosinophilic",0.72,0.0337791254190078,False
1581,True,False,removed,0,,,,,,,,,77,carbon tetrachloride,0.8051948051948052,"Degeneration, fatty",0.7792207792207793,0.029905271036555,False
1626,True,False,removed,0,,,,,,,,,26,amitriptyline,0.4230769230769231,Hypertrophy,0.9230769230769231,2.294501655773337e-05,False
1632,True,False,removed,0,,,,,,,,,66,methapyrilene,0.3484848484848485,Hypertrophy,0.3484848484848485,0.010351014248718,False
1680,True,False,removed,0,,,,,,,,,17,lornoxicam,0.6470588235294118,"Hematopoiesis, extramedullary",0.29411764705882354,0.0144855251688269,False
1689,True,False,removed,0,,,,,,,,,28,methapyrilene,0.35714285714285715,Single cell necrosis,0.4642857142857143,0.0020118686244576,False
1726,True,False,removed,0,,,,,,,,,48,methapyrilene,0.3125,Single cell necrosis,0.5416666666666666,0.0003210752533911,False
1766,True,False,removed,0,,,,,,,,,26,methylene dianiline,0.5769230769230769,Hypertrophy,0.6538461538461539,3.696201845657888e-07,False
1811,True,False,removed,0,,,,,,,,,34,lomustine,0.5294117647058824,Hypertrophy,0.47058823529411764,1.5198671102583126e-07,False
1847,True,False,removed,0,,,,,,,,,10,phalloidin,0.4,Single cell necrosis,0.5,0.0177805225490709,False
1860,True,False,removed,0,,,,,,,,,53,phenacetin,0.6415094339622641,Hypertrophy,0.5283018867924528,0.004476850814977,False
1865,True,False,removed,0,,,,,,,,,36,naphthyl isothiocyanate,0.5,Cellular infiltration,0.4722222222222222,0.0444203518158479,False
1902,True,False,removed,0,,,,,,,,,13,sulfasalazine,0.3076923076923077,Cellular infiltration,0.5384615384615384,0.0189614815665744,False
1936,True,False,removed,0,,,,,,,,,23,methylene dianiline,0.43478260869565216,"Proliferation, bile duct",0.43478260869565216,0.0023770287539136,False
1944,True,False,removed,0,,,,,,,,,7,nitrosodiethylamine,0.8571428571428571,"Change, acidophilic",0.8571428571428571,0.0476822013275686,False
1977,True,False,removed,0,,,,,,,,,17,methylene dianiline,0.8823529411764706,Hypertrophy,0.9411764705882353,8.034557510279416e-07,False
