old_cluster,global_selected,stratified_selected,difference,stratified_global_absence_selected
0,0.996624553958916,0.993851866139454,-0.0027726878194619,0.994092969428103
4,0.9235137247689548,0.9326175916134076,0.0091038668444526,0.9978159915398409
5,1.0,0.9999923663539416,-7.63364605838035e-06,0.9999923663539416
14,0.8396740011017856,0.0385786966525162,-0.8010953044492692,0.9971969279626689
21,0.999765757676316,0.9990044701243436,-0.0007612875519724,0.9990044701243437
25,0.9941528732180396,0.9930753060467415,-0.0010775671712979,0.993587592078998
29,0.9544190145693904,0.2965105070368228,-0.6579085075325677,0.29659313117959735
42,0.0002483854942871,0.8828614008941877,0.8826130153999006,0.9612518628912071
52,0.2140689239511806,0.0513162709602428,-0.1627526529909378,0.93017198699873
53,0.0016221518032292,0.7987777274784971,0.7971555756752678,0.8148106232080882
54,0.9870955127578454,0.9864111838889432,-0.0006843288689021,0.9866392935119106
55,0.9285230810883984,0.919046974414512,-0.0094761066738865,0.9207391363205631
62,0.9658035606601788,0.7263728209743109,-0.2394307396858678,0.9999907226154803
63,0.998493098390629,0.9975688654035484,-0.0009242329870807,0.9976090494464648
65,0.999035071441826,0.9960289478567452,-0.0030061235850806,0.997327890146595
67,0.999983265465499,0.9999330618619958,-5.0203603503162775e-05,0.9999386400401629
77,0.9998941201383496,0.9985706218677208,-0.0013234982706289,0.9986765017293711
81,0.996935648621042,0.5699693564862104,-0.4269662921348315,0.571701381178665
93,0.9706122448979592,0.9692677070828332,-0.001344537815126,0.9815126050420168
