method,tissue_filter,old_cluster,patch_retention
A_global,False,0,0.996624553958916
A_global,False,4,0.9235137247689549
A_global,False,5,1.0
A_global,False,14,0.8396740011017856
A_global,False,21,0.9997657576763161
A_global,False,25,0.9941528732180396
A_global,False,29,0.9544190145693905
A_global,False,42,0.00024838549428713363
A_global,False,52,0.21406892395118066
A_global,False,53,0.0016221518032292139
A_global,False,54,0.9870955127578454
A_global,False,55,0.9285230810883985
A_global,False,62,0.9658035606601787
A_global,False,63,0.998493098390629
A_global,False,65,0.9990350714418259
A_global,False,67,0.999983265465499
A_global,False,77,0.9998941201383497
A_global,False,81,0.9969356486210419
A_global,False,93,0.9706122448979592
A_global,True,0,0.996624553958916
A_global,True,4,0.11248793047956228
A_global,True,5,0.97854563775296
A_global,True,14,0.8387666483035743
A_global,True,21,0.999453434578071
A_global,True,25,0.9941528732180396
A_global,True,29,0.9536203145225701
A_global,True,42,0.00024838549428713363
A_global,True,52,0.21365994360376261
A_global,True,53,0.0016221518032292139
A_global,True,54,0.9870955127578454
A_global,True,55,0.8062136185190198
A_global,True,62,0.9593279462653889
A_global,True,63,0.9775572120311025
A_global,True,65,0.9990350714418259
A_global,True,67,0.9769063423885759
A_global,True,77,0.9998941201383497
A_global,True,81,0.9956477328240885
A_global,True,93,0.9705642256902761
B1_local_control,False,0,0.9938518661394541
B1_local_control,False,4,0.9326175916134075
B1_local_control,False,5,0.9999923663539416
B1_local_control,False,14,0.03857869665251629
B1_local_control,False,21,0.9990044701243437
B1_local_control,False,25,0.9930753060467417
B1_local_control,False,29,0.2965105070368228
B1_local_control,False,42,0.8828614008941877
B1_local_control,False,52,0.051316270960242806
B1_local_control,False,53,0.7987777274784971
B1_local_control,False,54,0.9864111838889432
B1_local_control,False,55,0.919046974414512
B1_local_control,False,62,0.7263728209743109
B1_local_control,False,63,0.9975688654035483
B1_local_control,False,65,0.9960289478567452
B1_local_control,False,67,0.9999330618619958
B1_local_control,False,77,0.9985706218677207
B1_local_control,False,81,0.5699693564862104
B1_local_control,False,93,0.9692677070828332
B1_local_control,True,0,0.9938518661394541
B1_local_control,True,4,0.12156880776127638
B1_local_control,True,5,0.9785380041069016
B1_local_control,True,14,0.03767134385430507
B1_local_control,True,21,0.9986921470260985
B1_local_control,True,25,0.9930753060467417
B1_local_control,True,29,0.29527114489520506
B1_local_control,True,42,0.8828614008941877
B1_local_control,True,52,0.050907290612824764
B1_local_control,True,53,0.7987777274784971
B1_local_control,True,54,0.9864111838889432
B1_local_control,True,55,0.796128333558955
B1_local_control,True,62,0.719897206579521
B1_local_control,True,63,0.9766329790440216
B1_local_control,True,65,0.9960289478567452
B1_local_control,True,67,0.9768561387850728
B1_local_control,True,77,0.9985706218677207
B1_local_control,True,81,0.5686370297997069
B1_local_control,True,93,0.9692196878751501
B2_global_control,False,0,0.994092969428103
B2_global_control,False,4,0.9978159915398409
B2_global_control,False,5,0.9999923663539416
B2_global_control,False,14,0.9971969279626689
B2_global_control,False,21,0.9990044701243437
B2_global_control,False,25,0.993587592078998
B2_global_control,False,29,0.29659313117959735
B2_global_control,False,42,0.9612518628912071
B2_global_control,False,52,0.93017198699873
B2_global_control,False,53,0.8148106232080882
B2_global_control,False,54,0.9866392935119106
B2_global_control,False,55,0.9207391363205631
B2_global_control,False,62,0.9999907226154803
B2_global_control,False,63,0.9976090494464648
B2_global_control,False,65,0.997327890146595
B2_global_control,False,67,0.9999386400401629
B2_global_control,False,77,0.9986765017293711
B2_global_control,False,81,0.571701381178665
B2_global_control,False,93,0.9815126050420168
B2_global_control,True,0,0.994092969428103
B2_global_control,True,4,0.18658329118580164
B2_global_control,True,5,0.9785380041069016
B2_global_control,True,14,0.9962895751644577
B2_global_control,True,21,0.9986921470260985
B2_global_control,True,25,0.993587592078998
B2_global_control,True,29,0.29535376903797955
B2_global_control,True,42,0.9597615499254843
B2_global_control,True,52,0.929763006651312
B2_global_control,True,53,0.8139429606156632
B2_global_control,True,54,0.9866392935119106
B2_global_control,True,55,0.7979558684174902
B2_global_control,True,62,0.9935151082206904
B2_global_control,True,63,0.9766731630869382
B2_global_control,True,65,0.997327890146595
B2_global_control,True,67,0.9768617169632398
B2_global_control,True,77,0.9986765017293711
B2_global_control,True,81,0.5703690544921615
B2_global_control,True,93,0.9814645858343337
