old_cluster,global_selected,stratified_selected,difference
0,0.996624553958916,0.9938518661394541,-0.0027726878194619387
4,0.9235137247689549,0.9326175916134075,0.009103866844452635
5,1.0,0.9999923663539416,-7.63364605838035e-06
14,0.8396740011017856,0.03857869665251629,-0.8010953044492692
21,0.9997657576763161,0.9990044701243437,-0.0007612875519724671
25,0.9941528732180396,0.9930753060467417,-0.0010775671712979218
29,0.9544190145693905,0.2965105070368228,-0.6579085075325677
42,0.00024838549428713363,0.8828614008941877,0.8826130153999006
52,0.21406892395118066,0.051316270960242806,-0.16275265299093786
53,0.0016221518032292139,0.7987777274784971,0.7971555756752678
54,0.9870955127578454,0.9864111838889432,-0.0006843288689021287
55,0.9285230810883985,0.919046974414512,-0.009476106673886542
62,0.9658035606601787,0.7263728209743109,-0.2394307396858678
63,0.998493098390629,0.9975688654035483,-0.0009242329870807753
65,0.9990350714418259,0.9960289478567452,-0.003006123585080678
67,0.999983265465499,0.9999330618619958,-5.0203603503162775e-05
77,0.9998941201383497,0.9985706218677207,-0.0013234982706289422
81,0.9969356486210419,0.5699693564862104,-0.4269662921348315
93,0.9706122448979592,0.9692677070828332,-0.0013445378151260012
