slide_id,svs_path,sacrifice_period,compound_name,dose,dose_unit,dose_level,exp_id,group_id,individual_id,sex_type,strain_type,n_findings,finding_types,finding_sites,max_grade_ord,n_findings_treatment_related,has_finding,max_grade,duplicate_animal_slide,facility_id,facility_status,target_grades,target_topographies,target_grade_ord,target_spontaneous_flags,target_label_present,target_strict_positive,target_finding,label_status,role,match_id,holdout_group,selection_reason,feature_path
34934,data/TGGATEs/WSI/Liver/15_day/34934.svs,15 day,fenofibrate,0,mg/kg,Control,434,3,1,Male,Crj:CD(SD)IGS,0,[],[],,0,False,,False,unknown,not_available_in_local_metadata,,,,,False,False,"Degeneration, granular, eosinophilic",source_annotation_unreviewed,control,fenofibrate:01,fenofibrate,equal compound/role counts; matched experiment and timepoint,outputs/0009_20260919_tier1_corpus_clustering/features_tier1_corpus/34934.h5
35000,data/TGGATEs/WSI/Liver/15_day/35000.svs,15 day,fenofibrate,10,mg/kg,Low,434,7,5,Male,Crj:CD(SD)IGS,1,"[""Degeneration, granular, eosinophilic""]","[""Degeneration, granular, eosinophilic @ Hepatocyte""]",1.0,1,True,minimal,False,unknown,not_available_in_local_metadata,minimal,Hepatocyte,1.0,false,True,True,"Degeneration, granular, eosinophilic",source_annotation_unreviewed,positive,fenofibrate:01,fenofibrate,equal compound/role counts; matched experiment and timepoint,outputs/0009_20260919_tier1_corpus_clustering/features_tier1_corpus/35000.h5
34989,data/TGGATEs/WSI/Liver/15_day/34989.svs,15 day,fenofibrate,10,mg/kg,Low,434,7,1,Male,Crj:CD(SD)IGS,0,[],[],,0,False,,False,unknown,not_available_in_local_metadata,,,,,False,False,"Degeneration, granular, eosinophilic",source_annotation_unreviewed,treated_negative,fenofibrate:01,fenofibrate,equal compound/role counts; matched experiment and timepoint,outputs/0009_20260919_tier1_corpus_clustering/features_tier1_corpus/34989.h5
34937,data/TGGATEs/WSI/Liver/15_day/34937.svs,15 day,fenofibrate,0,mg/kg,Control,434,3,2,Male,Crj:CD(SD)IGS,0,[],[],,0,False,,False,unknown,not_available_in_local_metadata,,,,,False,False,"Degeneration, granular, eosinophilic",source_annotation_unreviewed,control,fenofibrate:02,fenofibrate,equal compound/role counts; matched experiment and timepoint,outputs/0009_20260919_tier1_corpus_clustering/features_tier1_corpus/34937.h5
35045,data/TGGATEs/WSI/Liver/15_day/35045.svs,15 day,fenofibrate,100,mg/kg,Middle,434,11,1,Male,Crj:CD(SD)IGS,1,"[""Degeneration, granular, eosinophilic""]","[""Degeneration, granular, eosinophilic @ Hepatocyte""]",2.0,1,True,slight,False,unknown,not_available_in_local_metadata,slight,Hepatocyte,2.0,false,True,True,"Degeneration, granular, eosinophilic",source_annotation_unreviewed,positive,fenofibrate:02,fenofibrate,equal compound/role counts; matched experiment and timepoint,outputs/0009_20260919_tier1_corpus_clustering/features_tier1_corpus/35045.h5
34992,data/TGGATEs/WSI/Liver/15_day/34992.svs,15 day,fenofibrate,10,mg/kg,Low,434,7,2,Male,Crj:CD(SD)IGS,0,[],[],,0,False,,False,unknown,not_available_in_local_metadata,,,,,False,False,"Degeneration, granular, eosinophilic",source_annotation_unreviewed,treated_negative,fenofibrate:02,fenofibrate,equal compound/role counts; matched experiment and timepoint,outputs/0009_20260919_tier1_corpus_clustering/features_tier1_corpus/34992.h5
34939,data/TGGATEs/WSI/Liver/15_day/34939.svs,15 day,fenofibrate,0,mg/kg,Control,434,3,3,Male,Crj:CD(SD)IGS,0,[],[],,0,False,,False,unknown,not_available_in_local_metadata,,,,,False,False,"Degeneration, granular, eosinophilic",source_annotation_unreviewed,control,fenofibrate:03,fenofibrate,equal compound/role counts; matched experiment and timepoint,outputs/0009_20260919_tier1_corpus_clustering/features_tier1_corpus/34939.h5
35104,data/TGGATEs/WSI/Liver/15_day/35104.svs,15 day,fenofibrate,1000,mg/kg,High,434,15,1,Male,Crj:CD(SD)IGS,1,"[""Degeneration, granular, eosinophilic""]","[""Degeneration, granular, eosinophilic @ Hepatocyte""]",3.0,1,True,moderate,False,unknown,not_available_in_local_metadata,moderate,Hepatocyte,3.0,false,True,True,"Degeneration, granular, eosinophilic",source_annotation_unreviewed,positive,fenofibrate:03,fenofibrate,equal compound/role counts; matched experiment and timepoint,outputs/0009_20260919_tier1_corpus_clustering/features_tier1_corpus/35104.h5
34994,data/TGGATEs/WSI/Liver/15_day/34994.svs,15 day,fenofibrate,10,mg/kg,Low,434,7,3,Male,Crj:CD(SD)IGS,0,[],[],,0,False,,False,unknown,not_available_in_local_metadata,,,,,False,False,"Degeneration, granular, eosinophilic",source_annotation_unreviewed,treated_negative,fenofibrate:03,fenofibrate,equal compound/role counts; matched experiment and timepoint,outputs/0009_20260919_tier1_corpus_clustering/features_tier1_corpus/34994.h5
34912,data/TGGATEs/WSI/Liver/4_day/34912.svs,4 day,fenofibrate,0,mg/kg,Control,434,1,2,Male,Crj:CD(SD)IGS,0,[],[],,0,False,,False,unknown,not_available_in_local_metadata,,,,,False,False,"Degeneration, granular, eosinophilic",source_annotation_unreviewed,control,fenofibrate:04,fenofibrate,equal compound/role counts; matched experiment and timepoint,outputs/0009_20260919_tier1_corpus_clustering/features_tier1_corpus/34912.h5
35017,data/TGGATEs/WSI/Liver/4_day/35017.svs,4 day,fenofibrate,100,mg/kg,Middle,434,9,1,Male,Crj:CD(SD)IGS,2,"[""Degeneration, granular, eosinophilic"", ""Increased mitosis""]","[""Degeneration, granular, eosinophilic @ Hepatocyte"", ""Increased mitosis @ Hepatocyte""]",1.0,2,True,minimal,False,unknown,not_available_in_local_metadata,minimal,Hepatocyte,1.0,false,True,True,"Degeneration, granular, eosinophilic",source_annotation_unreviewed,positive,fenofibrate:04,fenofibrate,equal compound/role counts; matched experiment and timepoint,outputs/0009_20260919_tier1_corpus_clustering/features_tier1_corpus/35017.h5
34964,data/TGGATEs/WSI/Liver/4_day/34964.svs,4 day,fenofibrate,10,mg/kg,Low,434,5,2,Male,Crj:CD(SD)IGS,0,[],[],,0,False,,False,unknown,not_available_in_local_metadata,,,,,False,False,"Degeneration, granular, eosinophilic",source_annotation_unreviewed,treated_negative,fenofibrate:04,fenofibrate,equal compound/role counts; matched experiment and timepoint,outputs/0009_20260919_tier1_corpus_clustering/features_tier1_corpus/34964.h5
34922,data/TGGATEs/WSI/Liver/8_day/34922.svs,8 day,fenofibrate,0,mg/kg,Control,434,2,1,Male,Crj:CD(SD)IGS,0,[],[],,0,False,,False,unknown,not_available_in_local_metadata,,,,,False,False,"Degeneration, granular, eosinophilic",source_annotation_unreviewed,control,fenofibrate:05,fenofibrate,equal compound/role counts; matched experiment and timepoint,outputs/0009_20260919_tier1_corpus_clustering/features_tier1_corpus/34922.h5
35031,data/TGGATEs/WSI/Liver/8_day/35031.svs,8 day,fenofibrate,100,mg/kg,Middle,434,10,1,Male,Crj:CD(SD)IGS,1,"[""Degeneration, granular, eosinophilic""]","[""Degeneration, granular, eosinophilic @ Hepatocyte""]",1.0,1,True,minimal,False,unknown,not_available_in_local_metadata,minimal,Hepatocyte,1.0,false,True,True,"Degeneration, granular, eosinophilic",source_annotation_unreviewed,positive,fenofibrate:05,fenofibrate,equal compound/role counts; matched experiment and timepoint,outputs/0009_20260919_tier1_corpus_clustering/features_tier1_corpus/35031.h5
34975,data/TGGATEs/WSI/Liver/8_day/34975.svs,8 day,fenofibrate,10,mg/kg,Low,434,6,1,Male,Crj:CD(SD)IGS,0,[],[],,0,False,,False,unknown,not_available_in_local_metadata,,,,,False,False,"Degeneration, granular, eosinophilic",source_annotation_unreviewed,treated_negative,fenofibrate:05,fenofibrate,equal compound/role counts; matched experiment and timepoint,outputs/0009_20260919_tier1_corpus_clustering/features_tier1_corpus/34975.h5
34927,data/TGGATEs/WSI/Liver/8_day/34927.svs,8 day,fenofibrate,0,mg/kg,Control,434,2,3,Male,Crj:CD(SD)IGS,0,[],[],,0,False,,False,unknown,not_available_in_local_metadata,,,,,False,False,"Degeneration, granular, eosinophilic",source_annotation_unreviewed,control,fenofibrate:06,fenofibrate,equal compound/role counts; matched experiment and timepoint,outputs/0009_20260919_tier1_corpus_clustering/features_tier1_corpus/34927.h5
35033,data/TGGATEs/WSI/Liver/8_day/35033.svs,8 day,fenofibrate,100,mg/kg,Middle,434,10,2,Male,Crj:CD(SD)IGS,1,"[""Degeneration, granular, eosinophilic""]","[""Degeneration, granular, eosinophilic @ Hepatocyte""]",2.0,1,True,slight,False,unknown,not_available_in_local_metadata,slight,Hepatocyte,2.0,false,True,True,"Degeneration, granular, eosinophilic",source_annotation_unreviewed,positive,fenofibrate:06,fenofibrate,equal compound/role counts; matched experiment and timepoint,outputs/0009_20260919_tier1_corpus_clustering/features_tier1_corpus/35033.h5
34980,data/TGGATEs/WSI/Liver/8_day/34980.svs,8 day,fenofibrate,10,mg/kg,Low,434,6,3,Male,Crj:CD(SD)IGS,0,[],[],,0,False,,False,unknown,not_available_in_local_metadata,,,,,False,False,"Degeneration, granular, eosinophilic",source_annotation_unreviewed,treated_negative,fenofibrate:06,fenofibrate,equal compound/role counts; matched experiment and timepoint,outputs/0009_20260919_tier1_corpus_clustering/features_tier1_corpus/34980.h5
34942,data/TGGATEs/WSI/Liver/15_day/34942.svs,15 day,fenofibrate,0,mg/kg,Control,434,3,4,Male,Crj:CD(SD)IGS,0,[],[],,0,False,,False,unknown,not_available_in_local_metadata,,,,,False,False,"Degeneration, granular, eosinophilic",source_annotation_unreviewed,control,fenofibrate:07,fenofibrate,equal compound/role counts; matched experiment and timepoint,outputs/0009_20260919_tier1_corpus_clustering/features_tier1_corpus/34942.h5
35048,data/TGGATEs/WSI/Liver/15_day/35048.svs,15 day,fenofibrate,100,mg/kg,Middle,434,11,2,Male,Crj:CD(SD)IGS,1,"[""Degeneration, granular, eosinophilic""]","[""Degeneration, granular, eosinophilic @ Hepatocyte""]",2.0,1,True,slight,False,unknown,not_available_in_local_metadata,slight,Hepatocyte,2.0,false,True,True,"Degeneration, granular, eosinophilic",source_annotation_unreviewed,positive,fenofibrate:07,fenofibrate,equal compound/role counts; matched experiment and timepoint,outputs/0009_20260919_tier1_corpus_clustering/features_tier1_corpus/35048.h5
34997,data/TGGATEs/WSI/Liver/15_day/34997.svs,15 day,fenofibrate,10,mg/kg,Low,434,7,4,Male,Crj:CD(SD)IGS,0,[],[],,0,False,,False,unknown,not_available_in_local_metadata,,,,,False,False,"Degeneration, granular, eosinophilic",source_annotation_unreviewed,treated_negative,fenofibrate:07,fenofibrate,equal compound/role counts; matched experiment and timepoint,outputs/0009_20260919_tier1_corpus_clustering/features_tier1_corpus/34997.h5
34917,data/TGGATEs/WSI/Liver/4_day/34917.svs,4 day,fenofibrate,0,mg/kg,Control,434,1,4,Male,Crj:CD(SD)IGS,0,[],[],,0,False,,False,unknown,not_available_in_local_metadata,,,,,False,False,"Degeneration, granular, eosinophilic",source_annotation_unreviewed,control,fenofibrate:08,fenofibrate,equal compound/role counts; matched experiment and timepoint,outputs/0009_20260919_tier1_corpus_clustering/features_tier1_corpus/34917.h5
35020,data/TGGATEs/WSI/Liver/4_day/35020.svs,4 day,fenofibrate,100,mg/kg,Middle,434,9,2,Male,Crj:CD(SD)IGS,2,"[""Degeneration, granular, eosinophilic"", ""Increased mitosis""]","[""Degeneration, granular, eosinophilic @ Hepatocyte"", ""Increased mitosis @ Hepatocyte""]",1.0,2,True,minimal,False,unknown,not_available_in_local_metadata,minimal,Hepatocyte,1.0,false,True,True,"Degeneration, granular, eosinophilic",source_annotation_unreviewed,positive,fenofibrate:08,fenofibrate,equal compound/role counts; matched experiment and timepoint,outputs/0009_20260919_tier1_corpus_clustering/features_tier1_corpus/35020.h5
34970,data/TGGATEs/WSI/Liver/4_day/34970.svs,4 day,fenofibrate,10,mg/kg,Low,434,5,4,Male,Crj:CD(SD)IGS,0,[],[],,0,False,,False,unknown,not_available_in_local_metadata,,,,,False,False,"Degeneration, granular, eosinophilic",source_annotation_unreviewed,treated_negative,fenofibrate:08,fenofibrate,equal compound/role counts; matched experiment and timepoint,outputs/0009_20260919_tier1_corpus_clustering/features_tier1_corpus/34970.h5
34932,data/TGGATEs/WSI/Liver/8_day/34932.svs,8 day,fenofibrate,0,mg/kg,Control,434,2,5,Male,Crj:CD(SD)IGS,0,[],[],,0,False,,False,unknown,not_available_in_local_metadata,,,,,False,False,"Degeneration, granular, eosinophilic",source_annotation_unreviewed,control,fenofibrate:09,fenofibrate,equal compound/role counts; matched experiment and timepoint,outputs/0009_20260919_tier1_corpus_clustering/features_tier1_corpus/34932.h5
35036,data/TGGATEs/WSI/Liver/8_day/35036.svs,8 day,fenofibrate,100,mg/kg,Middle,434,10,3,Male,Crj:CD(SD)IGS,1,"[""Degeneration, granular, eosinophilic""]","[""Degeneration, granular, eosinophilic @ Hepatocyte""]",2.0,1,True,slight,False,unknown,not_available_in_local_metadata,slight,Hepatocyte,2.0,false,True,True,"Degeneration, granular, eosinophilic",source_annotation_unreviewed,positive,fenofibrate:09,fenofibrate,equal compound/role counts; matched experiment and timepoint,outputs/0009_20260919_tier1_corpus_clustering/features_tier1_corpus/35036.h5
34986,data/TGGATEs/WSI/Liver/8_day/34986.svs,8 day,fenofibrate,10,mg/kg,Low,434,6,5,Male,Crj:CD(SD)IGS,0,[],[],,0,False,,False,unknown,not_available_in_local_metadata,,,,,False,False,"Degeneration, granular, eosinophilic",source_annotation_unreviewed,treated_negative,fenofibrate:09,fenofibrate,equal compound/role counts; matched experiment and timepoint,outputs/0009_20260919_tier1_corpus_clustering/features_tier1_corpus/34986.h5
34910,data/TGGATEs/WSI/Liver/4_day/34910.svs,4 day,fenofibrate,0,mg/kg,Control,434,1,1,Male,Crj:CD(SD)IGS,0,[],[],,0,False,,False,unknown,not_available_in_local_metadata,,,,,False,False,"Degeneration, granular, eosinophilic",source_annotation_unreviewed,control,fenofibrate:10,fenofibrate,equal compound/role counts; matched experiment and timepoint,outputs/0009_20260919_tier1_corpus_clustering/features_tier1_corpus/34910.h5
35076,data/TGGATEs/WSI/Liver/4_day/35076.svs,4 day,fenofibrate,1000,mg/kg,High,434,13,1,Male,Crj:CD(SD)IGS,2,"[""Degeneration, granular, eosinophilic"", ""Increased mitosis""]","[""Degeneration, granular, eosinophilic @ Hepatocyte"", ""Increased mitosis @ Hepatocyte""]",1.0,2,True,minimal,False,unknown,not_available_in_local_metadata,minimal,Hepatocyte,1.0,false,True,True,"Degeneration, granular, eosinophilic",source_annotation_unreviewed,positive,fenofibrate:10,fenofibrate,equal compound/role counts; matched experiment and timepoint,outputs/0009_20260919_tier1_corpus_clustering/features_tier1_corpus/35076.h5
34961,data/TGGATEs/WSI/Liver/4_day/34961.svs,4 day,fenofibrate,10,mg/kg,Low,434,5,1,Male,Crj:CD(SD)IGS,0,[],[],,0,False,,False,unknown,not_available_in_local_metadata,,,,,False,False,"Degeneration, granular, eosinophilic",source_annotation_unreviewed,treated_negative,fenofibrate:10,fenofibrate,equal compound/role counts; matched experiment and timepoint,outputs/0009_20260919_tier1_corpus_clustering/features_tier1_corpus/34961.h5
29836,data/TGGATEs/WSI/Liver/15_day/29836.svs,15 day,gemfibrozil,0,mg/kg,Control,184,3,1,Male,Crj:CD(SD)IGS,0,[],[],,0,False,,False,unknown,not_available_in_local_metadata,,,,,False,False,"Degeneration, granular, eosinophilic",source_annotation_unreviewed,control,gemfibrozil:01,gemfibrozil,equal compound/role counts; matched experiment and timepoint,outputs/0009_20260919_tier1_corpus_clustering/features_tier1_corpus/29836.h5
29882,data/TGGATEs/WSI/Liver/15_day/29882.svs,15 day,gemfibrozil,30,mg/kg,Low,184,7,1,Male,Crj:CD(SD)IGS,1,"[""Degeneration, granular, eosinophilic""]","[""Degeneration, granular, eosinophilic @ Hepatocyte""]",1.0,1,True,minimal,False,unknown,not_available_in_local_metadata,minimal,Hepatocyte,1.0,false,True,True,"Degeneration, granular, eosinophilic",source_annotation_unreviewed,positive,gemfibrozil:01,gemfibrozil,equal compound/role counts; matched experiment and timepoint,outputs/0009_20260919_tier1_corpus_clustering/features_tier1_corpus/29882.h5
29884,data/TGGATEs/WSI/Liver/15_day/29884.svs,15 day,gemfibrozil,30,mg/kg,Low,184,7,2,Male,Crj:CD(SD)IGS,1,"[""Necrosis""]","[""Necrosis @ Hepatocyte""]",1.0,0,True,minimal,False,unknown,not_available_in_local_metadata,,,,,False,False,"Degeneration, granular, eosinophilic",source_annotation_unreviewed,treated_negative,gemfibrozil:01,gemfibrozil,equal compound/role counts; matched experiment and timepoint,outputs/0009_20260919_tier1_corpus_clustering/features_tier1_corpus/29884.h5
29843,data/TGGATEs/WSI/Liver/15_day/29843.svs,15 day,gemfibrozil,0,mg/kg,Control,184,3,4,Male,Crj:CD(SD)IGS,0,[],[],,0,False,,False,unknown,not_available_in_local_metadata,,,,,False,False,"Degeneration, granular, eosinophilic",source_annotation_unreviewed,control,gemfibrozil:02,gemfibrozil,equal compound/role counts; matched experiment and timepoint,outputs/0009_20260919_tier1_corpus_clustering/features_tier1_corpus/29843.h5
29931,data/TGGATEs/WSI/Liver/15_day/29931.svs,15 day,gemfibrozil,100,mg/kg,Middle,184,11,2,Male,Crj:CD(SD)IGS,1,"[""Degeneration, granular, eosinophilic""]","[""Degeneration, granular, eosinophilic @ Hepatocyte""]",2.0,1,True,slight,False,unknown,not_available_in_local_metadata,slight,Hepatocyte,2.0,false,True,True,"Degeneration, granular, eosinophilic",source_annotation_unreviewed,positive,gemfibrozil:02,gemfibrozil,equal compound/role counts; matched experiment and timepoint,outputs/0009_20260919_tier1_corpus_clustering/features_tier1_corpus/29931.h5
29891,data/TGGATEs/WSI/Liver/15_day/29891.svs,15 day,gemfibrozil,30,mg/kg,Low,184,7,5,Male,Crj:CD(SD)IGS,1,"[""Granuloma""]","[""Granuloma @ unspecified""]",1.0,0,True,minimal,False,unknown,not_available_in_local_metadata,,,,,False,False,"Degeneration, granular, eosinophilic",source_annotation_unreviewed,treated_negative,gemfibrozil:02,gemfibrozil,equal compound/role counts; matched experiment and timepoint,outputs/0009_20260919_tier1_corpus_clustering/features_tier1_corpus/29891.h5
29847,data/TGGATEs/WSI/Liver/29_day/29847.svs,29 day,gemfibrozil,0,mg/kg,Control,184,4,1,Male,Crj:CD(SD)IGS,1,"[""Necrosis""]","[""Necrosis @ Hepatocyte""]",1.0,0,True,minimal,False,unknown,not_available_in_local_metadata,,,,,False,False,"Degeneration, granular, eosinophilic",source_annotation_unreviewed,control,gemfibrozil:03,gemfibrozil,equal compound/role counts; matched experiment and timepoint,outputs/0009_20260919_tier1_corpus_clustering/features_tier1_corpus/29847.h5
29893,data/TGGATEs/WSI/Liver/29_day/29893.svs,29 day,gemfibrozil,30,mg/kg,Low,184,8,1,Male,Crj:CD(SD)IGS,2,"[""Degeneration, granular, eosinophilic"", ""Granuloma""]","[""Degeneration, granular, eosinophilic @ Hepatocyte"", ""Granuloma @ unspecified""]",1.0,1,True,minimal,False,unknown,not_available_in_local_metadata,minimal,Hepatocyte,1.0,false,True,True,"Degeneration, granular, eosinophilic",source_annotation_unreviewed,positive,gemfibrozil:03,gemfibrozil,equal compound/role counts; matched experiment and timepoint,outputs/0009_20260919_tier1_corpus_clustering/features_tier1_corpus/29893.h5
29896,data/TGGATEs/WSI/Liver/29_day/29896.svs,29 day,gemfibrozil,30,mg/kg,Low,184,8,2,Male,Crj:CD(SD)IGS,0,[],[],,0,False,,False,unknown,not_available_in_local_metadata,,,,,False,False,"Degeneration, granular, eosinophilic",source_annotation_unreviewed,treated_negative,gemfibrozil:03,gemfibrozil,equal compound/role counts; matched experiment and timepoint,outputs/0009_20260919_tier1_corpus_clustering/features_tier1_corpus/29896.h5
29824,data/TGGATEs/WSI/Liver/8_day/29824.svs,8 day,gemfibrozil,0,mg/kg,Control,184,2,1,Male,Crj:CD(SD)IGS,0,[],[],,0,False,,False,unknown,not_available_in_local_metadata,,,,,False,False,"Degeneration, granular, eosinophilic",source_annotation_unreviewed,control,gemfibrozil:04,gemfibrozil,equal compound/role counts; matched experiment and timepoint,outputs/0009_20260919_tier1_corpus_clustering/features_tier1_corpus/29824.h5
29958,data/TGGATEs/WSI/Liver/8_day/29958.svs,8 day,gemfibrozil,300,mg/kg,High,184,14,1,Male,Crj:CD(SD)IGS,1,"[""Degeneration, granular, eosinophilic""]","[""Degeneration, granular, eosinophilic @ Hepatocyte""]",1.0,1,True,minimal,False,unknown,not_available_in_local_metadata,minimal,Hepatocyte,1.0,false,True,True,"Degeneration, granular, eosinophilic",source_annotation_unreviewed,positive,gemfibrozil:04,gemfibrozil,equal compound/role counts; matched experiment and timepoint,outputs/0009_20260919_tier1_corpus_clustering/features_tier1_corpus/29958.h5
29870,data/TGGATEs/WSI/Liver/8_day/29870.svs,8 day,gemfibrozil,30,mg/kg,Low,184,6,1,Male,Crj:CD(SD)IGS,0,[],[],,0,False,,False,unknown,not_available_in_local_metadata,,,,,False,False,"Degeneration, granular, eosinophilic",source_annotation_unreviewed,treated_negative,gemfibrozil:04,gemfibrozil,equal compound/role counts; matched experiment and timepoint,outputs/0009_20260919_tier1_corpus_clustering/features_tier1_corpus/29870.h5
29838,data/TGGATEs/WSI/Liver/15_day/29838.svs,15 day,gemfibrozil,0,mg/kg,Control,184,3,2,Male,Crj:CD(SD)IGS,0,[],[],,0,False,,False,unknown,not_available_in_local_metadata,,,,,False,False,"Degeneration, granular, eosinophilic",source_annotation_unreviewed,control,gemfibrozil:05,gemfibrozil,equal compound/role counts; matched experiment and timepoint,outputs/0009_20260919_tier1_corpus_clustering/features_tier1_corpus/29838.h5
29929,data/TGGATEs/WSI/Liver/15_day/29929.svs,15 day,gemfibrozil,100,mg/kg,Middle,184,11,1,Male,Crj:CD(SD)IGS,1,"[""Degeneration, granular, eosinophilic""]","[""Degeneration, granular, eosinophilic @ Hepatocyte""]",1.0,1,True,minimal,False,unknown,not_available_in_local_metadata,minimal,Hepatocyte,1.0,false,True,True,"Degeneration, granular, eosinophilic",source_annotation_unreviewed,positive,gemfibrozil:05,gemfibrozil,equal compound/role counts; matched experiment and timepoint,outputs/0009_20260919_tier1_corpus_clustering/features_tier1_corpus/29929.h5
29886,data/TGGATEs/WSI/Liver/15_day/29886.svs,15 day,gemfibrozil,30,mg/kg,Low,184,7,3,Male,Crj:CD(SD)IGS,0,[],[],,0,False,,False,unknown,not_available_in_local_metadata,,,,,False,False,"Degeneration, granular, eosinophilic",source_annotation_unreviewed,treated_negative,gemfibrozil:05,gemfibrozil,equal compound/role counts; matched experiment and timepoint,outputs/0009_20260919_tier1_corpus_clustering/features_tier1_corpus/29886.h5
29840,data/TGGATEs/WSI/Liver/15_day/29840.svs,15 day,gemfibrozil,0,mg/kg,Control,184,3,3,Male,Crj:CD(SD)IGS,0,[],[],,0,False,,False,unknown,not_available_in_local_metadata,,,,,False,False,"Degeneration, granular, eosinophilic",source_annotation_unreviewed,control,gemfibrozil:06,gemfibrozil,equal compound/role counts; matched experiment and timepoint,outputs/0009_20260919_tier1_corpus_clustering/features_tier1_corpus/29840.h5
29969,data/TGGATEs/WSI/Liver/15_day/29969.svs,15 day,gemfibrozil,300,mg/kg,High,184,15,1,Male,Crj:CD(SD)IGS,1,"[""Degeneration, granular, eosinophilic""]","[""Degeneration, granular, eosinophilic @ Hepatocyte""]",2.0,1,True,slight,False,unknown,not_available_in_local_metadata,slight,Hepatocyte,2.0,false,True,True,"Degeneration, granular, eosinophilic",source_annotation_unreviewed,positive,gemfibrozil:06,gemfibrozil,equal compound/role counts; matched experiment and timepoint,outputs/0009_20260919_tier1_corpus_clustering/features_tier1_corpus/29969.h5
29889,data/TGGATEs/WSI/Liver/15_day/29889.svs,15 day,gemfibrozil,30,mg/kg,Low,184,7,4,Male,Crj:CD(SD)IGS,0,[],[],,0,False,,False,unknown,not_available_in_local_metadata,,,,,False,False,"Degeneration, granular, eosinophilic",source_annotation_unreviewed,treated_negative,gemfibrozil:06,gemfibrozil,equal compound/role counts; matched experiment and timepoint,outputs/0009_20260919_tier1_corpus_clustering/features_tier1_corpus/29889.h5
29826,data/TGGATEs/WSI/Liver/8_day/29826.svs,8 day,gemfibrozil,0,mg/kg,Control,184,2,2,Male,Crj:CD(SD)IGS,0,[],[],,0,False,,False,unknown,not_available_in_local_metadata,,,,,False,False,"Degeneration, granular, eosinophilic",source_annotation_unreviewed,control,gemfibrozil:07,gemfibrozil,equal compound/role counts; matched experiment and timepoint,outputs/0009_20260919_tier1_corpus_clustering/features_tier1_corpus/29826.h5
29960,data/TGGATEs/WSI/Liver/8_day/29960.svs,8 day,gemfibrozil,300,mg/kg,High,184,14,2,Male,Crj:CD(SD)IGS,1,"[""Degeneration, granular, eosinophilic""]","[""Degeneration, granular, eosinophilic @ Hepatocyte""]",1.0,1,True,minimal,False,unknown,not_available_in_local_metadata,minimal,Hepatocyte,1.0,false,True,True,"Degeneration, granular, eosinophilic",source_annotation_unreviewed,positive,gemfibrozil:07,gemfibrozil,equal compound/role counts; matched experiment and timepoint,outputs/0009_20260919_tier1_corpus_clustering/features_tier1_corpus/29960.h5
29917,data/TGGATEs/WSI/Liver/8_day/29917.svs,8 day,gemfibrozil,100,mg/kg,Middle,184,10,1,Male,Crj:CD(SD)IGS,0,[],[],,0,False,,False,unknown,not_available_in_local_metadata,,,,,False,False,"Degeneration, granular, eosinophilic",source_annotation_unreviewed,treated_negative,gemfibrozil:07,gemfibrozil,equal compound/role counts; matched experiment and timepoint,outputs/0009_20260919_tier1_corpus_clustering/features_tier1_corpus/29917.h5
29829,data/TGGATEs/WSI/Liver/8_day/29829.svs,8 day,gemfibrozil,0,mg/kg,Control,184,2,3,Male,Crj:CD(SD)IGS,1,"[""Proliferation, Kupffer cell""]","[""Proliferation, Kupffer cell @ Sinusoid""]",1.0,0,True,minimal,False,unknown,not_available_in_local_metadata,,,,,False,False,"Degeneration, granular, eosinophilic",source_annotation_unreviewed,control,gemfibrozil:08,gemfibrozil,equal compound/role counts; matched experiment and timepoint,outputs/0009_20260919_tier1_corpus_clustering/features_tier1_corpus/29829.h5
29962,data/TGGATEs/WSI/Liver/8_day/29962.svs,8 day,gemfibrozil,300,mg/kg,High,184,14,3,Male,Crj:CD(SD)IGS,1,"[""Degeneration, granular, eosinophilic""]","[""Degeneration, granular, eosinophilic @ Hepatocyte""]",1.0,1,True,minimal,False,unknown,not_available_in_local_metadata,minimal,Hepatocyte,1.0,false,True,True,"Degeneration, granular, eosinophilic",source_annotation_unreviewed,positive,gemfibrozil:08,gemfibrozil,equal compound/role counts; matched experiment and timepoint,outputs/0009_20260919_tier1_corpus_clustering/features_tier1_corpus/29962.h5
29872,data/TGGATEs/WSI/Liver/8_day/29872.svs,8 day,gemfibrozil,30,mg/kg,Low,184,6,2,Male,Crj:CD(SD)IGS,0,[],[],,0,False,,False,unknown,not_available_in_local_metadata,,,,,False,False,"Degeneration, granular, eosinophilic",source_annotation_unreviewed,treated_negative,gemfibrozil:08,gemfibrozil,equal compound/role counts; matched experiment and timepoint,outputs/0009_20260919_tier1_corpus_clustering/features_tier1_corpus/29872.h5
29831,data/TGGATEs/WSI/Liver/8_day/29831.svs,8 day,gemfibrozil,0,mg/kg,Control,184,2,4,Male,Crj:CD(SD)IGS,0,[],[],,0,False,,False,unknown,not_available_in_local_metadata,,,,,False,False,"Degeneration, granular, eosinophilic",source_annotation_unreviewed,control,gemfibrozil:09,gemfibrozil,equal compound/role counts; matched experiment and timepoint,outputs/0009_20260919_tier1_corpus_clustering/features_tier1_corpus/29831.h5
29965,data/TGGATEs/WSI/Liver/8_day/29965.svs,8 day,gemfibrozil,300,mg/kg,High,184,14,4,Male,Crj:CD(SD)IGS,1,"[""Degeneration, granular, eosinophilic""]","[""Degeneration, granular, eosinophilic @ Hepatocyte""]",1.0,1,True,minimal,False,unknown,not_available_in_local_metadata,minimal,Hepatocyte,1.0,false,True,True,"Degeneration, granular, eosinophilic",source_annotation_unreviewed,positive,gemfibrozil:09,gemfibrozil,equal compound/role counts; matched experiment and timepoint,outputs/0009_20260919_tier1_corpus_clustering/features_tier1_corpus/29965.h5
29920,data/TGGATEs/WSI/Liver/8_day/29920.svs,8 day,gemfibrozil,100,mg/kg,Middle,184,10,2,Male,Crj:CD(SD)IGS,0,[],[],,0,False,,False,unknown,not_available_in_local_metadata,,,,,False,False,"Degeneration, granular, eosinophilic",source_annotation_unreviewed,treated_negative,gemfibrozil:09,gemfibrozil,equal compound/role counts; matched experiment and timepoint,outputs/0009_20260919_tier1_corpus_clustering/features_tier1_corpus/29920.h5
29833,data/TGGATEs/WSI/Liver/8_day/29833.svs,8 day,gemfibrozil,0,mg/kg,Control,184,2,5,Male,Crj:CD(SD)IGS,0,[],[],,0,False,,False,unknown,not_available_in_local_metadata,,,,,False,False,"Degeneration, granular, eosinophilic",source_annotation_unreviewed,control,gemfibrozil:10,gemfibrozil,equal compound/role counts; matched experiment and timepoint,outputs/0009_20260919_tier1_corpus_clustering/features_tier1_corpus/29833.h5
29967,data/TGGATEs/WSI/Liver/8_day/29967.svs,8 day,gemfibrozil,300,mg/kg,High,184,14,5,Male,Crj:CD(SD)IGS,1,"[""Degeneration, granular, eosinophilic""]","[""Degeneration, granular, eosinophilic @ Hepatocyte""]",1.0,1,True,minimal,False,unknown,not_available_in_local_metadata,minimal,Hepatocyte,1.0,false,True,True,"Degeneration, granular, eosinophilic",source_annotation_unreviewed,positive,gemfibrozil:10,gemfibrozil,equal compound/role counts; matched experiment and timepoint,outputs/0009_20260919_tier1_corpus_clustering/features_tier1_corpus/29967.h5
29874,data/TGGATEs/WSI/Liver/8_day/29874.svs,8 day,gemfibrozil,30,mg/kg,Low,184,6,3,Male,Crj:CD(SD)IGS,0,[],[],,0,False,,False,unknown,not_available_in_local_metadata,,,,,False,False,"Degeneration, granular, eosinophilic",source_annotation_unreviewed,treated_negative,gemfibrozil:10,gemfibrozil,equal compound/role counts; matched experiment and timepoint,outputs/0009_20260919_tier1_corpus_clustering/features_tier1_corpus/29874.h5
32228,data/TGGATEs/WSI/Liver/15_day/32228.svs,15 day,lomustine,0,mg/kg,Control,311,3,1,Male,Crj:CD(SD)IGS,0,[],[],,0,False,,False,unknown,not_available_in_local_metadata,,,,,False,False,"Degeneration, granular, eosinophilic",source_annotation_unreviewed,control,lomustine:01,lomustine,equal compound/role counts; matched experiment and timepoint,outputs/0009_20260919_tier1_corpus_clustering/features_tier1_corpus/32228.h5
32375,data/TGGATEs/WSI/Liver/15_day/32375.svs,15 day,lomustine,6,mg/kg,High,311,15,4,Male,Crj:CD(SD)IGS,3,"[""Cellular infiltration, mononuclear cell"", ""Degeneration, granular, eosinophilic"", ""Proliferation, Kupffer cell""]","[""Cellular infiltration, mononuclear cell @ Periportal"", ""Degeneration, granular, eosinophilic @ Hepatocyte"", ""Proliferation, Kupffer cell @ unspecified""]",2.0,3,True,slight,False,unknown,not_available_in_local_metadata,slight,Hepatocyte,2.0,false,True,True,"Degeneration, granular, eosinophilic",source_annotation_unreviewed,positive,lomustine:01,lomustine,equal compound/role counts; matched experiment and timepoint,outputs/0009_20260919_tier1_corpus_clustering/features_tier1_corpus/32375.h5
32278,data/TGGATEs/WSI/Liver/15_day/32278.svs,15 day,lomustine,1,mg/kg,Low,311,7,1,Male,Crj:CD(SD)IGS,0,[],[],,0,False,,False,unknown,not_available_in_local_metadata,,,,,False,False,"Degeneration, granular, eosinophilic",source_annotation_unreviewed,treated_negative,lomustine:01,lomustine,equal compound/role counts; matched experiment and timepoint,outputs/0009_20260919_tier1_corpus_clustering/features_tier1_corpus/32278.h5
32231,data/TGGATEs/WSI/Liver/15_day/32231.svs,15 day,lomustine,0,mg/kg,Control,311,3,2,Male,Crj:CD(SD)IGS,0,[],[],,0,False,,False,unknown,not_available_in_local_metadata,,,,,False,False,"Degeneration, granular, eosinophilic",source_annotation_unreviewed,control,lomustine:02,lomustine,equal compound/role counts; matched experiment and timepoint,outputs/0009_20260919_tier1_corpus_clustering/features_tier1_corpus/32231.h5
32369,data/TGGATEs/WSI/Liver/15_day/32369.svs,15 day,lomustine,6,mg/kg,High,311,15,1,Male,Crj:CD(SD)IGS,4,"[""Cellular infiltration, mononuclear cell"", ""Degeneration, granular, eosinophilic"", ""Proliferation, Kupffer cell"", ""Single cell necrosis""]","[""Cellular infiltration, mononuclear cell @ Periportal"", ""Degeneration, granular, eosinophilic @ Hepatocyte"", ""Proliferation, Kupffer cell @ unspecified"", ""Single cell necrosis @ Hepatocyte""]",3.0,4,True,moderate,False,unknown,not_available_in_local_metadata,moderate,Hepatocyte,3.0,false,True,True,"Degeneration, granular, eosinophilic",source_annotation_unreviewed,positive,lomustine:02,lomustine,equal compound/role counts; matched experiment and timepoint,outputs/0009_20260919_tier1_corpus_clustering/features_tier1_corpus/32369.h5
32324,data/TGGATEs/WSI/Liver/15_day/32324.svs,15 day,lomustine,2,mg/kg,Middle,311,11,1,Male,Crj:CD(SD)IGS,0,[],[],,0,False,,False,unknown,not_available_in_local_metadata,,,,,False,False,"Degeneration, granular, eosinophilic",source_annotation_unreviewed,treated_negative,lomustine:02,lomustine,equal compound/role counts; matched experiment and timepoint,outputs/0009_20260919_tier1_corpus_clustering/features_tier1_corpus/32324.h5
32244,data/TGGATEs/WSI/Liver/29_day/32244.svs,29 day,lomustine,0,mg/kg,Control,311,4,1,Male,Crj:CD(SD)IGS,0,[],[],,0,False,,False,unknown,not_available_in_local_metadata,,,,,False,False,"Degeneration, granular, eosinophilic",source_annotation_unreviewed,control,lomustine:03,lomustine,equal compound/role counts; matched experiment and timepoint,outputs/0009_20260919_tier1_corpus_clustering/features_tier1_corpus/32244.h5
32381,data/TGGATEs/WSI/Liver/29_day/32381.svs,29 day,lomustine,6,mg/kg,High,311,16,1,Male,Crj:CD(SD)IGS,7,"[""Cellular infiltration, mononuclear cell"", ""Degeneration, granular, eosinophilic"", ""Fibrosis"", ""Hypertrophy"", ""Necrosis"", ""Proliferation, Kupffer cell"", ""Proliferation, bile duct""]","[""Cellular infiltration, mononuclear cell @ Periportal"", ""Degeneration, granular, eosinophilic @ Hepatocyte"", ""Fibrosis @ Bile duct"", ""Hypertrophy @ Midlobular"", ""Necrosis @ Midlobular"", ""Proliferation, Kupffer cell @ unspecified"", ""Proliferation, bile duct @ unspecified""]",3.0,7,True,moderate,False,unknown,not_available_in_local_metadata,moderate,Hepatocyte,3.0,false,True,True,"Degeneration, granular, eosinophilic",source_annotation_unreviewed,positive,lomustine:03,lomustine,equal compound/role counts; matched experiment and timepoint,outputs/0009_20260919_tier1_corpus_clustering/features_tier1_corpus/32381.h5
32289,data/TGGATEs/WSI/Liver/29_day/32289.svs,29 day,lomustine,1,mg/kg,Low,311,8,1,Male,Crj:CD(SD)IGS,0,[],[],,0,False,,False,unknown,not_available_in_local_metadata,,,,,False,False,"Degeneration, granular, eosinophilic",source_annotation_unreviewed,treated_negative,lomustine:03,lomustine,equal compound/role counts; matched experiment and timepoint,outputs/0009_20260919_tier1_corpus_clustering/features_tier1_corpus/32289.h5
32233,data/TGGATEs/WSI/Liver/15_day/32233.svs,15 day,lomustine,0,mg/kg,Control,311,3,3,Male,Crj:CD(SD)IGS,0,[],[],,0,False,,False,unknown,not_available_in_local_metadata,,,,,False,False,"Degeneration, granular, eosinophilic",source_annotation_unreviewed,control,lomustine:04,lomustine,equal compound/role counts; matched experiment and timepoint,outputs/0009_20260919_tier1_corpus_clustering/features_tier1_corpus/32233.h5
32378,data/TGGATEs/WSI/Liver/15_day/32378.svs,15 day,lomustine,6,mg/kg,High,311,15,5,Male,Crj:CD(SD)IGS,5,"[""Cellular infiltration, mononuclear cell"", ""Degeneration, granular, eosinophilic"", ""Proliferation, Kupffer cell"", ""Single cell necrosis"", ""Vacuolization, cytoplasmic""]","[""Cellular infiltration, mononuclear cell @ Periportal"", ""Degeneration, granular, eosinophilic @ Hepatocyte"", ""Proliferation, Kupffer cell @ unspecified"", ""Single cell necrosis @ Hepatocyte"", ""Vacuolization, cytoplasmic @ Periportal""]",2.0,4,True,slight,False,unknown,not_available_in_local_metadata,slight,Hepatocyte,2.0,false,True,True,"Degeneration, granular, eosinophilic",source_annotation_unreviewed,positive,lomustine:04,lomustine,equal compound/role counts; matched experiment and timepoint,outputs/0009_20260919_tier1_corpus_clustering/features_tier1_corpus/32378.h5
32282,data/TGGATEs/WSI/Liver/15_day/32282.svs,15 day,lomustine,1,mg/kg,Low,311,7,3,Male,Crj:CD(SD)IGS,0,[],[],,0,False,,False,unknown,not_available_in_local_metadata,,,,,False,False,"Degeneration, granular, eosinophilic",source_annotation_unreviewed,treated_negative,lomustine:04,lomustine,equal compound/role counts; matched experiment and timepoint,outputs/0009_20260919_tier1_corpus_clustering/features_tier1_corpus/32282.h5
32237,data/TGGATEs/WSI/Liver/15_day/32237.svs,15 day,lomustine,0,mg/kg,Control,311,3,4,Male,Crj:CD(SD)IGS,0,[],[],,0,False,,False,unknown,not_available_in_local_metadata,,,,,False,False,"Degeneration, granular, eosinophilic",source_annotation_unreviewed,control,lomustine:05,lomustine,equal compound/role counts; matched experiment and timepoint,outputs/0009_20260919_tier1_corpus_clustering/features_tier1_corpus/32237.h5
32372,data/TGGATEs/WSI/Liver/15_day/32372.svs,15 day,lomustine,6,mg/kg,High,311,15,2,Male,Crj:CD(SD)IGS,3,"[""Degeneration, granular, eosinophilic"", ""Necrosis"", ""Proliferation, Kupffer cell""]","[""Degeneration, granular, eosinophilic @ Hepatocyte"", ""Necrosis @ Midlobular"", ""Proliferation, Kupffer cell @ unspecified""]",3.0,3,True,moderate,False,unknown,not_available_in_local_metadata,moderate,Hepatocyte,3.0,false,True,True,"Degeneration, granular, eosinophilic",source_annotation_unreviewed,positive,lomustine:05,lomustine,equal compound/role counts; matched experiment and timepoint,outputs/0009_20260919_tier1_corpus_clustering/features_tier1_corpus/32372.h5
32325,data/TGGATEs/WSI/Liver/15_day/32325.svs,15 day,lomustine,2,mg/kg,Middle,311,11,2,Male,Crj:CD(SD)IGS,0,[],[],,0,False,,False,unknown,not_available_in_local_metadata,,,,,False,False,"Degeneration, granular, eosinophilic",source_annotation_unreviewed,treated_negative,lomustine:05,lomustine,equal compound/role counts; matched experiment and timepoint,outputs/0009_20260919_tier1_corpus_clustering/features_tier1_corpus/32325.h5
32247,data/TGGATEs/WSI/Liver/29_day/32247.svs,29 day,lomustine,0,mg/kg,Control,311,4,2,Male,Crj:CD(SD)IGS,0,[],[],,0,False,,False,unknown,not_available_in_local_metadata,,,,,False,False,"Degeneration, granular, eosinophilic",source_annotation_unreviewed,control,lomustine:06,lomustine,equal compound/role counts; matched experiment and timepoint,outputs/0009_20260919_tier1_corpus_clustering/features_tier1_corpus/32247.h5
32384,data/TGGATEs/WSI/Liver/29_day/32384.svs,29 day,lomustine,6,mg/kg,High,311,16,2,Male,Crj:CD(SD)IGS,9,"[""Cellular infiltration, mononuclear cell"", ""Degeneration, granular, eosinophilic"", ""Deposit, pigment"", ""Fibrosis"", ""Hypertrophy"", ""Necrosis"", ""Proliferation, Kupffer cell"", ""Proliferation, bile duct"", ""Single cell necrosis""]","[""Cellular infiltration, mononuclear cell @ Periportal"", ""Degeneration, granular, eosinophilic @ Hepatocyte"", ""Deposit, pigment @ unspecified"", ""Fibrosis @ Bile duct"", ""Hypertrophy @ Midlobular"", ""Necrosis @ Midlobular"", ""Proliferation, Kupffer cell @ unspecified"", ""Proliferation, bile duct @ unspecified"", ""Single cell necrosis @ Hepatocyte""]",3.0,9,True,moderate,False,unknown,not_available_in_local_metadata,moderate,Hepatocyte,3.0,false,True,True,"Degeneration, granular, eosinophilic",source_annotation_unreviewed,positive,lomustine:06,lomustine,equal compound/role counts; matched experiment and timepoint,outputs/0009_20260919_tier1_corpus_clustering/features_tier1_corpus/32384.h5
32336,data/TGGATEs/WSI/Liver/29_day/32336.svs,29 day,lomustine,2,mg/kg,Middle,311,12,1,Male,Crj:CD(SD)IGS,0,[],[],,0,False,,False,unknown,not_available_in_local_metadata,,,,,False,False,"Degeneration, granular, eosinophilic",source_annotation_unreviewed,treated_negative,lomustine:06,lomustine,equal compound/role counts; matched experiment and timepoint,outputs/0009_20260919_tier1_corpus_clustering/features_tier1_corpus/32336.h5
32240,data/TGGATEs/WSI/Liver/15_day/32240.svs,15 day,lomustine,0,mg/kg,Control,311,3,5,Male,Crj:CD(SD)IGS,0,[],[],,0,False,,False,unknown,not_available_in_local_metadata,,,,,False,False,"Degeneration, granular, eosinophilic",source_annotation_unreviewed,control,lomustine:07,lomustine,equal compound/role counts; matched experiment and timepoint,outputs/0009_20260919_tier1_corpus_clustering/features_tier1_corpus/32240.h5
32374,data/TGGATEs/WSI/Liver/15_day/32374.svs,15 day,lomustine,6,mg/kg,High,311,15,3,Male,Crj:CD(SD)IGS,4,"[""Degeneration, granular, eosinophilic"", ""Proliferation, Kupffer cell"", ""Proliferation, bile duct"", ""Single cell necrosis""]","[""Degeneration, granular, eosinophilic @ Hepatocyte"", ""Proliferation, Kupffer cell @ unspecified"", ""Proliferation, bile duct @ unspecified"", ""Single cell necrosis @ Hepatocyte""]",3.0,4,True,moderate,False,unknown,not_available_in_local_metadata,moderate,Hepatocyte,3.0,false,True,True,"Degeneration, granular, eosinophilic",source_annotation_unreviewed,positive,lomustine:07,lomustine,equal compound/role counts; matched experiment and timepoint,outputs/0009_20260919_tier1_corpus_clustering/features_tier1_corpus/32374.h5
32284,data/TGGATEs/WSI/Liver/15_day/32284.svs,15 day,lomustine,1,mg/kg,Low,311,7,4,Male,Crj:CD(SD)IGS,0,[],[],,0,False,,False,unknown,not_available_in_local_metadata,,,,,False,False,"Degeneration, granular, eosinophilic",source_annotation_unreviewed,treated_negative,lomustine:07,lomustine,equal compound/role counts; matched experiment and timepoint,outputs/0009_20260919_tier1_corpus_clustering/features_tier1_corpus/32284.h5
32250,data/TGGATEs/WSI/Liver/29_day/32250.svs,29 day,lomustine,0,mg/kg,Control,311,4,3,Male,Crj:CD(SD)IGS,0,[],[],,0,False,,False,unknown,not_available_in_local_metadata,,,,,False,False,"Degeneration, granular, eosinophilic",source_annotation_unreviewed,control,lomustine:08,lomustine,equal compound/role counts; matched experiment and timepoint,outputs/0009_20260919_tier1_corpus_clustering/features_tier1_corpus/32250.h5
32387,data/TGGATEs/WSI/Liver/29_day/32387.svs,29 day,lomustine,6,mg/kg,High,311,16,3,Male,Crj:CD(SD)IGS,3,"[""Degeneration, granular, eosinophilic"", ""Hypertrophy"", ""Proliferation, Kupffer cell""]","[""Degeneration, granular, eosinophilic @ Hepatocyte"", ""Hypertrophy @ Midlobular"", ""Proliferation, Kupffer cell @ unspecified""]",3.0,3,True,moderate,False,unknown,not_available_in_local_metadata,moderate,Hepatocyte,3.0,false,True,True,"Degeneration, granular, eosinophilic",source_annotation_unreviewed,positive,lomustine:08,lomustine,equal compound/role counts; matched experiment and timepoint,outputs/0009_20260919_tier1_corpus_clustering/features_tier1_corpus/32387.h5
32292,data/TGGATEs/WSI/Liver/29_day/32292.svs,29 day,lomustine,1,mg/kg,Low,311,8,2,Male,Crj:CD(SD)IGS,0,[],[],,0,False,,False,unknown,not_available_in_local_metadata,,,,,False,False,"Degeneration, granular, eosinophilic",source_annotation_unreviewed,treated_negative,lomustine:08,lomustine,equal compound/role counts; matched experiment and timepoint,outputs/0009_20260919_tier1_corpus_clustering/features_tier1_corpus/32292.h5
32252,data/TGGATEs/WSI/Liver/29_day/32252.svs,29 day,lomustine,0,mg/kg,Control,311,4,4,Male,Crj:CD(SD)IGS,0,[],[],,0,False,,False,unknown,not_available_in_local_metadata,,,,,False,False,"Degeneration, granular, eosinophilic",source_annotation_unreviewed,control,lomustine:09,lomustine,equal compound/role counts; matched experiment and timepoint,outputs/0009_20260919_tier1_corpus_clustering/features_tier1_corpus/32252.h5
32389,data/TGGATEs/WSI/Liver/29_day/32389.svs,29 day,lomustine,6,mg/kg,High,311,16,4,Male,Crj:CD(SD)IGS,9,"[""Cellular infiltration, mononuclear cell"", ""Degeneration, granular, eosinophilic"", ""Deposit, pigment"", ""Fibrosis"", ""Hypertrophy"", ""Necrosis"", ""Proliferation, Kupffer cell"", ""Proliferation, bile duct"", ""Single cell necrosis""]","[""Cellular infiltration, mononuclear cell @ Periportal"", ""Degeneration, granular, eosinophilic @ Hepatocyte"", ""Deposit, pigment @ unspecified"", ""Fibrosis @ Bile duct"", ""Hypertrophy @ Midlobular"", ""Necrosis @ Midlobular"", ""Proliferation, Kupffer cell @ unspecified"", ""Proliferation, bile duct @ unspecified"", ""Single cell necrosis @ Hepatocyte""]",3.0,9,True,moderate,False,unknown,not_available_in_local_metadata,moderate,Hepatocyte,3.0,false,True,True,"Degeneration, granular, eosinophilic",source_annotation_unreviewed,positive,lomustine:09,lomustine,equal compound/role counts; matched experiment and timepoint,outputs/0009_20260919_tier1_corpus_clustering/features_tier1_corpus/32389.h5
32339,data/TGGATEs/WSI/Liver/29_day/32339.svs,29 day,lomustine,2,mg/kg,Middle,311,12,2,Male,Crj:CD(SD)IGS,0,[],[],,0,False,,False,unknown,not_available_in_local_metadata,,,,,False,False,"Degeneration, granular, eosinophilic",source_annotation_unreviewed,treated_negative,lomustine:09,lomustine,equal compound/role counts; matched experiment and timepoint,outputs/0009_20260919_tier1_corpus_clustering/features_tier1_corpus/32339.h5
32255,data/TGGATEs/WSI/Liver/29_day/32255.svs,29 day,lomustine,0,mg/kg,Control,311,4,5,Male,Crj:CD(SD)IGS,0,[],[],,0,False,,False,unknown,not_available_in_local_metadata,,,,,False,False,"Degeneration, granular, eosinophilic",source_annotation_unreviewed,control,lomustine:10,lomustine,equal compound/role counts; matched experiment and timepoint,outputs/0009_20260919_tier1_corpus_clustering/features_tier1_corpus/32255.h5
32392,data/TGGATEs/WSI/Liver/29_day/32392.svs,29 day,lomustine,6,mg/kg,High,311,16,5,Male,Crj:CD(SD)IGS,7,"[""Degeneration, granular, eosinophilic"", ""Deposit, pigment"", ""Fibrosis"", ""Hypertrophy"", ""Necrosis"", ""Proliferation, Kupffer cell"", ""Single cell necrosis""]","[""Degeneration, granular, eosinophilic @ Hepatocyte"", ""Deposit, pigment @ unspecified"", ""Fibrosis @ Bile duct"", ""Hypertrophy @ Midlobular"", ""Necrosis @ Midlobular"", ""Proliferation, Kupffer cell @ unspecified"", ""Single cell necrosis @ Hepatocyte""]",3.0,7,True,moderate,False,unknown,not_available_in_local_metadata,moderate,Hepatocyte,3.0,false,True,True,"Degeneration, granular, eosinophilic",source_annotation_unreviewed,positive,lomustine:10,lomustine,equal compound/role counts; matched experiment and timepoint,outputs/0009_20260919_tier1_corpus_clustering/features_tier1_corpus/32392.h5
32294,data/TGGATEs/WSI/Liver/29_day/32294.svs,29 day,lomustine,1,mg/kg,Low,311,8,3,Male,Crj:CD(SD)IGS,0,[],[],,0,False,,False,unknown,not_available_in_local_metadata,,,,,False,False,"Degeneration, granular, eosinophilic",source_annotation_unreviewed,treated_negative,lomustine:10,lomustine,equal compound/role counts; matched experiment and timepoint,outputs/0009_20260919_tier1_corpus_clustering/features_tier1_corpus/32294.h5
