compound_name,role,dose_level,sacrifice_period,n_slides
fenofibrate,control,Control,15 day,4
fenofibrate,control,Control,4 day,3
fenofibrate,control,Control,8 day,3
fenofibrate,positive,High,15 day,1
fenofibrate,positive,High,4 day,1
fenofibrate,positive,Low,15 day,1
fenofibrate,positive,Middle,15 day,2
fenofibrate,positive,Middle,4 day,2
fenofibrate,positive,Middle,8 day,3
fenofibrate,treated_negative,Low,15 day,4
fenofibrate,treated_negative,Low,4 day,3
fenofibrate,treated_negative,Low,8 day,3
gemfibrozil,control,Control,15 day,4
gemfibrozil,control,Control,29 day,1
gemfibrozil,control,Control,8 day,5
gemfibrozil,positive,High,15 day,1
gemfibrozil,positive,High,8 day,5
gemfibrozil,positive,Low,15 day,1
gemfibrozil,positive,Low,29 day,1
gemfibrozil,positive,Middle,15 day,2
gemfibrozil,treated_negative,Low,15 day,4
gemfibrozil,treated_negative,Low,29 day,1
gemfibrozil,treated_negative,Low,8 day,3
gemfibrozil,treated_negative,Middle,8 day,2
lomustine,control,Control,15 day,5
lomustine,control,Control,29 day,5
lomustine,positive,High,15 day,5
lomustine,positive,High,29 day,5
lomustine,treated_negative,Low,15 day,3
lomustine,treated_negative,Low,29 day,3
lomustine,treated_negative,Middle,15 day,2
lomustine,treated_negative,Middle,29 day,2
