cluster_id,correspondence_group,original_319_patches,original_candidate_patches,original_candidate_fraction,all_patches,carrying_slides,dominant_compound,dominant_compound_fraction,best_finding,best_precision,tissue_fraction,treatment_rank_effect,max_control_presence_in_experiment,max_control_experiment,global_control_presence,selected_on_original_299
12,majority_from_old_candidates,492,492,1.0,28894,60,ethinylestradiol,0.7333333333333333,"Change, eosinophilic",0.3333333333333333,0.9852447509765624,0.5164194038887271,0.15,184,0.0057471264367816,True
13,little_original_support,19,0,0.0,47551,28,benzbromarone,0.8214285714285714,Hypertrophy,0.8571428571428571,0.9967702229817708,0.5141120031058054,0.05,157,0.0011494252873563,False
32,majority_from_old_candidates,115,113,0.982608695652174,20301,42,gemfibrozil,0.5476190476190477,"Degeneration, granular, eosinophilic",0.9285714285714286,0.997472127278646,0.5206115478649899,0.05,184,0.0011494252873563,False
39,majority_from_other_old_clusters,630,8,0.0126984126984126,3439,48,ethambutol,0.4375,Single cell necrosis,0.5,0.467786153157552,0.5184640590842496,0.05,391,0.0011494252873563,False
41,majority_from_old_candidates,111,111,1.0,27731,27,fenofibrate,0.925925925925926,"Degeneration, granular, eosinophilic",1.0,0.998875935872396,0.51145958986731,0.0,42,0.0,True
45,majority_from_other_old_clusters,22006,8811,0.4003908025084068,34754,60,methapyrilene,0.2666666666666666,Single cell necrosis,0.5,0.9877980550130208,0.5155837943513165,0.05,176,0.0022988505747126,True
52,majority_from_old_candidates,34218,34218,1.0,34621,68,carbon tetrachloride,0.8970588235294118,"Degeneration, fatty",0.8823529411764706,0.9814631144205728,0.5147932467220351,0.05,67,0.0034482758620689,True
65,little_original_support,0,0,,12340,35,fenofibrate,0.9428571428571428,"Degeneration, granular, eosinophilic",0.8571428571428571,0.9976476033528646,0.514608839528768,0.0,42,0.0,False
67,little_original_support,0,0,,26729,71,acetamidofluorene,0.5070422535211268,Swelling,0.5070422535211268,0.9895426432291666,0.5139322176467054,0.05,573,0.0011494252873563,False
74,little_original_support,44,3,0.0681818181818181,9277,37,gemfibrozil,0.5675675675675675,Increased mitosis,0.5675675675675675,0.9680506388346354,0.5109627534443474,0.05,184,0.0011494252873563,False
81,majority_from_old_candidates,863,862,0.9988412514484356,14212,25,WY-14643,0.92,"Degeneration, granular, eosinophilic",0.96,0.998975118001302,0.515841456031132,0.0,42,0.0,True
85,little_original_support,97,9,0.0927835051546391,45733,51,clofibrate,0.6078431372549019,"Degeneration, granular, eosinophilic",0.4509803921568627,0.9981409708658854,0.5110209872948528,0.0,42,0.0,False
95,majority_from_other_old_clusters,967,0,0.0,7444,161,WY-14643,0.3664596273291925,"Degeneration, granular, eosinophilic",0.453416149068323,0.2661463419596354,0.5217845439965983,0.6,184,0.0333333333333333,False
102,majority_from_old_candidates,113,110,0.9734513274336284,1041,9,WY-14643,0.8888888888888888,"Degeneration, granular, eosinophilic",1.0,0.9290491739908854,0.508266664817973,0.0,42,0.0,True
104,little_original_support,10,10,1.0,15079,23,methylene dianiline,0.9130434782608696,"Proliferation, bile duct",0.9130434782608696,0.982983907063802,0.5146014447541006,0.0,42,0.0,False
107,majority_from_old_candidates,100,91,0.91,24965,74,ethinylestradiol,0.8513513513513513,"Change, eosinophilic",0.2972972972972973,0.9817403157552084,0.515199728242031,0.15,305,0.0057471264367816,True
114,majority_from_old_candidates,1327,853,0.6428033157498116,101467,40,methapyrilene,0.4,Single cell necrosis,0.6,0.9967931111653646,0.5126709463925054,0.0,42,0.0,True
116,little_original_support,0,0,,29850,88,acetamidofluorene,0.3863636363636363,Swelling,0.3863636363636363,0.9914754231770834,0.5182620893011476,0.2,571,0.0045977011494252,False
121,little_original_support,0,0,,16670,45,ticlopidine,0.4222222222222222,Hypertrophy,0.4888888888888889,0.9958928426106772,0.5153238218044175,0.0,42,0.0,False
125,majority_from_old_candidates,546,481,0.8809523809523809,31196,62,WY-14643,0.5161290322580645,"Degeneration, granular, eosinophilic",0.5967741935483871,0.9958470662434896,0.5164524492880218,0.0,42,0.0,False
127,majority_from_old_candidates,859,720,0.8381839348079162,21157,54,thioacetamide,0.7592592592592593,Hypertrophy,0.7592592592592593,0.994664510091146,0.528979197574514,0.0,42,0.0,False
141,majority_from_old_candidates,142,73,0.5140845070422535,6005,27,ethambutol,0.8518518518518519,Ground glass appearance,0.6666666666666666,0.9944992065429688,0.5165518165726144,0.0,42,0.0,True
147,majority_from_old_candidates,92336,92336,1.0,92351,41,carbon tetrachloride,1.0,"Degeneration, fatty",1.0,0.950853983561198,0.5112585444310415,0.0,42,0.0,True
161,little_original_support,0,0,,30481,65,acetamidofluorene,0.5538461538461539,Swelling,0.5538461538461539,0.9943618774414062,0.5196768021296951,0.0,42,0.0,False
165,majority_from_old_candidates,7874,7871,0.9996189992379984,13618,34,WY-14643,0.7352941176470589,"Degeneration, granular, eosinophilic",0.9411764705882352,0.9592819213867188,0.5254329409481026,0.0,42,0.0,True
178,little_original_support,25,11,0.44,39954,38,diltiazem,0.4210526315789473,Hypertrophy,0.9210526315789472,0.985888163248698,0.5118323327278862,0.05,182,0.0011494252873563,False
181,majority_from_other_old_clusters,115,46,0.4,26473,53,WY-14643,0.4150943396226415,"Degeneration, granular, eosinophilic",0.5849056603773585,,0.5110325416302706,0.05,182,0.0022988505747126,False
187,majority_from_old_candidates,3346,3346,1.0,23017,53,WY-14643,0.8301886792452831,"Degeneration, granular, eosinophilic",0.8867924528301887,0.9986623128255208,0.5229681701167912,0.0,42,0.0,True
191,majority_from_old_candidates,159,159,1.0,7095,27,fenofibrate,0.7037037037037037,"Degeneration, granular, eosinophilic",0.8888888888888888,0.9969151814778646,0.5140731805388018,0.0,42,0.0,True
193,majority_from_old_candidates,391,242,0.618925831202046,12010,40,methapyrilene,0.45,Single cell necrosis,0.525,0.993988037109375,0.5183103864231937,0.05,174,0.0011494252873563,True
202,majority_from_old_candidates,1886,1754,0.9300106044538706,6684,29,WY-14643,0.5172413793103449,Hypertrophy,0.7931034482758621,0.9655049641927084,0.5236013476976831,0.0,42,0.0,True
209,majority_from_old_candidates,18927,18927,1.0,26803,39,WY-14643,0.7948717948717948,"Degeneration, granular, eosinophilic",0.9743589743589745,0.9993209838867188,0.518496180136711,0.0,42,0.0,True
212,little_original_support,28,1,0.0357142857142857,22818,40,clofibrate,0.825,Swelling,0.5,0.998448689778646,0.5148103471384533,0.0,42,0.0,False
214,majority_from_old_candidates,103,58,0.5631067961165048,6253,47,gemfibrozil,0.5319148936170213,"Degeneration, granular, eosinophilic",0.574468085106383,0.994781494140625,0.510688222434822,0.0,42,0.0,False
215,little_original_support,0,0,,24610,56,acetamidofluorene,0.8214285714285714,Swelling,0.8214285714285714,0.993504842122396,0.5177331318257237,0.0,42,0.0,False
223,majority_from_other_old_clusters,492,36,0.073170731707317,54111,137,hexachlorobenzene,0.2992700729927007,Hypertrophy,0.6496350364963503,0.967089335123698,0.5303181139627211,0.15,157,0.0057471264367816,False
227,majority_from_other_old_clusters,544,235,0.4319852941176471,7815,117,ethinylestradiol,0.3162393162393162,"Degeneration, granular, eosinophilic",0.5726495726495726,0.9944636027018228,0.5195286755496398,0.35,305,0.0160919540229885,False
240,majority_from_old_candidates,3025,3022,0.99900826446281,23074,62,WY-14643,0.5806451612903226,"Degeneration, granular, eosinophilic",0.8225806451612904,0.9853134155273438,0.5243292708290005,0.0,42,0.0,True
243,little_original_support,32,31,0.96875,34999,30,gemfibrozil,0.5666666666666667,"Degeneration, granular, eosinophilic",0.9333333333333332,0.9993057250976562,0.5121699504087924,0.0,42,0.0,False
246,majority_from_other_old_clusters,989,14,0.0141557128412537,11320,106,iproniazid,0.160377358490566,Hypertrophy,0.4150943396226415,0.9617945353190104,0.5335380761569356,0.0,42,0.0,False
256,majority_from_old_candidates,5643,5223,0.9255715045188728,27492,70,thioacetamide,0.6714285714285714,Hypertrophy,0.7142857142857143,0.9919026692708334,0.5271249578266757,0.0,42,0.0,True
261,little_original_support,18,18,1.0,54775,55,fenofibrate,0.7454545454545455,"Degeneration, granular, eosinophilic",0.7090909090909091,0.9969558715820312,0.5215932042020807,0.0,42,0.0,False
264,majority_from_other_old_clusters,2417,1,0.0004137360364087,12986,40,promethazine,0.925,Ground glass appearance,0.725,0.9591522216796876,0.5135107154906664,0.0,42,0.0,False
268,majority_from_other_old_clusters,2151,0,0.0,41252,135,hexachlorobenzene,0.3481481481481481,Ground glass appearance,0.5407407407407407,0.9960123697916666,0.5198355586983348,0.15,42,0.0080459770114942,False
271,majority_from_old_candidates,46411,46411,1.0,66789,46,WY-14643,0.782608695652174,"Degeneration, granular, eosinophilic",1.0,0.9991048177083334,0.5172899075190993,0.0,42,0.0,True
293,majority_from_old_candidates,7723,7713,0.9987051663861194,11205,23,ethambutol,0.7391304347826086,"Alteration, nuclear",0.6521739130434783,0.9556477864583334,0.5124280742620246,0.0,42,0.0,True
295,majority_from_other_old_clusters,116,12,0.1034482758620689,11087,68,gemfibrozil,0.4558823529411764,"Degeneration, granular, eosinophilic",0.5,,0.5151897915135717,0.1,305,0.0045977011494252,False
298,little_original_support,41,40,0.975609756097561,22513,58,methylene dianiline,0.3620689655172414,Hypertrophy,0.5172413793103449,0.9673792521158854,0.5221840929153437,0.0,42,0.0,False
301,majority_from_other_old_clusters,212,77,0.3632075471698113,16460,38,benzbromarone,0.8157894736842105,Hypertrophy,0.9736842105263158,0.9964192708333334,0.5152739070754129,0.0,42,0.0,False
313,majority_from_old_candidates,493,490,0.9939148073022313,6583,47,thioacetamide,0.8723404255319149,Hypertrophy,0.8723404255319149,0.8866424560546875,0.5216787062841719,0.05,42,0.0011494252873563,True
327,little_original_support,36,0,0.0,52412,40,clofibrate,0.8,Swelling,0.5,0.9992752075195312,0.511668723338371,0.0,42,0.0,False
337,majority_from_other_old_clusters,461,0,0.0,15987,79,papaverine,0.3544303797468354,Hypertrophy,0.4430379746835443,0.9921035766601562,0.5183873382970758,0.1,432,0.0045977011494252,False
346,majority_from_other_old_clusters,1748,0,0.0,23174,79,clofibrate,0.4177215189873418,Cellular infiltration,0.4683544303797468,0.9969482421875,0.5151680693629864,0.15,67,0.0045977011494252,True
359,majority_from_old_candidates,1160,986,0.85,24203,27,ethambutol,0.8888888888888888,Ground glass appearance,0.5185185185185185,0.97357177734375,0.5111379171692803,0.05,391,0.0011494252873563,False
361,little_original_support,41,33,0.8048780487804879,19957,45,gemfibrozil,0.8444444444444444,"Degeneration, granular, eosinophilic",0.3777777777777777,0.98602294921875,0.5169472059306093,0.0,42,0.0,True
375,little_original_support,0,0,,17817,28,acetamidofluorene,0.75,"Proliferation, bile duct",0.8928571428571429,0.9984156290690104,0.5159597724258096,0.0,42,0.0,False
376,little_original_support,45,45,1.0,18727,22,fenofibrate,0.9545454545454546,"Degeneration, granular, eosinophilic",1.0,0.9998092651367188,0.5100522718134298,0.0,42,0.0,True
377,majority_from_old_candidates,203,203,1.0,27550,37,WY-14643,0.4324324324324324,"Degeneration, granular, eosinophilic",0.8648648648648649,0.9961700439453124,0.5261382175820011,0.0,42,0.0,False
382,majority_from_old_candidates,121,91,0.7520661157024794,12621,25,lomustine,0.44,Hypertrophy,0.64,0.9982274373372396,0.5226991851882663,0.0,42,0.0,True
388,little_original_support,12,4,0.3333333333333333,9372,21,methylene dianiline,0.5714285714285714,Hypertrophy,0.8095238095238095,0.9900334676106772,0.528331692617704,0.0,42,0.0,False
391,majority_from_old_candidates,2573,2573,1.0,22545,45,WY-14643,0.7777777777777778,"Degeneration, granular, eosinophilic",0.9333333333333332,0.987475077311198,0.5233670257754115,0.0,42,0.0,True
399,little_original_support,4,0,0.0,30391,42,ethionamide,0.7619047619047619,"Vacuolization, cytoplasmic",0.7857142857142857,0.9701588948567708,0.5205154157943144,0.0,42,0.0,False
401,little_original_support,5,3,0.6,20308,38,diltiazem,0.4210526315789473,Hypertrophy,0.8947368421052632,0.9894510904947916,0.5184083671875361,0.0,42,0.0,False
406,majority_from_old_candidates,10926,10926,1.0,10929,54,carbon tetrachloride,1.0,"Degeneration, fatty",1.0,0.7492955525716146,0.512464817048653,0.0,42,0.0,True
413,majority_from_old_candidates,179,132,0.7374301675977654,13876,53,ethinylestradiol,0.6037735849056604,"Vacuolization, cytoplasmic",0.3396226415094339,0.9501495361328124,0.5150171697424307,0.05,305,0.0011494252873563,False
417,little_original_support,39,1,0.0256410256410256,22959,40,clofibrate,0.825,Swelling,0.525,0.9977874755859376,0.5115229076253992,0.05,67,0.0011494252873563,False
429,little_original_support,1,1,1.0,26587,31,ethionamide,0.5483870967741935,"Vacuolization, cytoplasmic",0.8064516129032258,0.9951400756835938,0.5211240981841206,0.05,666,0.0011494252873563,False
436,majority_from_old_candidates,4973,4943,0.9939674240900864,33149,73,WY-14643,0.589041095890411,"Degeneration, granular, eosinophilic",0.7671232876712328,0.9976832071940104,0.5205570114018182,0.05,184,0.0011494252873563,False
441,majority_from_other_old_clusters,1481,0,0.0,5376,24,papaverine,0.4583333333333333,Hypertrophy,0.7083333333333334,0.9973373413085938,0.5143625010976619,0.0,42,0.0,False
446,little_original_support,0,0,,39455,111,acetamidofluorene,0.4054054054054054,Swelling,0.4054054054054054,0.9949773152669272,0.5130587098891246,0.25,571,0.0080459770114942,False
453,little_original_support,0,0,,14067,26,amitriptyline,0.6153846153846154,Hypertrophy,0.7692307692307693,0.992139180501302,0.5175387879039973,0.0,42,0.0,False
459,majority_from_other_old_clusters,1582,46,0.0290771175726927,8726,62,methapyrilene,0.2419354838709677,Single cell necrosis,0.4516129032258064,0.7588602701822916,0.5189846974381728,0.0,42,0.0,True
467,majority_from_old_candidates,113,91,0.8053097345132744,9786,21,phalloidin,0.4761904761904761,Single cell necrosis,0.6666666666666666,0.9910125732421876,0.508681696546178,0.0,42,0.0,True
488,little_original_support,58,52,0.896551724137931,12080,39,gemfibrozil,0.4871794871794871,"Degeneration, granular, eosinophilic",0.4615384615384615,0.9839299519856772,0.5142943305186972,0.0,42,0.0,False
492,majority_from_old_candidates,197,172,0.8730964467005076,9233,21,clofibrate,0.8095238095238095,Swelling,0.7142857142857143,0.995635986328125,0.5142506551308181,0.05,67,0.0011494252873563,False
497,majority_from_other_old_clusters,136,58,0.4264705882352941,23588,44,clofibrate,0.5454545454545454,"Degeneration, granular, eosinophilic",0.5454545454545454,0.9932581583658854,0.5187533796431096,0.0,42,0.0,True
498,little_original_support,0,0,,7396,24,acetamidofluorene,0.6666666666666666,"Proliferation, bile duct",0.7083333333333334,0.9920883178710938,0.5145154804985926,0.0,42,0.0,False
499,majority_from_old_candidates,136,136,1.0,28875,34,fenofibrate,0.8235294117647058,"Degeneration, granular, eosinophilic",0.9117647058823528,0.9986623128255208,0.5156815440289505,0.0,42,0.0,True
506,majority_from_old_candidates,575,521,0.9060869565217392,17554,41,WY-14643,0.5609756097560976,"Degeneration, granular, eosinophilic",0.8048780487804879,0.9988021850585938,0.5153718878397552,0.05,182,0.0011494252873563,False
507,majority_from_old_candidates,120,102,0.85,16767,43,clofibrate,0.6976744186046512,"Degeneration, granular, eosinophilic",0.5348837209302325,0.9886652628580728,0.5148766690237511,0.0,42,0.0,False
515,majority_from_old_candidates,7247,5951,0.8211673796053539,7462,59,carbon tetrachloride,0.9661016949152542,"Degeneration, fatty",0.9661016949152542,0.6053415934244791,0.5137136096206019,0.0,42,0.0,True
516,little_original_support,29,0,0.0,20934,67,ethionine,0.7313432835820896,"Alteration, cytoplasmic",0.5074626865671642,0.9976654052734376,0.5171778304655473,0.0,42,0.0,False
525,little_original_support,0,0,,19718,52,acetamidofluorene,0.75,Swelling,0.75,0.996917724609375,0.522767355767231,0.0,42,0.0,False
528,little_original_support,0,0,,4809,24,phenacetin,0.4166666666666667,Hypertrophy,0.7916666666666666,0.9710032145182292,0.5188575997485777,0.0,42,0.0,False
531,little_original_support,0,0,,27218,55,ticlopidine,0.4,Hypertrophy,0.4,0.9878870646158854,0.5129949299576188,0.1,571,0.0034482758620689,False
534,little_original_support,0,0,,11823,27,acetamidofluorene,0.7777777777777778,"Proliferation, oval cell",0.7777777777777778,0.9914881388346354,0.5130702642245424,0.0,42,0.0,False
539,majority_from_old_candidates,38381,38381,1.0,40287,75,carbon tetrachloride,0.8266666666666667,"Degeneration, fatty",0.8,0.9706395467122396,0.5160921851096969,0.1,67,0.0034482758620689,True
541,majority_from_old_candidates,2037,1875,0.9204712812960236,14436,135,WY-14643,0.4074074074074074,"Degeneration, granular, eosinophilic",0.7555555555555555,0.9929300944010416,0.5169894947982382,0.15,184,0.0103448275862068,False
550,majority_from_old_candidates,3935,3935,1.0,22027,53,WY-14643,0.8679245283018868,"Degeneration, granular, eosinophilic",0.9622641509433962,0.9983317057291666,0.5245275432247688,0.0,42,0.0,True
554,majority_from_old_candidates,658,583,0.8860182370820668,15130,65,gemfibrozil,0.3538461538461538,"Degeneration, granular, eosinophilic",0.5076923076923077,0.9690577189127604,0.526773937116685,0.0,42,0.0,False
570,little_original_support,0,0,,4152,50,acetamidofluorene,0.66,Swelling,0.64,0.9527613321940104,0.5184980288303778,0.05,569,0.0011494252873563,False
572,majority_from_old_candidates,7528,7527,0.999867162592986,29911,45,WY-14643,0.6666666666666666,"Degeneration, granular, eosinophilic",0.8666666666666667,0.9982884724934896,0.517490952955368,0.0,42,0.0,True
581,majority_from_other_old_clusters,580,0,0.0,14855,74,monocrotaline,0.2027027027027027,"Hematopoiesis, extramedullary",0.2432432432432432,0.99853515625,0.5156801575087004,0.05,280,0.0011494252873563,False
583,majority_from_other_old_clusters,6438,0,0.0,53538,105,hexachlorobenzene,0.4571428571428571,Hypertrophy,0.6666666666666666,0.9976221720377604,0.5338089097791273,0.0,42,0.0,False
585,majority_from_old_candidates,17576,17337,0.9864019116977696,27912,19,ethambutol,0.6842105263157895,"Alteration, nuclear",0.6842105263157895,0.977783203125,0.5099267917307932,0.05,174,0.0011494252873563,True
592,little_original_support,14,13,0.9285714285714286,37927,37,methylene dianiline,0.5945945945945946,Hypertrophy,0.6756756756756757,0.9741388956705728,0.5197967361313311,0.0,42,0.0,False
593,little_original_support,19,0,0.0,14966,63,ticlopidine,0.4761904761904761,Hypertrophy,0.4761904761904761,0.9919764200846354,0.5170329390994088,0.05,571,0.0011494252873563,False
596,little_original_support,3,0,0.0,27771,44,ethionamide,0.7727272727272727,"Vacuolization, cytoplasmic",0.7045454545454546,0.9961217244466146,0.510543562155392,0.05,585,0.0022988505747126,False
599,majority_from_other_old_clusters,1647,9,0.0054644808743169,43342,65,methapyrilene,0.2769230769230769,Single cell necrosis,0.3846153846153846,0.997632344563802,0.5152914696652477,0.05,174,0.0011494252873563,True
616,little_original_support,78,63,0.8076923076923077,47769,59,ethinylestradiol,0.8813559322033898,"Change, eosinophilic",0.3898305084745763,0.9849802652994792,0.5105382471610997,0.1,184,0.0045977011494252,False
617,little_original_support,38,38,1.0,36986,45,fenofibrate,0.8666666666666667,"Degeneration, granular, eosinophilic",0.9111111111111112,0.999364217122396,0.5207076799356655,0.0,42,0.0,True
618,majority_from_old_candidates,3749,3694,0.985329421178981,16587,36,methapyrilene,0.4444444444444444,Single cell necrosis,0.75,0.9965769449869792,0.5129274526387791,0.0,42,0.0,True
620,majority_from_other_old_clusters,2472,0,0.0,12413,27,promethazine,0.925925925925926,Hypertrophy,0.8518518518518519,0.9952952067057292,0.5117650864957549,0.0,42,0.0,False
621,majority_from_old_candidates,136,136,1.0,13459,33,WY-14643,0.7575757575757576,"Degeneration, granular, eosinophilic",0.8787878787878788,0.9992955525716146,0.5159230296391812,0.0,42,0.0,True
637,majority_from_other_old_clusters,1549,1,0.0006455777921239,71410,85,hexachlorobenzene,0.4470588235294118,Ground glass appearance,0.7058823529411765,0.9953994750976562,0.5285891232108112,0.0,42,0.0,False
646,little_original_support,3,3,1.0,21000,16,lornoxicam,0.75,"Hematopoiesis, extramedullary",0.25,0.9897003173828124,0.5096071988131387,0.1,538,0.0022988505747126,False
659,majority_from_old_candidates,18714,18714,1.0,35977,36,WY-14643,0.5833333333333334,"Degeneration, granular, eosinophilic",0.8333333333333334,0.9975789388020834,0.5201045436268597,0.0,42,0.0,True
669,little_original_support,0,0,,45842,84,acetamidofluorene,0.5357142857142857,Swelling,0.5357142857142857,0.9649098714192708,0.5222758343385605,0.0,42,0.0,False
676,majority_from_old_candidates,5660,5655,0.9991166077738516,32693,52,thioacetamide,0.8846153846153846,Hypertrophy,0.8653846153846154,0.9970982869466146,0.5205248903493569,0.0,42,0.0,False
679,little_original_support,23,2,0.0869565217391304,8128,45,lomustine,0.3333333333333333,"Degeneration, granular, eosinophilic",0.5111111111111111,0.9976145426432292,0.5249062943397622,0.05,585,0.0011494252873563,False
693,majority_from_old_candidates,1895,1819,0.9598944591029024,32919,36,methapyrilene,0.3888888888888889,Single cell necrosis,0.7222222222222222,0.9840749104817708,0.5127259450290939,0.0,42,0.0,True
697,majority_from_old_candidates,100094,100094,1.0,100154,57,carbon tetrachloride,0.9824561403508772,"Degeneration, fatty",0.9824561403508772,0.9674301147460938,0.5135114087507915,0.0,42,0.0,True
706,majority_from_other_old_clusters,230,18,0.0782608695652174,10958,50,fenofibrate,0.76,"Degeneration, granular, eosinophilic",0.86,0.7652104695638021,0.5260638076619109,0.0,42,0.0,True
709,little_original_support,3,1,0.3333333333333333,5855,29,diltiazem,0.6206896551724138,Hypertrophy,0.8620689655172413,0.986681620279948,0.5097731190697373,0.05,594,0.0011494252873563,False
723,little_original_support,44,9,0.2045454545454545,6177,34,naphthyl isothiocyanate,0.3529411764705882,Cellular infiltration,0.6470588235294118,0.9926605224609376,0.5180238389048338,0.05,126,0.0011494252873563,False
730,little_original_support,17,12,0.7058823529411765,17847,25,gemfibrozil,0.6,"Degeneration, granular, eosinophilic",0.76,0.9993057250976562,0.5132130758103055,0.0,42,0.0,False
740,little_original_support,9,9,1.0,20570,54,fenofibrate,0.5925925925925926,"Degeneration, granular, eosinophilic",0.5740740740740741,0.9963480631510416,0.5203152947048791,0.0,42,0.0,False
747,majority_from_old_candidates,330,305,0.9242424242424242,9825,26,WY-14643,0.8461538461538461,"Degeneration, granular, eosinophilic",0.8846153846153846,0.9976654052734376,0.5125212022054916,0.0,42,0.0,False
751,majority_from_old_candidates,104,93,0.8942307692307693,16345,49,gemfibrozil,0.5306122448979592,"Degeneration, granular, eosinophilic",0.3673469387755102,0.9329554239908854,0.5153145783360833,0.05,126,0.0022988505747126,False
755,majority_from_other_old_clusters,876,0,0.0,8614,81,gemfibrozil,0.3580246913580246,"Degeneration, granular, eosinophilic",0.5679012345679012,0.41064453125,0.5317922160753158,0.25,184,0.0114942528735632,False
763,little_original_support,0,0,,46075,59,acetamidofluorene,0.6271186440677966,Swelling,0.6271186440677966,0.9941482543945312,0.5223643405478604,0.0,42,0.0,False
774,majority_from_old_candidates,146,132,0.9041095890410958,12767,45,gemfibrozil,0.5333333333333333,"Degeneration, granular, eosinophilic",0.9111111111111112,0.9740778605143228,0.5232431632997333,0.0,42,0.0,True
775,little_original_support,64,64,1.0,52725,31,fenofibrate,0.8387096774193549,"Degeneration, granular, eosinophilic",0.8709677419354839,0.999852498372396,0.5138721351025332,0.0,42,0.0,False
778,majority_from_other_old_clusters,4400,1340,0.3045454545454545,4466,55,carbon tetrachloride,1.0,"Degeneration, fatty",1.0,0.1454035441080729,0.5163315909395524,0.0,42,0.0,True
783,majority_from_old_candidates,6704,6704,1.0,26993,52,WY-14643,0.6538461538461539,"Degeneration, granular, eosinophilic",0.8076923076923077,0.9837366739908854,0.523665127629189,0.05,184,0.0011494252873563,True
801,majority_from_old_candidates,21325,21325,1.0,25719,30,WY-14643,0.8,"Degeneration, granular, eosinophilic",0.9333333333333332,0.9996439615885416,0.5150784077201448,0.0,42,0.0,True
802,majority_from_old_candidates,1021,1016,0.9951028403525954,15583,59,WY-14643,0.6440677966101694,"Degeneration, granular, eosinophilic",0.9152542372881356,0.9317067464192708,0.5207002851609981,0.05,184,0.0011494252873563,True
817,little_original_support,1,1,1.0,4046,51,fenofibrate,0.3725490196078431,Hypertrophy,0.5686274509803921,0.8591740926106771,0.5174438112668636,0.0,42,0.0,False
820,little_original_support,59,13,0.2203389830508474,4623,28,phalloidin,0.2857142857142857,Single cell necrosis,0.3928571428571428,0.9680938720703124,0.5111180437123618,0.0,42,0.0,False
835,little_original_support,84,2,0.0238095238095238,4810,31,ethambutol,0.5483870967741935,Ground glass appearance,0.3870967741935484,,0.5076378778845398,0.1,432,0.0034482758620689,False
838,majority_from_other_old_clusters,3823,29,0.0075856657075595,33836,88,hexachlorobenzene,0.4090909090909091,Hypertrophy,0.6704545454545454,0.9962743123372396,0.5248129353095868,0.05,117,0.0011494252873563,False
876,majority_from_old_candidates,35017,35017,1.0,35632,65,carbon tetrachloride,0.9384615384615383,"Degeneration, fatty",0.9230769230769232,0.9897232055664062,0.5085867199090442,0.1,184,0.0034482758620689,True
881,majority_from_old_candidates,130,97,0.7461538461538462,28560,46,WY-14643,0.5869565217391305,"Degeneration, granular, eosinophilic",0.717391304347826,0.9904378255208334,0.5174012913125263,0.05,182,0.0022988505747126,True
885,majority_from_other_old_clusters,1806,733,0.4058693244739756,17618,66,thioacetamide,0.6818181818181818,Hypertrophy,0.7575757575757576,0.9920679728190104,0.5316258336453004,0.0,42,0.0,False
887,majority_from_other_old_clusters,439,0,0.0,24515,57,monocrotaline,0.3508771929824561,Hypertrophy,0.4210526315789473,0.9809163411458334,0.5149041683420453,0.05,174,0.0034482758620689,False
894,majority_from_other_old_clusters,3738,62,0.0165864098448368,24078,32,methapyrilene,0.4375,Hypertrophy,0.625,0.9871241251627604,0.5087854544782293,0.0,42,0.0,True
897,majority_from_old_candidates,2206,2206,1.0,13223,30,WY-14643,0.9666666666666668,"Degeneration, granular, eosinophilic",1.0,0.9918721516927084,0.5136710896662646,0.0,42,0.0,True
899,majority_from_other_old_clusters,414,11,0.0265700483091787,13676,88,phenobarbital,0.6136363636363636,Hypertrophy,0.5454545454545454,0.9770838419596354,0.52513553235445,0.05,117,0.0011494252873563,False
902,majority_from_old_candidates,55359,55359,1.0,55386,60,carbon tetrachloride,1.0,"Degeneration, fatty",1.0,0.9800745646158854,0.510825025766168,0.0,42,0.0,True
906,little_original_support,0,0,,8680,40,diltiazem,0.575,Hypertrophy,0.6,0.9903996785481772,0.5106681178911952,0.15,594,0.0045977011494252,False
912,majority_from_other_old_clusters,464,16,0.0344827586206896,10717,76,papaverine,0.2763157894736842,Ground glass appearance,0.4078947368421052,0.9900309244791666,0.5194572697567581,0.1,432,0.0080459770114942,False
913,little_original_support,0,0,,12495,44,acetamidofluorene,0.5227272727272727,"Proliferation, bile duct",0.5454545454545454,0.9931742350260416,0.5158948370607619,0.0,42,0.0,False
917,little_original_support,0,0,,15871,40,acetamidofluorene,0.55,"Proliferation, oval cell",0.55,0.9952443440755208,0.5158183473602965,0.0,42,0.0,False
929,little_original_support,0,0,,11454,39,ticlopidine,0.6410256410256411,Hypertrophy,0.6666666666666666,0.9923807779947916,0.517568598089375,0.0,42,0.0,False
931,majority_from_old_candidates,21231,15365,0.7237059017474448,22863,75,carbon tetrachloride,0.8133333333333334,"Degeneration, fatty",0.7866666666666666,0.9922561645507812,0.5114417961907667,0.1,67,0.0045977011494252,True
933,little_original_support,7,0,0.0,15950,30,clofibrate,0.9333333333333332,Swelling,0.6666666666666666,0.9994176228841146,0.5090440405048783,0.0,42,0.0,False
940,little_original_support,0,0,,17616,22,methylene dianiline,0.8181818181818182,Hypertrophy,0.7727272727272727,0.992151896158854,0.5090461202852534,0.1,686,0.0022988505747126,False
942,majority_from_other_old_clusters,6186,1,0.0001616553507921,25657,88,papaverine,0.2840909090909091,Hypertrophy,0.5,0.9895579020182292,0.5259607429899847,0.15,432,0.0045977011494252,False
943,majority_from_old_candidates,16126,16126,1.0,16337,57,carbon tetrachloride,0.9649122807017544,"Degeneration, fatty",0.9649122807017544,0.8672053019205729,0.5118713863815981,0.0,42,0.0,True
944,little_original_support,1,1,1.0,24942,39,amitriptyline,0.3846153846153846,Hypertrophy,0.5641025641025641,0.9939727783203124,0.5130975324561282,0.05,413,0.0011494252873563,False
949,little_original_support,56,33,0.5892857142857143,25508,47,ethinylestradiol,0.723404255319149,"Change, eosinophilic",0.4893617021276595,0.9766743977864584,0.5185585735479666,0.0,42,0.0,False
952,majority_from_other_old_clusters,543,90,0.1657458563535911,9447,92,WY-14643,0.3478260869565217,"Degeneration, granular, eosinophilic",0.6739130434782609,0.9545084635416666,0.5166292306199132,0.3,184,0.0137931034482758,False
965,majority_from_other_old_clusters,8634,3,0.0003474635163307,56634,78,phenobarbital,0.3974358974358974,Hypertrophy,0.6923076923076923,0.9948348999023438,0.5247415295167053,0.0,42,0.0,False
970,little_original_support,1,0,0.0,6864,21,clofibrate,1.0,Swelling,0.6666666666666666,0.9969075520833334,0.5068200620236725,0.0,42,0.0,False
983,majority_from_other_old_clusters,547,109,0.1992687385740402,10406,56,phenytoin,0.3392857142857143,Hypertrophy,0.5178571428571429,0.9910074869791666,0.5176873766574694,0.1,174,0.0045977011494252,False
993,little_original_support,33,7,0.2121212121212121,1153,14,lornoxicam,0.6428571428571429,"Hematopoiesis, extramedullary",0.2142857142857142,0.9381154378255208,0.5112610863848334,0.15,538,0.0034482758620689,False
1001,majority_from_old_candidates,1131,1081,0.95579133510168,8703,73,WY-14643,0.5753424657534246,"Degeneration, granular, eosinophilic",0.8082191780821918,0.9827321370442708,0.5330398532137228,0.0,42,0.0,True
1005,little_original_support,94,8,0.0851063829787234,6321,39,naphthyl isothiocyanate,0.4102564102564102,Cellular infiltration,0.6410256410256411,0.9984079996744792,0.5230046818167112,0.0,42,0.0,True
1008,majority_from_old_candidates,20862,20340,0.9749784296807592,21158,63,carbon tetrachloride,0.9206349206349206,"Degeneration, fatty",0.9206349206349206,0.609344482421875,0.5113130808942131,0.0,42,0.0,True
1022,little_original_support,29,28,0.9655172413793104,8582,6,methylene dianiline,0.5,Hypertrophy,1.0,0.992479960123698,0.5056045459377267,0.0,42,0.0,False
1026,little_original_support,13,10,0.7692307692307693,30655,27,ethionamide,0.8148148148148148,"Vacuolization, cytoplasmic",0.8518518518518519,0.9891077677408854,0.5150469799278085,0.05,42,0.0011494252873563,False
1027,majority_from_other_old_clusters,2921,20,0.0068469702156795,89012,137,hexachlorobenzene,0.3503649635036496,Ground glass appearance,0.5912408759124088,0.9986394246419272,0.5208883897415988,0.05,42,0.0045977011494252,False
1028,majority_from_other_old_clusters,114,21,0.1842105263157894,33693,53,gemfibrozil,0.490566037735849,"Degeneration, granular, eosinophilic",0.6415094339622641,,0.5111977686267442,0.25,184,0.0103448275862068,False
1030,little_original_support,0,0,,29948,55,nitrosodiethylamine,0.4909090909090909,Necrosis,0.4727272727272727,0.9246927897135416,0.5105010422010546,0.05,571,0.0011494252873563,False
1047,little_original_support,24,24,1.0,6539,16,methylene dianiline,0.75,Hypertrophy,1.0,0.995348612467448,0.5163228096446348,0.0,42,0.0,False
1051,little_original_support,30,30,1.0,16801,29,fenofibrate,0.896551724137931,"Degeneration, granular, eosinophilic",0.896551724137931,0.9832305908203124,0.5112585444310415,0.0,42,0.0,False
1054,little_original_support,0,0,,20732,37,methylene dianiline,0.4864864864864865,Hypertrophy,0.5675675675675675,0.9815572102864584,0.5123150728616391,0.05,368,0.0011494252873563,False
1055,little_original_support,16,0,0.0,17195,25,sulfasalazine,0.56,Swelling,0.44,0.9986343383789062,0.5113902638548036,0.1,101,0.0022988505747126,False
1056,majority_from_other_old_clusters,440,8,0.0181818181818181,20881,81,phenobarbital,0.5308641975308642,Hypertrophy,0.7160493827160493,0.9917399088541666,0.51870277165398,0.0,42,0.0,False
1062,majority_from_old_candidates,3533,3066,0.8678177186527031,12996,92,WY-14643,0.5,"Degeneration, granular, eosinophilic",0.9347826086956522,0.9973347981770834,0.5298309831815093,0.0,42,0.0,True
1064,little_original_support,0,0,,8598,35,fenofibrate,1.0,"Degeneration, granular, eosinophilic",0.9714285714285714,0.9988479614257812,0.5129796782348673,0.0,42,0.0,False
1068,little_original_support,99,70,0.7070707070707071,10711,44,clofibrate,0.7045454545454546,"Degeneration, granular, eosinophilic",0.5909090909090909,0.9953765869140624,0.5176034921823367,0.0,42,0.0,False
1073,little_original_support,44,2,0.0454545454545454,8574,19,lomustine,0.5263157894736842,Single cell necrosis,0.6842105263157895,0.9937566121419272,0.5241887701103208,0.0,42,0.0,False
1076,majority_from_old_candidates,1132,1085,0.9584805653710248,18427,64,WY-14643,0.5625,"Degeneration, granular, eosinophilic",0.859375,0.9276097615559896,0.521743179475803,0.05,182,0.0022988505747126,True
1080,majority_from_other_old_clusters,110,41,0.3727272727272727,10320,35,methapyrilene,0.3714285714285714,Single cell necrosis,0.6285714285714286,0.9896748860677084,0.5156320914733626,0.05,174,0.0011494252873563,True
1081,majority_from_other_old_clusters,191,1,0.0052356020942408,12744,55,hexachlorobenzene,0.3454545454545454,Hypertrophy,0.7454545454545455,0.978418986002604,0.5175427163780394,0.1,157,0.0022988505747126,False
1084,majority_from_old_candidates,10626,7256,0.6828533785055524,11066,62,carbon tetrachloride,0.9516129032258064,"Degeneration, fatty",0.935483870967742,0.64306640625,0.5184203836963706,0.05,67,0.0011494252873563,True
1087,little_original_support,0,0,,34526,78,acetamidofluorene,0.4487179487179487,Swelling,0.4487179487179487,0.9922332763671876,0.5173319653000199,0.05,571,0.0011494252873563,False
1089,little_original_support,0,0,,37332,27,acetamidofluorene,0.7407407407407407,"Proliferation, bile duct",0.925925925925926,0.9859466552734376,0.5141147761463056,0.0,42,0.0,False
1097,majority_from_old_candidates,8127,8127,1.0,19552,54,WY-14643,0.8518518518518519,"Degeneration, granular, eosinophilic",0.9814814814814816,0.9941075642903646,0.524929634097306,0.0,42,0.0,True
1098,little_original_support,2,2,1.0,16007,31,fenofibrate,0.8064516129032258,"Degeneration, granular, eosinophilic",0.8064516129032258,0.997754414876302,0.5172325980154273,0.0,42,0.0,False
1109,majority_from_old_candidates,665,643,0.9669172932330828,31565,46,WY-14643,0.2826086956521739,"Degeneration, granular, eosinophilic",0.5652173913043478,0.9946365356445312,0.5285849636500608,0.0,42,0.0,False
1115,majority_from_other_old_clusters,460,0,0.0,6731,65,papaverine,0.4,Ground glass appearance,0.4615384615384615,0.8651809692382812,0.519971206596139,0.1,432,0.0034482758620689,False
1120,little_original_support,68,59,0.8676470588235294,13520,24,ethambutol,0.9166666666666666,Ground glass appearance,0.7916666666666666,0.99591064453125,0.5108284920667933,0.0,42,0.0,False
1122,little_original_support,12,0,0.0,47735,33,benzbromarone,1.0,Hypertrophy,0.9696969696969696,0.974683125813802,0.5150458244942667,0.0,42,0.0,False
1128,little_original_support,0,0,,1341,17,methylene dianiline,0.2941176470588235,Hypertrophy,0.7647058823529411,,0.510393124708253,0.0,42,0.0,False
1129,majority_from_other_old_clusters,144,0,0.0,1298,1,WY-14643,1.0,Granuloma,1.0,,0.5173107053228513,0.0,42,0.0,False
1134,majority_from_old_candidates,8936,8936,1.0,34220,37,WY-14643,0.7567567567567568,"Degeneration, granular, eosinophilic",0.945945945945946,0.996917724609375,0.5215550748952021,0.0,42,0.0,True
1135,little_original_support,3,3,1.0,16316,32,fenofibrate,0.875,"Degeneration, granular, eosinophilic",0.875,0.9987106323242188,0.5100522718134298,0.0,42,0.0,False
1136,majority_from_other_old_clusters,2203,10,0.0045392646391284,115193,74,hexachlorobenzene,0.5,Ground glass appearance,0.7837837837837838,0.992212931315104,0.5309196326645684,0.0,42,0.0,True
1138,majority_from_other_old_clusters,121,0,0.0,41531,51,clofibrate,0.6078431372549019,Swelling,0.3725490196078431,0.9898529052734376,0.5149353650476732,0.05,67,0.0034482758620689,False
1151,majority_from_old_candidates,4189,4189,1.0,23217,54,WY-14643,0.7037037037037037,"Degeneration, granular, eosinophilic",0.9814814814814816,0.9817733764648438,0.5168878166465621,0.0,42,0.0,True
1156,majority_from_old_candidates,466,466,1.0,1922,21,WY-14643,0.8571428571428571,"Degeneration, granular, eosinophilic",1.0,0.9971745808919272,0.5234229487588333,0.0,42,0.0,True
1167,little_original_support,17,10,0.5882352941176471,16867,8,nitrosodiethylamine,0.375,"Change, acidophilic",0.625,0.969080607096354,0.5057600672924495,0.0,42,0.0,False
1173,little_original_support,19,19,1.0,4902,32,ethinylestradiol,0.6875,"Change, eosinophilic",0.5,0.9938532511393228,0.5234349652676678,0.0,42,0.0,False
1174,little_original_support,2,2,1.0,2349,6,ticlopidine,0.5,Hypertrophy,0.8333333333333334,0.989306131998698,0.50609005911198,0.0,42,0.0,False
1175,majority_from_old_candidates,37131,37131,1.0,66773,36,thioacetamide,0.9722222222222222,"Degeneration, granular, eosinophilic",0.9444444444444444,0.9960861206054688,0.5122637716123843,0.0,42,0.0,True
1188,little_original_support,1,0,0.0,17579,74,phenacetin,0.3513513513513513,Hypertrophy,0.4459459459459459,0.951929728190104,0.5160956514103222,0.05,594,0.0011494252873563,False
1199,little_original_support,8,1,0.125,28533,41,lomustine,0.5365853658536586,"Degeneration, granular, eosinophilic",0.4146341463414634,0.9982757568359376,0.5121888995188775,0.05,311,0.0011494252873563,False
1200,majority_from_other_old_clusters,242,83,0.3429752066115702,10157,23,ethambutol,0.8695652173913043,Ground glass appearance,0.6956521739130435,0.9892730712890624,0.508162444712505,0.0,42,0.0,False
1202,majority_from_other_old_clusters,1111,2,0.0018001800180018,12316,105,phenobarbital,0.3523809523809524,Hypertrophy,0.580952380952381,0.9933090209960938,0.5149166470242964,0.3,93,0.0172413793103448,False
1210,majority_from_other_old_clusters,253,94,0.3715415019762846,24647,38,clofibrate,0.7105263157894737,Swelling,0.4736842105263157,0.9977518717447916,0.5095868631828034,0.05,67,0.0011494252873563,True
1224,little_original_support,0,0,,30646,97,acetamidofluorene,0.4432989690721649,Swelling,0.4329896907216495,0.9925613403320312,0.5182063974044341,0.1,571,0.0045977011494252,False
1225,little_original_support,35,1,0.0285714285714285,6544,37,ethionine,0.6486486486486487,"Alteration, cytoplasmic",0.6486486486486487,0.9915186564127604,0.5134254444952835,0.0,42,0.0,False
1234,little_original_support,39,37,0.9487179487179488,38671,30,amitriptyline,0.4,Hypertrophy,0.7666666666666667,0.9939727783203124,0.5169076901034806,0.0,42,0.0,False
1238,little_original_support,0,0,,26300,22,methylene dianiline,0.8181818181818182,Hypertrophy,0.9090909090909092,0.9946212768554688,0.5149591669786338,0.0,42,0.0,False
1252,majority_from_old_candidates,7040,7040,1.0,22428,49,WY-14643,0.8163265306122449,"Degeneration, granular, eosinophilic",0.979591836734694,0.99609375,0.5156815440289505,0.0,42,0.0,True
1256,little_original_support,60,0,0.0,48504,60,ethionine,0.5833333333333334,"Alteration, cytoplasmic",0.5166666666666667,0.9896748860677084,0.5166992498925447,0.05,67,0.0011494252873563,False
1259,majority_from_other_old_clusters,528,230,0.4356060606060606,10445,26,allyl alcohol,0.2692307692307692,Necrosis,0.6538461538461539,0.9951095581054688,0.5298820533440558,0.1,126,0.0045977011494252,True
1262,little_original_support,0,0,,8703,23,acetamidofluorene,0.5652173913043478,"Proliferation, oval cell",0.5652173913043478,0.9891026814778646,0.5115751332214874,0.0,42,0.0,False
1273,little_original_support,0,0,,15217,118,acetamidofluorene,0.4322033898305085,Swelling,0.4322033898305085,0.8227488199869791,0.5193257814197043,0.05,571,0.0011494252873563,False
1276,majority_from_old_candidates,1114,583,0.5233393177737882,6488,80,ethambutol,0.225,Hypertrophy,0.4375,0.9130808512369792,0.5321499382998489,0.1,174,0.0068965517241379,False
1277,little_original_support,59,32,0.5423728813559322,24316,63,gemfibrozil,0.4126984126984127,"Degeneration, granular, eosinophilic",0.4126984126984127,0.99725341796875,0.5194142876290041,0.1,305,0.0034482758620689,False
1280,little_original_support,1,1,1.0,33469,43,acetamidofluorene,0.6744186046511628,"Proliferation, bile duct",0.813953488372093,0.9852498372395834,0.5202727747505419,0.0,42,0.0,False
1281,little_original_support,0,0,,5643,26,nitrosodiethylamine,0.4615384615384615,"Change, acidophilic",0.4230769230769231,0.9906387329101562,0.5138735216227833,0.05,573,0.0011494252873563,False
1284,little_original_support,47,46,0.9787234042553192,16514,39,WY-14643,0.6666666666666666,"Degeneration, granular, eosinophilic",0.7948717948717948,0.9967371622721354,0.5209822109451908,0.0,42,0.0,True
1286,little_original_support,34,29,0.8529411764705882,6602,30,thioacetamide,0.3333333333333333,Hypertrophy,0.6666666666666666,0.9987945556640624,0.5225367312322929,0.0,42,0.0,False
1287,little_original_support,30,30,1.0,20476,28,methylene dianiline,0.7142857142857143,"Proliferation, bile duct",0.8571428571428571,0.9982681274414062,0.5153577915505456,0.0,42,0.0,False
1295,little_original_support,1,1,1.0,3891,15,ticlopidine,0.8,Hypertrophy,0.8666666666666667,0.995025634765625,0.5064036437752173,0.0,42,0.0,False
1298,majority_from_old_candidates,359,358,0.9972144846796658,34271,35,WY-14643,0.5142857142857142,"Degeneration, granular, eosinophilic",0.9714285714285714,0.996373494466146,0.5157263748503713,0.0,42,0.0,True
1330,little_original_support,2,2,1.0,7554,23,clofibrate,0.9565217391304348,Swelling,0.782608695652174,0.9952901204427084,0.5097560186533191,0.0,42,0.0,False
1335,majority_from_other_old_clusters,5736,0,0.0,59405,182,hexachlorobenzene,0.3241758241758242,Hypertrophy,0.5164835164835165,0.9948272705078124,0.51506223165056,0.25,117,0.0126436781609195,False
1337,little_original_support,0,0,,16607,28,fenofibrate,0.7857142857142857,"Degeneration, granular, eosinophilic",0.75,0.9950230916341146,0.5084762604624508,0.0,42,0.0,False
1343,majority_from_other_old_clusters,208,0,0.0,17204,72,ethionine,0.5277777777777778,Cellular infiltration,0.4166666666666667,0.9952392578125,0.5221062166946282,0.05,67,0.0034482758620689,True
1344,little_original_support,6,6,1.0,22512,37,fenofibrate,0.8108108108108109,"Degeneration, granular, eosinophilic",0.8108108108108109,0.980799357096354,0.5128669079211902,0.0,42,0.0,False
1363,little_original_support,8,8,1.0,12428,13,methylene dianiline,0.8461538461538461,Hypertrophy,1.0,0.9819539388020834,0.5133688282517366,0.0,42,0.0,False
1375,little_original_support,98,57,0.5816326530612245,43409,77,ethinylestradiol,0.6363636363636364,"Change, eosinophilic",0.2857142857142857,0.9823837280273438,0.517863695815944,0.2,305,0.0068965517241379,False
1394,little_original_support,34,25,0.7352941176470589,5948,23,methylene dianiline,0.8260869565217391,"Proliferation, bile duct",0.8695652173913043,0.9811477661132812,0.5190512504101789,0.0,42,0.0,False
1398,majority_from_old_candidates,13563,13563,1.0,19831,43,WY-14643,0.5348837209302325,"Degeneration, granular, eosinophilic",0.9069767441860463,0.9921595255533854,0.521149748808748,0.0,42,0.0,True
1404,majority_from_old_candidates,8138,8123,0.998156795281396,15016,81,WY-14643,0.5308641975308642,"Degeneration, granular, eosinophilic",0.8518518518518519,0.9895782470703124,0.5318266479948607,0.0,42,0.0,True
1411,majority_from_old_candidates,120,120,1.0,7665,28,WY-14643,0.6428571428571429,"Degeneration, granular, eosinophilic",0.8571428571428571,0.9981129964192708,0.5168164108536805,0.0,42,0.0,True
1412,majority_from_old_candidates,3289,3289,1.0,16685,52,WY-14643,0.8269230769230769,"Degeneration, granular, eosinophilic",1.0,0.995374043782552,0.518496180136711,0.0,42,0.0,True
1413,majority_from_old_candidates,1593,1399,0.8782172002510985,7751,54,WY-14643,0.6111111111111112,"Degeneration, granular, eosinophilic",0.9814814814814816,0.9912287394205728,0.5301568154402895,0.0,42,0.0,True
1416,majority_from_other_old_clusters,2582,1,0.0003872966692486,9856,39,promethazine,0.7435897435897436,Hypertrophy,0.8205128205128205,0.9994684855143228,0.5122813342022193,0.05,391,0.0022988505747126,False
1419,majority_from_old_candidates,392,392,1.0,16226,47,WY-14643,0.6808510638297872,"Degeneration, granular, eosinophilic",0.7872340425531915,0.9976781209309896,0.5191466892207294,0.0,42,0.0,True
1420,majority_from_other_old_clusters,379,7,0.0184696569920844,8966,54,gemfibrozil,0.3703703703703703,"Degeneration, granular, eosinophilic",0.8333333333333334,0.98358154296875,0.5289260476315923,0.1,184,0.0022988505747126,False
1425,majority_from_other_old_clusters,4602,137,0.0297696653628857,23544,217,WY-14643,0.3179723502304147,"Degeneration, granular, eosinophilic",0.5207373271889401,0.6463801066080729,0.5192264141351117,0.6,184,0.0333333333333333,False
1435,little_original_support,0,0,,23657,51,acetamidofluorene,0.5882352941176471,"Proliferation, oval cell",0.5882352941176471,0.9961700439453124,0.5162583364530039,0.0,42,0.0,False
1447,little_original_support,15,5,0.3333333333333333,968,5,phalloidin,0.6,Single cell necrosis,0.8,0.928436279296875,0.5088071766288147,0.0,42,0.0,False
1455,little_original_support,77,75,0.974025974025974,8280,20,WY-14643,0.55,Increased mitosis,0.6,0.9923858642578124,0.5131511445724665,0.0,42,0.0,False
1459,majority_from_old_candidates,2080,2078,0.9990384615384617,29941,53,WY-14643,0.7169811320754716,"Degeneration, granular, eosinophilic",0.7924528301886793,0.997693379720052,0.5251734305746202,0.0,42,0.0,True
1460,majority_from_old_candidates,886,886,1.0,7752,25,WY-14643,0.84,"Degeneration, granular, eosinophilic",0.96,0.9926122029622396,0.5155274091944779,0.0,42,0.0,True
1469,majority_from_other_old_clusters,2665,304,0.1140712945590994,3864,31,carbon tetrachloride,0.6451612903225806,Cellular infiltration,0.8709677419354839,0.994598388671875,0.5125179669915746,0.0,42,0.0,True
1470,majority_from_other_old_clusters,205,3,0.0146341463414634,4201,32,naphthyl isothiocyanate,0.40625,Cellular infiltration,0.6875,0.9971491495768228,0.5141096922387218,0.05,67,0.0011494252873563,True
1476,little_original_support,31,6,0.1935483870967742,16008,49,gemfibrozil,0.4693877551020408,"Degeneration, granular, eosinophilic",0.3061224489795918,0.9864298502604166,0.5146259399451862,0.15,184,0.0057471264367816,False
1479,majority_from_old_candidates,71203,71203,1.0,71349,63,carbon tetrachloride,0.9523809523809524,"Degeneration, fatty",0.9365079365079364,0.979174296061198,0.5109059061140921,0.05,67,0.0011494252873563,True
1480,little_original_support,46,29,0.6304347826086957,6587,31,gemfibrozil,0.7096774193548387,Increased mitosis,0.4516129032258064,0.9838358561197916,0.5080385822368269,0.05,184,0.0011494252873563,False
1481,majority_from_old_candidates,7025,7025,1.0,42668,48,thioacetamide,0.9166666666666666,Hypertrophy,0.875,0.9878946940104166,0.5167745841594683,0.0,42,0.0,True
1483,little_original_support,77,67,0.8701298701298701,19696,50,gemfibrozil,0.72,"Degeneration, granular, eosinophilic",0.4,0.9909489949544272,0.5164977422828594,0.05,184,0.0022988505747126,False
1504,little_original_support,0,0,,11207,49,acetamidofluorene,0.6530612244897959,Swelling,0.6530612244897959,0.9863560994466146,0.5174299460643623,0.0,42,0.0,False
1524,little_original_support,71,25,0.352112676056338,1775,22,gemfibrozil,0.4545454545454545,Increased mitosis,0.3181818181818182,0.9798304239908854,0.5216509758791694,0.0,42,0.0,False
1526,little_original_support,0,0,,27991,113,phenacetin,0.3451327433628318,Hypertrophy,0.3628318584070796,0.9834772745768228,0.5188529780144105,0.1,686,0.0034482758620689,False
1528,little_original_support,41,0,0.0,6042,18,ethambutol,0.3333333333333333,Hypertrophy,0.6111111111111112,0.9979146321614584,0.5091685962406814,0.0,42,0.0,False
1532,majority_from_old_candidates,9348,9348,1.0,47006,50,thioacetamide,0.9,Hypertrophy,0.86,0.992645263671875,0.515480498592682,0.0,42,0.0,True
1536,majority_from_old_candidates,12742,12742,1.0,21906,44,WY-14643,0.8636363636363636,"Degeneration, granular, eosinophilic",0.9772727272727272,0.9884185791015624,0.5176919983916365,0.0,42,0.0,True
1537,little_original_support,21,21,1.0,29236,22,fenofibrate,1.0,"Degeneration, granular, eosinophilic",1.0,0.9828567504882812,0.5072376357056695,0.0,42,0.0,False
1542,majority_from_old_candidates,174,149,0.8563218390804598,44685,82,ethinylestradiol,0.6951219512195121,"Change, eosinophilic",0.2682926829268293,0.9830423990885416,0.514440146231669,0.3,305,0.0114942528735632,True
1543,little_original_support,93,0,0.0,8237,42,clofibrate,0.7857142857142857,Swelling,0.3571428571428571,0.9946060180664062,0.5114129103522224,0.05,67,0.0011494252873563,False
1558,little_original_support,30,29,0.9666666666666668,16624,23,clofibrate,0.9130434782608696,"Degeneration, granular, eosinophilic",0.8260869565217391,0.9973932902018228,0.5109317878254278,0.0,42,0.0,False
1560,majority_from_old_candidates,280,272,0.9714285714285714,22990,40,WY-14643,0.7,"Degeneration, granular, eosinophilic",0.825,0.9991073608398438,0.5156256210455287,0.0,42,0.0,True
1562,little_original_support,0,0,,26198,96,ticlopidine,0.4583333333333333,Hypertrophy,0.4166666666666667,,0.512154698686041,0.05,569,0.0011494252873563,False
1566,majority_from_old_candidates,280,253,0.9035714285714286,3949,20,thioacetamide,1.0,Hypertrophy,1.0,0.9912516276041666,0.5143165148426992,0.0,42,0.0,False
1567,little_original_support,0,0,,8289,69,acetamidofluorene,0.5072463768115942,Swelling,0.5072463768115942,0.960278828938802,0.5182193382601019,0.0,42,0.0,False
1569,majority_from_old_candidates,128,114,0.890625,11614,41,WY-14643,0.4878048780487805,"Degeneration, granular, eosinophilic",0.6829268292682927,0.9868189493815104,0.5177104853283049,0.0,42,0.0,True
1570,little_original_support,0,0,,14547,34,fenofibrate,0.7941176470588235,"Degeneration, granular, eosinophilic",0.7647058823529411,0.9922866821289062,0.5132689987937273,0.0,42,0.0,False
1571,little_original_support,56,24,0.4285714285714285,4527,37,gemfibrozil,0.5135135135135135,"Degeneration, granular, eosinophilic",0.6756756756756757,0.9991607666015624,0.5201345848989458,0.15,184,0.0034482758620689,False
1576,majority_from_other_old_clusters,1504,30,0.0199468085106383,19566,52,benzbromarone,0.5384615384615384,Hypertrophy,0.903846153846154,0.9863611857096354,0.5167986171771372,0.05,93,0.0022988505747126,False
1580,little_original_support,43,6,0.1395348837209302,9523,25,gemfibrozil,0.6,"Degeneration, granular, eosinophilic",0.72,0.9982935587565104,0.5083944557676932,0.05,182,0.0034482758620689,False
1581,majority_from_old_candidates,31065,31065,1.0,32709,77,carbon tetrachloride,0.8051948051948052,"Degeneration, fatty",0.7792207792207793,0.9884796142578124,0.5106477822608599,0.1,67,0.0034482758620689,True
1594,little_original_support,0,0,,6633,18,acetamidofluorene,0.8333333333333334,"Proliferation, bile duct",0.9444444444444444,0.99859619140625,0.5096501809408926,0.0,42,0.0,False
1597,little_original_support,0,0,,18779,60,diltiazem,0.4,Hypertrophy,0.65,0.9814503987630208,0.5160632992711526,0.05,594,0.0011494252873563,False
1605,little_original_support,59,1,0.0169491525423728,10945,43,ethionine,0.627906976744186,"Alteration, cytoplasmic",0.5348837209302325,0.9964599609375,0.5151823967389044,0.05,182,0.0011494252873563,False
1625,majority_from_old_candidates,110724,110724,1.0,110817,53,carbon tetrachloride,0.981132075471698,"Degeneration, fatty",0.981132075471698,0.9680760701497396,0.5127095378728006,0.0,42,0.0,True
1626,little_original_support,1,1,1.0,18373,26,amitriptyline,0.4230769230769231,Hypertrophy,0.9230769230769232,0.992235819498698,0.5142030512688971,0.0,42,0.0,False
1632,majority_from_other_old_clusters,1757,6,0.0034149117814456,31301,66,methapyrilene,0.3484848484848485,Hypertrophy,0.3484848484848485,0.9899012247721354,0.5138920085594517,0.05,174,0.0011494252873563,True
1639,little_original_support,0,0,,43193,59,fenofibrate,0.8135593220338984,"Degeneration, granular, eosinophilic",0.6949152542372882,0.9941228230794272,0.5203009673289611,0.0,42,0.0,False
1646,little_original_support,31,29,0.935483870967742,10058,24,gemfibrozil,0.6666666666666666,"Degeneration, granular, eosinophilic",0.9166666666666666,0.9970499674479166,0.5158946059740536,0.0,42,0.0,False
1649,little_original_support,46,35,0.7608695652173914,15047,53,gemfibrozil,0.6415094339622641,"Degeneration, granular, eosinophilic",0.4716981132075472,0.991015116373698,0.5128632105338565,0.05,305,0.0011494252873563,False
1656,majority_from_old_candidates,5388,5062,0.9394951744617668,37985,68,thioacetamide,0.7058823529411765,Hypertrophy,0.75,0.983678181966146,0.5288229829596661,0.0,42,0.0,True
1670,little_original_support,0,0,,17033,20,ticlopidine,0.65,Hypertrophy,0.65,0.9653549194335938,0.512464817048653,0.0,42,0.0,False
1675,majority_from_old_candidates,5878,5872,0.9989792446410344,20881,50,WY-14643,0.8,"Degeneration, granular, eosinophilic",1.0,0.9947306315104166,0.5225170888620828,0.0,42,0.0,True
1676,little_original_support,0,0,,22232,47,acetamidofluorene,0.723404255319149,Swelling,0.723404255319149,0.9961700439453124,0.5182951347004423,0.0,42,0.0,False
1680,little_original_support,25,25,1.0,4168,17,lornoxicam,0.6470588235294118,"Hematopoiesis, extramedullary",0.2941176470588235,0.9977747599283854,0.5071893385836234,0.05,538,0.0011494252873563,False
1682,majority_from_old_candidates,13018,12543,0.9635120602243048,16500,35,monocrotaline,0.2571428571428571,Single cell necrosis,0.6,0.8968124389648438,0.5140653235907177,0.0,42,0.0,True
1689,majority_from_old_candidates,800,434,0.5425,7068,28,methapyrilene,0.3571428571428571,Single cell necrosis,0.4642857142857143,0.988805135091146,0.5107238097879087,0.05,174,0.0011494252873563,True
1705,majority_from_old_candidates,5978,5971,0.9988290398126464,19103,54,WY-14643,0.7962962962962963,"Degeneration, granular, eosinophilic",0.8333333333333334,0.9972305297851562,0.526940088459992,0.0,42,0.0,True
1707,little_original_support,49,0,0.0,48733,69,ethionine,0.5942028985507246,"Alteration, cytoplasmic",0.4927536231884058,0.996655782063802,0.5278771450623703,0.05,126,0.0011494252873563,False
1710,majority_from_old_candidates,2368,2368,1.0,9122,39,WY-14643,0.9487179487179488,"Degeneration, granular, eosinophilic",1.0,0.986572265625,0.516485725774025,0.0,42,0.0,True
1715,little_original_support,0,0,,3146,29,acetamidofluorene,0.7586206896551724,"Proliferation, bile duct",0.7931034482758621,0.9888890584309896,0.5112765691942931,0.0,42,0.0,False
1716,majority_from_other_old_clusters,902,0,0.0,24742,86,hexachlorobenzene,0.4651162790697674,Hypertrophy,0.7674418604651163,0.9569625854492188,0.5260855298124962,0.0,42,0.0,False
1723,majority_from_old_candidates,589,589,1.0,35024,34,fenofibrate,0.7352941176470589,"Degeneration, granular, eosinophilic",0.9411764705882352,0.9611358642578124,0.5150784077201448,0.0,42,0.0,True
1726,majority_from_other_old_clusters,14306,13,0.0009087096323221,23912,48,methapyrilene,0.3125,Single cell necrosis,0.5416666666666666,0.9907251993815104,0.5157370048389557,0.0,42,0.0,True
1731,majority_from_other_old_clusters,160,8,0.05,36271,39,clofibrate,0.717948717948718,Swelling,0.4871794871794871,0.9956715901692708,0.5115954688518226,0.0,42,0.0,False
1748,little_original_support,15,15,1.0,2273,11,fenofibrate,0.9090909090909092,"Degeneration, granular, eosinophilic",0.9090909090909092,0.9995015462239584,0.5072376357056695,0.0,42,0.0,False
1754,little_original_support,23,4,0.1739130434782608,888,15,nitrosodiethylamine,0.4666666666666667,"Proliferation, bile duct",0.6,0.5439987182617188,0.5105430999819752,0.0,42,0.0,False
1759,little_original_support,0,0,,7125,27,ticlopidine,0.5555555555555556,Hypertrophy,0.5925925925925926,0.9044647216796876,0.514475271411339,0.0,42,0.0,False
1766,little_original_support,58,0,0.0,4949,26,methylene dianiline,0.5769230769230769,Hypertrophy,0.6538461538461539,0.9525985717773438,0.5297771399784628,0.0,42,0.0,False
1768,little_original_support,0,0,,21211,86,acetamidofluorene,0.5116279069767442,Swelling,0.5116279069767442,0.9872614542643228,0.5189010440497484,0.0,42,0.0,False
1776,majority_from_old_candidates,291,285,0.979381443298969,13266,69,WY-14643,0.391304347826087,"Degeneration, granular, eosinophilic",0.6521739130434783,0.9769821166992188,0.5206494460851601,0.1,305,0.0034482758620689,False
1792,majority_from_old_candidates,1333,1321,0.9909977494373592,7640,31,gemfibrozil,0.3225806451612903,"Degeneration, granular, eosinophilic",0.4193548387096774,0.9899470011393228,0.5206762521433292,0.0,42,0.0,True
1794,little_original_support,7,6,0.8571428571428571,30987,49,diltiazem,0.5714285714285714,Hypertrophy,0.7551020408163265,,0.5098040846886569,0.05,413,0.0022988505747126,False
1795,majority_from_old_candidates,119,63,0.5294117647058824,3276,26,fenofibrate,0.9230769230769232,"Degeneration, granular, eosinophilic",1.0,0.9648869832356772,0.5157226774630377,0.0,42,0.0,True
1796,majority_from_other_old_clusters,2886,1042,0.361053361053361,16064,69,thioacetamide,0.6376811594202898,Hypertrophy,0.782608695652174,0.8270772298177084,0.5243163299733326,0.05,42,0.0011494252873563,False
1805,majority_from_old_candidates,1861,1224,0.6577109081139173,17700,29,ethambutol,0.8275862068965517,Ground glass appearance,0.5172413793103449,0.981213887532552,0.508303176517893,0.05,391,0.0011494252873563,False
1811,little_original_support,16,10,0.625,33416,34,lomustine,0.5294117647058824,Hypertrophy,0.4705882352941176,0.9996515909830728,0.5233499253589932,0.05,311,0.0022988505747126,False
1846,majority_from_other_old_clusters,2483,200,0.0805477245267821,27968,36,phalloidin,0.3055555555555556,Single cell necrosis,0.4722222222222222,0.9983901977539062,0.5096173666283063,0.1,481,0.0011494252873563,True
1847,little_original_support,11,9,0.8181818181818182,952,10,phalloidin,0.4,Single cell necrosis,0.5,0.9884923299153646,0.5056888925862763,0.0,42,0.0,False
1850,little_original_support,0,0,,19380,57,acetamidofluorene,0.5614035087719298,Swelling,0.5614035087719298,0.9915924072265624,0.5152706718614959,0.0,42,0.0,False
1851,little_original_support,34,33,0.9705882352941176,23385,14,phalloidin,0.5714285714285714,Single cell necrosis,0.6428571428571429,0.9993209838867188,0.5097832868849049,0.0,42,0.0,True
1860,little_original_support,0,0,,10404,53,phenacetin,0.6415094339622641,Hypertrophy,0.5283018867924528,0.9803797403971354,0.5122032268947955,0.2,594,0.0045977011494252,False
1865,majority_from_other_old_clusters,177,0,0.0,6775,36,naphthyl isothiocyanate,0.5,Cellular infiltration,0.4722222222222222,0.996813456217448,0.5093335921504467,0.05,101,0.0045977011494252,True
1874,little_original_support,10,0,0.0,17798,35,clofibrate,0.8,Swelling,0.5428571428571428,0.9897359212239584,0.51099048384935,0.0,42,0.0,False
1879,little_original_support,6,6,1.0,7253,35,fenofibrate,0.9714285714285714,"Degeneration, granular, eosinophilic",0.9428571428571428,0.9763259887695312,0.5124608885746109,0.0,42,0.0,False
1888,little_original_support,0,0,,29176,76,acetamidofluorene,0.6052631578947368,Swelling,0.6052631578947368,0.970677693684896,0.5222379361183903,0.0,42,0.0,False
1894,majority_from_old_candidates,292,280,0.958904109589041,9342,53,methylene dianiline,0.4339622641509434,Hypertrophy,0.6226415094339622,0.971715291341146,0.5310183066890358,0.0,42,0.0,True
1896,little_original_support,0,0,,22775,87,acetamidofluorene,0.4827586206896552,"Proliferation, bile duct",0.5057471264367817,,0.5129008776673183,0.05,571,0.0011494252873563,False
1901,little_original_support,0,0,,43175,54,ticlopidine,0.4629629629629629,Hypertrophy,0.4814814814814814,0.9938812255859376,0.5176781331891352,0.05,571,0.0011494252873563,False
1902,majority_from_other_old_clusters,138,0,0.0,1130,13,sulfasalazine,0.3076923076923077,Cellular infiltration,0.5384615384615384,0.9990437825520834,0.5083519358133559,0.05,67,0.0011494252873563,False
1916,majority_from_old_candidates,4025,4021,0.9990062111801242,26373,51,thioacetamide,0.8235294117647058,Hypertrophy,0.803921568627451,0.9894587198893228,0.5183533685509477,0.05,42,0.0011494252873563,False
1936,little_original_support,25,8,0.32,3617,23,methylene dianiline,0.4347826086956521,"Proliferation, bile duct",0.4347826086956521,0.9848658243815104,0.5159239539860146,0.05,184,0.0011494252873563,False
1944,little_original_support,0,0,,4350,7,nitrosodiethylamine,0.8571428571428571,"Change, acidophilic",0.8571428571428571,,0.5044770738876642,0.0,42,0.0,False
1945,majority_from_old_candidates,185,184,0.9945945945945946,6805,34,WY-14643,0.6470588235294118,"Degeneration, granular, eosinophilic",0.8235294117647058,0.995330810546875,0.5215583101091191,0.0,42,0.0,True
1947,majority_from_old_candidates,8283,8283,1.0,31299,51,WY-14643,0.7647058823529411,"Degeneration, granular, eosinophilic",0.9803921568627452,0.9792658487955728,0.5213108162444713,0.0,42,0.0,True
1960,majority_from_old_candidates,3062,2990,0.976485956890921,31667,72,thioacetamide,0.6666666666666666,Hypertrophy,0.6805555555555556,0.990687052408854,0.5262898104626819,0.0,42,0.0,False
1969,little_original_support,1,1,1.0,14910,33,fenofibrate,0.9393939393939394,"Degeneration, granular, eosinophilic",0.9090909090909092,0.9925460815429688,0.5106701976715703,0.0,42,0.0,False
1977,little_original_support,64,34,0.53125,4290,17,methylene dianiline,0.8823529411764706,Hypertrophy,0.9411764705882352,0.9946085611979166,0.5205572424885265,0.0,42,0.0,True
1980,little_original_support,48,48,1.0,16100,39,gemfibrozil,0.6666666666666666,"Degeneration, granular, eosinophilic",0.6666666666666666,0.9951833089192708,0.5202249398019124,0.0,42,0.0,False
1983,little_original_support,0,0,,21800,90,ticlopidine,0.4555555555555555,Swelling,0.4222222222222222,0.9794921875,0.5117022309110825,0.05,571,0.0022988505747126,False
1985,majority_from_old_candidates,2934,2934,1.0,28513,44,WY-14643,0.7272727272727273,"Degeneration, granular, eosinophilic",0.9545454545454546,0.9988352457682292,0.5157203665959541,0.0,42,0.0,True
1991,majority_from_old_candidates,2581,1664,0.644711352189074,11325,79,WY-14643,0.5569620253164557,"Degeneration, granular, eosinophilic",0.8734177215189873,0.9065348307291666,0.5287742236642032,0.05,184,0.0011494252873563,True
