k,old_cluster,rank,new_cluster,n_patches,fraction_of_old,purity_on_original_319,fraction_of_full_new,selected
100,0,1,63,21733,0.5239897772205613,0.3301532805687636,0.04767880374094217,True
100,0,2,36,13979,0.33703828720223744,0.07615825488145049,0.01860757960367546,True
100,0,3,50,4196,0.10116693991706047,0.5089144936325045,0.022037004942045198,False
100,0,4,44,1282,0.03090944160478349,0.06173850228750301,0.004766844772645301,False
100,0,5,5,185,0.004460410840003858,0.4780361757105943,0.0004418205874064415,True
100,0,6,39,55,0.0013260680875687143,0.0011354252683732453,9.839755115330876e-05,False
100,0,7,53,20,0.00048220657729771435,0.0015116015418335726,4.1894643350901154e-05,False
100,0,8,99,8,0.00019288263091908573,4.68406014333224e-05,1.6441250274877155e-05,False
100,0,9,85,7,0.00016877230205420001,0.25925925925925924,1.2984893004481644e-05,False
100,0,10,12,5,0.00012055164432442859,0.0002616705045007327,1.5126945325168817e-05,False
100,4,1,19,35525,0.8167042162858063,0.055421216848673946,0.05412887929983666,True
100,4,2,75,5616,0.12910938433950986,0.143184947223497,0.01602973035458928,False
100,4,3,7,1009,0.023196468803163364,0.029287974224260546,0.003023755510337408,False
100,4,4,90,520,0.011954572624028692,0.01745552198724404,0.0015541037304466854,False
100,4,5,80,296,0.0068049105706009475,0.01066320832883029,0.0009377772145482195,False
100,4,6,55,266,0.006115223688445446,0.008654909871803215,0.0008474630270359821,False
100,4,7,26,79,0.0018161754563428203,0.00422980135996145,0.0002906655874020383,False
100,4,8,53,62,0.0014253528897880362,0.004685964779684075,0.00012987339438779358,False
100,4,9,39,41,0.0009425720722791853,0.0008464079273327828,7.335090176883016e-05,False
100,4,10,76,37,0.0008506138213251184,0.0016196813167571353,0.00011265958839667137,False
100,5,1,19,261998,1.0,0.40873322932917316,0.39920219898096004,True
100,5,2,0,0,0.0,0.0,0.0,False
100,5,3,1,0,0.0,0.0,0.0,False
100,5,4,2,0,0.0,0.0,0.0,False
100,5,5,3,0,0.0,0.0,0.0,False
100,5,6,4,0,0.0,0.0,0.0,False
100,5,7,5,0,0.0,0.0,0.0,True
100,5,8,6,0,0.0,0.0,0.0,False
100,5,9,7,0,0.0,0.0,0.0,False
100,5,10,8,0,0.0,0.0,0.0,False
100,14,1,19,37375,0.6055769791632911,0.058307332293291735,0.056947694970623366,True
100,14,2,67,18718,0.30328267280209986,0.15658881006558695,0.03379627623463477,False
100,14,3,43,5225,0.08465925661881461,0.13449163449163448,0.013480287820269709,False
100,14,4,12,206,0.003337762079134126,0.010780824785430186,0.0006232301473969552,False
100,14,5,53,167,0.0027058556660941703,0.012621872874310332,0.00034982027198002464,False
100,14,6,69,18,0.0002916491137107489,0.002274450341167551,6.798019510315994e-05,False
100,14,7,39,8,0.00012962182831588838,0.00016515276630883568,1.4312371076844909e-05,False
100,14,8,63,1,1.6202728539486048e-05,1.5191334862594377e-05,2.1938436359886887e-06,True
100,14,9,0,0,0.0,0.0,0.0,False
100,14,10,1,0,0.0,0.0,0.0,False
100,21,1,36,50992,0.995373714107244,0.2778068340306834,0.06787593527080757,True
100,21,2,44,150,0.0029280290460481366,0.007223693715386468,0.0005577431481254253,False
100,21,3,5,57,0.0011126510374982919,0.14728682170542637,0.0001361285053090117,True
100,21,4,27,13,0.0002537625173241719,0.0007053334056752211,7.581368495331626e-05,False
100,21,5,32,5,9.760096820160456e-05,5.03879875037791e-05,6.047024078040474e-06,True
100,21,6,50,5,9.760096820160456e-05,0.0006064281382656155,2.6259538777460912e-05,False
100,21,7,60,3,5.856058092096274e-05,0.00016665740792178211,1.1614356893701535e-05,False
100,21,8,76,2,3.904038728064183e-05,8.755034144633164e-05,6.089707480901155e-06,False
100,21,9,46,1,1.9520193640320913e-05,0.00011960291831120679,6.984898649120601e-06,False
100,21,10,93,1,1.9520193640320913e-05,6.141751627564181e-05,6.8085569944306e-06,False
100,25,1,36,45588,0.80531364270699,0.24836558577405857,0.06068261957023799,True
100,25,2,63,8384,0.14810365842887174,0.12736415148799124,0.018393185044129165,True
100,25,3,50,1557,0.02750446042148775,0.18884172225591267,0.008177220375301329,False
100,25,4,88,671,0.011853238884276352,0.007222586999343401,0.0013896396256464101,False
100,25,5,68,295,0.005211185500538783,0.045779019242706394,0.001059576959409223,False
100,25,6,69,28,0.0004946209966613083,0.0035380338640384128,0.00010574697016047103,False
100,25,7,12,25,0.0004416258898761681,0.0013083525225036634,7.563472662584409e-05,False
100,25,8,32,23,0.00040629581868607465,0.00023178474251738386,2.781631075898618e-05,True
100,25,9,76,13,0.0002296454627356074,0.0005690772194011556,3.9583098625857505e-05,False
100,25,10,60,7,0.00012365524916532706,0.000388867285150825,2.710016608530358e-05,False
100,29,1,57,22807,0.6281362747528161,0.2734685068166285,0.06017439943010171,True
100,29,2,93,11705,0.3223718637252472,0.7188920280063874,0.07969415961981018,False
100,29,3,45,1316,0.036244457297088875,0.0482015969526042,0.004217759459511432,False
100,29,4,10,131,0.003607920901153984,0.003823031576489815,0.0005393743257820927,False
100,29,5,41,127,0.0034977553774546257,0.003503641580225116,0.00020612599979225095,False
100,29,6,70,65,0.0017901897601145722,0.01365546218487395,0.0005486528462421501,False
100,29,7,16,31,0.0008537828086700268,0.000997201402515521,0.00011210924503464537,False
100,29,8,86,29,0.0007987000468203476,0.0003729375908231633,4.512403664071775e-05,False
100,29,9,11,19,0.0005232862375719519,0.0009083520581345318,0.0001030139719476689,False
100,29,10,85,15,0.0004131207138725936,0.5555555555555556,2.7824770723889234e-05,False
100,42,1,59,18690,0.9284649776453056,0.11149223014286992,0.03489726871457059,False
100,42,2,64,618,0.030700447093889718,0.016957523872242343,0.0034850868734033736,False
100,42,3,81,544,0.02702434177844014,0.007760674493915574,0.0013056428250846628,False
100,42,4,70,131,0.006507699950322902,0.027521008403361344,0.00110574650550341,False
100,42,5,9,52,0.0025832091405861898,0.00032857738629326797,6.63184099906134e-05,False
100,42,6,14,51,0.002533532041728763,0.0002896723294767155,5.92923975520378e-05,False
100,42,7,11,10,0.0004967709885742673,0.000478080030597122,5.4217879972457314e-05,False
100,42,8,27,7,0.0003477396920019871,0.00037979491074819596,4.082275343640107e-05,False
100,42,9,93,7,0.0003477396920019871,0.0004299226139294927,4.76598989610142e-05,False
100,42,10,92,6,0.00029806259314456036,0.0031779661016949155,1.0622232687088499e-05,False
100,52,1,19,18158,0.3908560604429903,0.028327613104524182,0.027667056729808136,True
100,52,2,67,17302,0.3724304195277353,0.14474300629099182,0.031239618090161923,False
100,52,3,53,10390,0.22364767419334008,0.785277000982541,0.021764267220793148,False
100,52,4,80,370,0.0079643541339303,0.013329010411037862,0.0011722215181852744,False
100,52,5,12,199,0.004283531007167918,0.01041448607912916,0.0006020524239417189,False
100,52,6,39,21,0.00045203091030415223,0.00043352601156069364,3.7569974076717885e-05,False
100,52,7,99,9,0.0001937275329874938,5.269567661248771e-05,1.8496406559236798e-05,False
100,52,8,43,4,8.610112577221947e-05,0.00010296010296010296,1.0319837565756714e-05,False
100,52,9,22,2,4.3050562886109735e-05,1.188001188001188e-05,1.8143041553915222e-06,False
100,52,10,50,1,2.1525281443054868e-05,0.00012128562765312311,5.251907755492183e-06,False
100,53,1,9,11118,0.4194205522861023,0.0702523727078568,0.014179386197608456,False
100,53,2,14,4923,0.18571751923947488,0.027961899568899416,0.005723460257817296,False
100,53,3,59,3798,0.14327750113173382,0.022656366510573567,0.007091483498017074,False
100,53,4,20,2667,0.10061113626075147,0.8988877654196158,0.002716619046891473,False
100,53,5,81,2392,0.09023690961219255,0.03412414226001113,0.005740988304416385,False
100,53,6,92,1072,0.040440621699109704,0.5677966101694916,0.0018978389067598118,False
100,53,7,70,441,0.016636487098234495,0.09264705882352942,0.0037223985414275105,False
100,53,8,93,42,0.0015844273426889996,0.0025795356835769563,0.00028595939376608524,False
100,53,9,28,19,0.0007167647502640712,0.00032005929519574153,3.8429565685229495e-05,False
100,53,10,52,12,0.0004526935264825713,0.015018773466833541,3.216045925135811e-05,False
100,54,1,32,28732,0.9362922410141102,0.28954953139171624,0.034748619162051776,True
100,54,2,48,831,0.02707987095512758,0.005645610554778048,0.0006896837911859905,False
100,54,3,18,434,0.01414279662397758,0.004874159095248257,0.000583145221971407,False
100,54,4,95,278,0.009059210740704532,0.007226973769724699,0.00042223444035710707,False
100,54,5,88,139,0.004529605370352266,0.001496184192114356,0.0002878687152978406,False
100,54,6,71,114,0.0037149281454687652,0.0015904683510749612,8.318350573236509e-05,False
100,54,7,60,50,0.0016293544497670022,0.0027776234653630353,0.00019357261489502556,False
100,54,8,29,48,0.0015641802717763222,0.0015632124014850518,7.600348349299343e-05,False
100,54,9,36,35,0.0011405481148369016,0.00019068165969316598,4.658883225757501e-05,True
100,54,10,47,8,0.00026069671196272037,0.0002794955106033609,8.595459019000262e-06,False
100,55,1,63,4237,0.2867875998375525,0.06436568581281236,0.009295315485684073,True
100,55,2,44,3190,0.21591985921212942,0.15362388634721888,0.01186133761680071,False
100,55,3,55,3116,0.21091105997021795,0.1013860870696948,0.009927424030992933,False
100,55,4,36,2480,0.16786246108027617,0.01351115760111576,0.003301151542822458,True
100,55,5,39,831,0.056247461757140925,0.017155243600330307,0.001486697545607265,False
100,55,6,50,550,0.03722756193312576,0.0667070952092177,0.0028885492655207003,False
100,55,7,5,85,0.005753350480573982,0.21963824289405684,0.00020299864826782448,True
100,55,8,26,75,0.005076485718153513,0.004015634202495047,0.0002759483424702896,False
100,55,9,46,74,0.005008799241911466,0.008850615955029303,0.0005168825000349245,False
100,55,10,65,26,0.0017598483822932178,0.0008280518487849931,6.34669556854187e-05,False
100,62,1,19,107516,0.9974672740261066,0.16773166926677066,0.16382042468124527,True
100,62,2,53,244,0.0022636818228205105,0.018441538810369588,0.0005111146488809941,False
100,62,3,12,25,0.00023193461299390476,0.0013083525225036634,7.563472662584409e-05,False
100,62,4,5,2,1.8554769039512382e-05,0.00516795865633075,4.776438782772341e-06,True
100,62,5,20,1,9.277384519756191e-06,0.0003370407819346141,1.0186048169821796e-06,False
100,62,6,39,1,9.277384519756191e-06,2.064409578860446e-05,1.7890463846056136e-06,False
100,62,7,0,0,0.0,0.0,0.0,False
100,62,8,1,0,0.0,0.0,0.0,False
100,62,9,2,0,0.0,0.0,0.0,False
100,62,10,3,0,0.0,0.0,0.0,False
100,63,1,32,47362,0.9515983203070061,0.47729517283079714,0.057279830876830584,True
100,63,2,95,1419,0.028510578449297785,0.036888761795824995,0.0021552182405278233,False
100,63,3,84,883,0.017741254947660285,0.030356160616061605,0.0022104786199403695,False
100,63,4,60,46,0.0009242329870808303,0.0025554135881339928,0.00017808680570342354,False
100,63,5,29,31,0.0006228526652066464,0.001009574675959096,4.908558308922492e-05,False
100,63,6,57,28,0.0005625766008318097,0.00033573544047290737,7.387570412780497e-05,True
100,63,7,18,1,2.0092021458278917e-05,1.1230781325456812e-05,1.343652585187574e-06,False
100,63,8,36,1,2.0092021458278917e-05,5.448047419804742e-06,1.3311094930735717e-06,True
100,63,9,0,0,0.0,0.0,0.0,False
100,63,10,1,0,0.0,0.0,0.0,False
100,65,1,36,13495,0.5008350343291891,0.07352139993026499,0.01796332260902785,True
100,65,2,63,13368,0.49612172944887734,0.2030777644431616,0.029327301725896787,True
100,65,3,12,43,0.001595843384672481,0.002250366338706301,0.00013009172979645183,False
100,65,4,19,14,0.0005195769159398775,2.1840873634945397e-05,2.1331578049196714e-05,True
100,65,5,53,10,0.00037112636852848393,0.0007558007709167863,2.0947321675450577e-05,False
100,65,6,27,9,0.0003340137316756355,0.0004883077423905377,5.24863972753728e-05,False
100,65,7,88,3,0.00011133791055854518,3.229174515354725e-05,6.212993855349077e-06,False
100,65,8,46,1,3.71126368528484e-05,0.00011960291831120679,6.984898649120601e-06,False
100,65,9,69,1,3.71126368528484e-05,0.00012635835228708617,3.7766775057311082e-06,False
100,65,10,93,1,3.71126368528484e-05,6.141751627564181e-05,6.8085569944306e-06,False
100,67,1,19,179218,0.9997099347353154,0.27959126365054604,0.27307162534435264,True
100,67,2,53,30,0.00016734534501031963,0.002267402312750359,6.284196502635173e-05,False
100,67,3,5,14,7.809449433814917e-05,0.03617571059431524,3.3435071479406386e-05,True
100,67,4,36,6,3.3469069002063924e-05,3.268828451882845e-05,7.986656958441431e-06,True
100,67,5,12,2,1.1156356334021309e-05,0.00010466820180029308,6.050778130067527e-06,False
100,67,6,0,0,0.0,0.0,0.0,False
100,67,7,1,0,0.0,0.0,0.0,False
100,67,8,2,0,0.0,0.0,0.0,False
100,67,9,3,0,0.0,0.0,0.0,False
100,67,10,4,0,0.0,0.0,0.0,False
100,77,1,36,56464,0.9964000847038893,0.30761854951185497,0.07515976641690615,True
100,77,2,44,80,0.0014117314886708547,0.003852636648206116,0.00029746301233356015,False
100,77,3,50,49,0.0008646855368108986,0.005942995755003032,0.00025734348001911695,False
100,77,4,63,46,0.0008117456059857415,0.0006988014036793413,0.00010091680725547967,True
100,77,5,12,7,0.00012352650525869978,0.00036633870630102576,2.1177723455236345e-05,False
100,77,6,27,7,0.00012352650525869978,0.00037979491074819596,4.082275343640107e-05,False
100,77,7,5,6,0.00010587986165031411,0.015503875968992248,1.4329316348317021e-05,True
100,77,8,32,5,8.823321804192842e-05,5.03879875037791e-05,6.047024078040474e-06,True
100,77,9,76,2,3.529328721677137e-05,8.755034144633164e-05,6.089707480901155e-06,False
100,77,10,53,1,1.7646643608385686e-05,7.558007709167864e-05,2.0947321675450576e-06,False
100,81,1,57,22494,0.9989785495403473,0.26971546421419923,0.059348574594673034,True
100,81,2,45,15,0.0006661633432517653,0.0005494102996117501,4.807476587589019e-05,False
100,81,3,49,4,0.00017764355820047074,0.0001855804027094739,2.0756361824899333e-05,False
100,81,4,60,2,8.882177910023537e-05,0.00011110493861452142,7.742904595801023e-06,False
100,81,5,10,1,4.4410889550117686e-05,2.9183447148777215e-05,4.117361265512159e-06,False
100,81,6,78,1,4.4410889550117686e-05,2.6028787839350323e-05,2.7175906927953954e-06,False
100,81,7,0,0,0.0,0.0,0.0,False
100,81,8,1,0,0.0,0.0,0.0,False
100,81,9,2,0,0.0,0.0,0.0,False
100,81,10,3,0,0.0,0.0,0.0,False
100,93,1,63,17730,0.8513805522208884,0.2693423671137983,0.03889684766607945,True
100,93,2,69,1709,0.08206482593037215,0.21594642405863027,0.0064543418572944634,False
100,93,3,39,496,0.02381752701080432,0.010239471511147812,0.0008873670067643844,False
100,93,4,50,336,0.016134453781512605,0.040751970891449364,0.0017646410058453734,False
100,93,5,43,231,0.011092436974789916,0.005945945945945946,0.0005959706194224503,False
100,93,6,68,203,0.009747899159663866,0.03150217256362508,0.0007291326195256687,False
100,93,7,36,34,0.0016326530612244899,0.00018523361227336122,4.525772276450144e-05,True
100,93,8,12,27,0.0012965186074429772,0.0014130207243039565,8.168550475591162e-05,False
100,93,9,27,21,0.0010084033613445378,0.001139384732244588,0.0001224682603092032,False
100,93,10,88,15,0.0007202881152460984,0.00016145872576773623,3.1064969276745386e-05,False
1000,0,1,646,15807,0.38111196836724853,0.8379897153156974,0.24565629565163336,True
1000,0,2,285,7893,0.19030282573054297,0.3658570501529619,0.0964195404405028,True
1000,0,3,402,3884,0.09364451731121612,0.31413781947589775,0.07421277896667686,True
1000,0,4,99,2668,0.06432635741151509,0.7905185185185185,0.05567728875811265,True
1000,0,5,52,2253,0.05432057093258752,0.88042203985932,0.03915264840817462,True
1000,0,6,672,2114,0.050969235220368406,0.08336290863204385,0.02609328906278929,True
1000,0,7,889,2093,0.0504629183142058,0.1961758365357578,0.10565371024734982,True
1000,0,8,310,1000,0.024110328864885715,0.47058823529411764,0.017291464932909117,True
1000,0,9,527,970,0.023387018998939146,0.8227311280746396,0.023288197445500817,True
1000,0,10,920,522,0.012585591667470345,0.21960454354228018,0.030081253961850976,True
1000,4,1,13,26528,0.6098671203273713,0.8270100071702466,0.809866894614727,True
1000,4,2,320,13328,0.3064048921789508,0.6417874512447633,0.6191007060572278,True
1000,4,3,493,1837,0.042231826750655205,0.024864645370871685,0.024604875435306723,True
1000,4,4,745,765,0.017587015494965285,0.03091408712519195,0.024350649350649352,False
1000,4,5,459,350,0.00804634695848085,0.014741807766826721,0.013878424997026052,False
1000,4,6,283,160,0.003678330038162674,0.11080332409972299,0.005500171880371262,False
1000,4,7,860,157,0.003609361349947124,0.10709413369713507,0.052951096121416526,False
1000,4,8,644,117,0.0026897788404064557,0.014742943548387098,0.0031401808958909255,False
1000,4,9,232,60,0.0013793737643110029,0.007544322897019992,0.0012006964039142703,False
1000,4,10,188,42,0.0009655616350177019,0.007792207792207792,0.000570822800293566,False
1000,5,1,200,253926,0.9691906045084313,0.782247058787287,0.7814189657029434,True
1000,5,2,493,4079,0.015568821136039206,0.05521115322144017,0.05463434235199571,True
1000,5,3,13,3986,0.015213856594325148,0.12426349097484178,0.12168762974722189,True
1000,5,4,633,4,1.5267292116733717e-05,3.592083048960092e-05,3.581437409904465e-05,True
1000,5,5,80,2,7.633646058366859e-06,0.0028129395218002813,1.6811525982213407e-05,True
1000,5,6,346,1,3.816823029183429e-06,0.0003301419610432486,5.7418465778594396e-05,True
1000,5,7,0,0,0.0,0.0,0.0,False
1000,5,8,1,0,0.0,0.0,0.0,False
1000,5,9,2,0,0.0,0.0,0.0,False
1000,5,10,3,0,0.0,0.0,0.0,False
1000,14,1,191,31334,0.5076962960562559,0.44335965135693467,0.42644056724461743,True
1000,14,2,969,21691,0.3514533847499919,0.5381580906068575,0.3808378397359365,False
1000,14,3,459,8076,0.13085323568488932,0.340156684356836,0.320234743645664,False
1000,14,4,912,244,0.003953465763634596,0.4460694698354662,0.006588718170280561,True
1000,14,5,745,180,0.0029164911371074888,0.007273902852986341,0.005729564553093965,False
1000,14,6,869,43,0.0006967173271979001,0.20476190476190476,0.0010661245134257309,False
1000,14,7,426,38,0.0006157036845004699,0.11764705882352941,0.0004758505829169641,False
1000,14,8,13,33,0.0005346900418030396,0.0010287745113321072,0.0010074490169739896,True
1000,14,9,194,21,0.00034025729932920704,0.004842056721235877,0.0004640473770274451,False
1000,14,10,221,12,0.0001944327424738326,0.00044851429639319754,0.00019401778496362166,False
1000,21,1,906,32982,0.6438150266450643,0.7898745090525913,0.6029395634528902,True
1000,21,2,672,5825,0.11370512795486931,0.22970148665168186,0.07189849044027796,True
1000,21,3,132,5364,0.10470631868668137,0.11703102500327268,0.06569906301671873,True
1000,21,4,433,3946,0.07702668410470632,0.4206374586931031,0.20554224398374832,True
1000,21,5,994,1169,0.022819106365535146,0.23333333333333334,0.0377559589173826,True
1000,21,6,999,406,0.007925198617970291,0.2713903743315508,0.008586958820667921,True
1000,21,7,310,304,0.005934138866657558,0.14305882352941177,0.005256605339604372,True
1000,21,8,323,254,0.004958129184641512,0.3503448275862069,0.005088039101780814,True
1000,21,9,217,178,0.0034745944679771225,0.5297619047619048,0.008424839076107535,True
1000,21,10,272,146,0.002849948271486853,0.15176715176715178,0.004858569051580699,True
1000,25,1,132,25181,0.44482326131887157,0.5493956451542523,0.30842060138404065,True
1000,25,2,285,11106,0.1961878853185889,0.5147863168628906,0.13566899989005754,True
1000,25,3,348,9026,0.15944461128089174,0.8678846153846154,0.2412852865697177,True
1000,25,4,889,5150,0.09097493331449062,0.48270690786390474,0.25996971226653204,True
1000,25,5,402,2227,0.03934003427016906,0.18011970236169525,0.042551971874044636,True
1000,25,6,920,1066,0.018830927944319807,0.44846445098864113,0.061430300236270385,True
1000,25,7,672,772,0.01363740747937607,0.030442840806025474,0.009528864312428257,True
1000,25,8,433,320,0.005652811390414952,0.03411150197207121,0.016668402958641526,True
1000,25,9,999,305,0.005387835856489251,0.2038770053475936,0.006450794187940187,True
1000,25,10,99,295,0.005211185500538783,0.0874074074074074,0.006156221957887268,True
1000,29,1,929,15543,0.42807568371478144,0.98149785299318,0.551659272404614,True
1000,29,2,65,8612,0.2371863725247184,0.9982612727483482,0.6546560243253515,True
1000,29,3,792,3727,0.10264672670687708,0.9600721277691912,0.18281257664197773,True
1000,29,4,208,2161,0.05951692417857831,0.8664795509222133,0.07227666477139703,True
1000,29,5,988,1254,0.03453689167974882,0.7116912599318955,0.07772887869584082,True
1000,29,6,564,1066,0.029359112065878983,0.10263816676295012,0.03247227976117948,True
1000,29,7,519,688,0.018948470076289626,0.11730605285592498,0.00868379865704044,True
1000,29,8,352,589,0.016221873364730507,0.564176245210728,0.03256122505390016,False
1000,29,9,317,524,0.014431683604615936,0.045478215587571605,0.021962362211324866,True
1000,29,10,108,415,0.011429673083808422,0.2817379497623897,0.006937247166594229,True
1000,42,1,279,12189,0.6055141579731743,0.5992625368731563,0.5962723803933079,False
1000,42,2,540,6751,0.33537009438648785,0.681712612339695,0.6771313941825476,False
1000,42,3,265,330,0.01639344262295082,0.009040600515040272,0.008816928502725233,False
1000,42,4,234,314,0.015598609041231993,0.010784818821913103,0.005895053036703276,False
1000,42,5,739,204,0.010134128166915052,0.02539524461595917,0.006690498835722016,False
1000,42,6,642,89,0.004421261798310979,0.005334452169743467,0.005326470764258783,True
1000,42,7,9,59,0.002930948832588177,0.023440603893524037,0.0026379325762317806,False
1000,42,8,453,52,0.0025832091405861898,0.0015123313168915774,0.0009823368281855105,False
1000,42,9,586,37,0.0018380526577247889,0.0048372336253104985,0.0009322012546924995,False
1000,42,10,702,21,0.0010432190760059613,0.0026957637997432607,0.0007448921679909194,False
1000,52,1,745,22586,0.4861700066728373,0.912713165764164,0.7189330277565572,False
1000,52,2,459,6726,0.14477904298598704,0.2832954258276472,0.26670367579999205,False
1000,52,3,674,5267,0.11337365736057,0.5291871797448006,0.11589833865111673,False
1000,52,4,191,4447,0.095722926577265,0.06292271556725246,0.06052151664443779,True
1000,52,5,969,1756,0.03779839421400435,0.04356671463305711,0.03083081677084065,False
1000,52,6,406,1422,0.030608950212024023,0.49842271293375395,0.09187827098274859,False
1000,52,7,493,1216,0.02617474223475472,0.01645912290200325,0.016287168497187247,True
1000,52,8,860,675,0.014529564974062036,0.46043656207366984,0.22765598650927488,False
1000,52,9,435,562,0.012097208170996836,0.017536742908852623,0.006714456391875747,False
1000,52,10,466,388,0.008351809199905288,0.18626980316850697,0.01620921585829469,False
1000,53,1,642,15725,0.5932171419948695,0.9425197794293935,0.9411095816625771,True
1000,53,2,279,5517,0.20812584880036217,0.27123893805309734,0.2698855297916055,False
1000,53,3,265,3035,0.11449373773955032,0.08314612897923401,0.08108902425991237,False
1000,53,4,887,382,0.014410743926361854,0.05739182692307692,0.011456677563506584,False
1000,53,5,535,292,0.011015542477742567,0.011162079510703363,0.003988362722467322,False
1000,53,6,728,287,0.010826920175041497,0.024184713912530548,0.008504459655673096,False
1000,53,7,21,227,0.00856345254262864,0.027730271194722697,0.003423314733825969,False
1000,53,8,414,140,0.005281424475629999,0.027602523659305992,0.005326636989689153,False
1000,53,9,331,115,0.004338312962124642,0.01775787523162446,0.0029929210909848012,False
1000,53,10,105,110,0.004149690659423571,0.013834737768834109,0.0028235535705118334,False
1000,54,1,518,17554,0.5720337602241992,0.33355501928667797,0.10529914940074142,True
1000,54,2,61,7013,0.22853325512431974,0.9494990522610344,0.10981147438306402,True
1000,54,3,204,4836,0.15759116238146445,0.4872544080604534,0.06996527777777778,True
1000,54,4,180,398,0.012969661420145339,0.19490695396669933,0.005690998784585686,True
1000,54,5,299,220,0.00716915957897481,0.023290281600677535,0.0014472636848649112,False
1000,54,6,140,158,0.005148760061263727,0.06599832915622389,0.0011328601132860113,False
1000,54,7,699,59,0.0019226382507250626,0.06203995793901157,0.0011238095238095239,True
1000,54,8,967,55,0.0017922898947437026,0.04478827361563518,0.003263513914436599,False
1000,54,9,975,49,0.0015967673607716623,0.007332036510549154,0.0010121666563384355,False
1000,54,10,605,43,0.001401244826799622,0.007589128132721497,0.0006773893728634667,False
1000,55,1,346,2845,0.19256802490862326,0.9392538791680423,0.16335553514010107,True
1000,55,2,994,2293,0.15520509002301341,0.45768463073852295,0.0740585233512047,True
1000,55,3,646,1583,0.10714769189116015,0.08392090335577586,0.024601373822770646,True
1000,55,4,679,1393,0.09428726140517124,0.9502046384720327,0.060105281325509144,True
1000,55,5,34,774,0.05238933261134426,0.03548668103250653,0.013683373110580748,True
1000,55,6,310,600,0.0406118857452281,0.2823529411764706,0.01037487895974547,True
1000,55,7,255,597,0.040408826316501965,0.6869965477560415,0.0770421989934185,False
1000,55,8,272,424,0.02869906592662786,0.4407484407484408,0.01410981697171381,True
1000,55,9,480,378,0.025585488019493705,0.5361702127659574,0.008009323021506516,True
1000,55,10,232,351,0.02375795316095844,0.044134288947566956,0.007024073962898481,False
1000,55,11,347,351,0.02375795316095844,0.04572098475967175,0.007509788399409487,False
1000,55,12,371,286,0.019358332205225395,0.5116279069767442,0.01608910891089109,True
1000,55,13,439,254,0.017192364965479896,0.4635036496350365,0.02004102887801799,True
1000,55,14,433,237,0.0160416948693651,0.025263831148065238,0.012345035941243879,True
1000,55,15,512,206,0.013943414105861649,0.21237113402061855,0.024401800521203505,True
1000,55,16,628,206,0.013943414105861649,0.010930121504748766,0.005633802816901409,True
1000,55,17,215,196,0.01326654934344118,0.17737556561085974,0.005907351035293409,False
1000,55,18,52,158,0.0106944632462434,0.06174286830793278,0.002745725010426804,True
1000,55,19,527,122,0.008257750101529715,0.10347752332485156,0.0029290310189186595,True
1000,55,20,356,108,0.007310139434141058,0.06835443037974684,0.004921842956751583,False
1000,62,1,633,40301,0.37388787353069425,0.3619113473903517,0.36083877264139963,True
1000,62,2,191,34887,0.3236601137407342,0.49363273622548604,0.4747951767876099,True
1000,62,3,493,29484,0.2735344051804915,0.39907958852192743,0.39491025984462896,True
1000,62,4,459,2129,0.01975155164256093,0.08967231067306883,0.08442047662476704,False
1000,62,5,13,382,0.0035439608865468646,0.011908844343298936,0.011661985590426182,True
1000,62,6,745,253,0.002347178283498316,0.010223874565586358,0.008053221288515405,False
1000,62,7,80,178,0.0016513744445166019,0.25035161744022505,0.0014962258124169932,True
1000,62,8,426,68,0.0006308621473434209,0.21052631578947367,0.0008515220957461462,False
1000,62,9,836,61,0.0005659204557051276,0.08664772727272728,0.0006987559852459392,False
1000,62,10,200,30,0.0002783215355926857,9.241830991556047e-05,9.232047514271206e-05,True
1000,63,1,518,35072,0.7046673765847582,0.6664259790601782,0.21038234976545536,True
1000,63,2,494,10253,0.20600349601173373,0.9863395863395863,0.20392617049206413,True
1000,63,3,204,3833,0.07701271824958308,0.3861964735516373,0.05545428240740741,True
1000,63,4,60,453,0.00910168572060035,0.11955661124307206,0.01759359950287401,False
1000,63,5,149,30,0.0006027606437483675,0.014684287812041116,0.0010997470581766194,False
1000,63,6,792,29,0.0005826686222900887,0.007470376094796497,0.001422475106685633,True
1000,63,7,476,23,0.0004621164935404151,0.17557251908396945,0.0010923771075753979,True
1000,63,8,69,22,0.0004420244720821362,0.01981981981981982,0.0005789016656579743,False
1000,63,9,710,16,0.00032147234333246267,0.01386481802426343,0.0007329363261566652,True
1000,63,10,810,11,0.0002210122360410681,0.0038101835815725666,0.00033098633929108743,False
1000,65,1,34,19497,0.7235850807199852,0.8939067443033332,0.3446831079289313,True
1000,65,2,628,3405,0.12636852848394878,0.180665357881891,0.09312183782305483,True
1000,65,3,132,1173,0.043533123028391164,0.025592355020290614,0.014367076979606834,True
1000,65,4,285,695,0.025793282612729635,0.03221470288310003,0.00849000134374122,True
1000,65,5,348,566,0.021005752458712192,0.05442307692307692,0.015130453378956374,True
1000,65,6,999,479,0.01777695305251438,0.3201871657754011,0.010130919396797868,True
1000,65,7,672,353,0.013100760809055484,0.01392010725974999,0.004357110236123282,True
1000,65,8,646,284,0.010539988866208945,0.01505592959762498,0.0044136387654244245,True
1000,65,9,790,194,0.007199851549452589,0.3546617915904936,0.004963414010131505,True
1000,65,10,402,101,0.003748376322137688,0.008168877385959237,0.0019298379700397432,True
1000,67,1,633,71047,0.39631282423160596,0.6380168109486691,0.6361259591537063,True
1000,67,2,200,70644,0.39406481843030067,0.2176266361891618,0.21739625486605837,True
1000,67,3,493,37264,0.20786523121548503,0.5043854899837574,0.4991159924993303,True
1000,67,4,13,198,0.0011044792770681096,0.006172647067992643,0.006044694101843937,True
1000,67,5,80,84,0.00046856696602889497,0.11814345991561181,0.000706084091252963,True
1000,67,6,865,12,6.693813800412785e-05,0.3870967741935484,0.00022202075894096099,True
1000,67,7,112,6,3.3469069002063924e-05,0.25,0.00015621338748730767,True
1000,67,8,132,4,2.2312712668042617e-05,8.727145786970371e-05,4.899258987078204e-05,True
1000,67,9,426,3,1.6734534501031962e-05,0.009287925696594427,3.7567151282918214e-05,False
1000,67,10,836,3,1.6734534501031962e-05,0.004261363636363636,3.436504845471832e-05,False
1000,77,1,672,16248,0.2867226653490506,0.6407192712646398,0.200550501746547,True
1000,77,2,132,14092,0.24867650172937109,0.30745734607496616,0.17260089411476515,True
1000,77,3,906,8476,0.14957295122467706,0.20298879202988793,0.1549486307630434,True
1000,77,4,402,6079,0.10727394649537658,0.49166936266580397,0.11615331702843167,True
1000,77,5,433,4721,0.08330980447518882,0.503251252531713,0.24591103239920825,True
1000,77,6,889,3319,0.05856921013623209,0.3110881994563689,0.16754164563351842,True
1000,77,7,646,1045,0.01844074257076304,0.055399459258866565,0.016240325738973674,True
1000,77,8,285,740,0.013058516270205408,0.03430054695466766,0.009039713660961875,True
1000,77,9,34,601,0.010605632808639796,0.02755490348906515,0.010624944753823036,True
1000,77,10,323,408,0.00719983059222136,0.5627586206896552,0.00817291320286052,True
1000,81,1,564,8929,0.39654483279300085,0.8597150009628346,0.27199342025100526,True
1000,81,2,317,6680,0.29666474219478617,0.5797604582537754,0.2799782052894086,True
1000,81,3,519,4301,0.19101123595505617,0.7333333333333333,0.054286363406876356,True
1000,81,4,271,1276,0.05666829506595017,0.044144611658882546,0.01554789262693587,True
1000,81,5,176,893,0.0396589243682551,0.38016177096636866,0.017467675997105022,True
1000,81,6,88,180,0.007993960119021183,0.06446991404011461,0.014632956670189415,True
1000,81,7,413,115,0.005107252298263534,0.03367496339677892,0.0050723359209597745,True
1000,81,8,792,89,0.003952569169960474,0.022926326635754765,0.0043655270515524595,True
1000,81,9,340,19,0.0008438069014522361,0.004765487835465262,0.0005531134464789963,False
1000,81,10,372,12,0.0005329306746014123,0.5217391304347826,0.00032608695652173916,False
1000,93,1,628,15145,0.7272509003601441,0.8035761659680586,0.4141939012717079,True
1000,93,2,285,1135,0.05450180072028812,0.0526096226939835,0.013864966223232064,True
1000,93,3,512,732,0.035150060024009604,0.7546391752577319,0.0867093105899076,True
1000,93,4,348,723,0.034717887154861946,0.06951923076923076,0.01932741659538067,True
1000,93,5,34,551,0.02645858343337335,0.02526248223373527,0.00974100592239017,True
1000,93,6,920,530,0.025450180072028813,0.22297013041649139,0.030542269348239497,True
1000,93,7,99,352,0.016902761104441777,0.10429629629629629,0.007345729251445147,True
1000,93,8,183,239,0.011476590636254502,0.48185483870967744,0.006568279880176987,True
1000,93,9,382,146,0.007010804321728691,0.6886792452830188,0.008649801528526572,True
1000,93,10,52,135,0.006482593037214886,0.05275498241500586,0.0023460308633393577,True
2000,0,1,572,6746,0.16264827852251904,0.8961211477151966,0.22553575607635987,True
2000,0,2,1097,6007,0.1448307454913685,0.7391411344899717,0.30723199672667756,True
2000,0,3,1252,4198,0.10121516057479024,0.5963068181818182,0.18717674335651863,True
2000,0,4,436,3692,0.08901533416915806,0.7424090086466921,0.11137590877552868,True
2000,0,5,187,2952,0.07117369080914264,0.8822474596533174,0.1282530303688578,True
2000,0,6,550,2238,0.053958915999614235,0.5687420584498094,0.10160257865347073,True
2000,0,7,1710,2173,0.052391744623396665,0.917652027027027,0.23821530366147775,True
2000,0,8,1947,1593,0.03840775388176295,0.19232162260050706,0.050896194766605965,True
2000,0,9,1459,1548,0.03732278908284309,0.7442307692307693,0.051701679970608865,True
2000,0,10,1151,1130,0.02724467161732086,0.26975411792790643,0.04867123228668648,True
2000,0,11,1412,912,0.021988619924775774,0.2772879294618425,0.05465987413844771,True
2000,0,12,1076,823,0.019842800655800946,0.7270318021201413,0.0446627231779454,True
2000,0,13,1985,777,0.018733725528016203,0.26482617586912066,0.027250727738224668,True
2000,0,14,541,763,0.018396180923907803,0.3745704467353952,0.0528539761706844,True
2000,0,15,1536,688,0.016587906259041375,0.05399466331816041,0.03140692047840774,True
2000,0,16,391,671,0.016178030668338315,0.26078507578701904,0.029762696828565093,True
2000,0,17,802,661,0.01593692737968946,0.6474045053868757,0.042418019636783676,True
2000,4,1,1008,20152,0.4632856683065888,0.9659668296424121,0.9524529728707818,True
2000,4,2,1084,7252,0.1667203089797232,0.6824769433465085,0.6553406831736852,True
2000,4,3,515,5944,0.13664996091774334,0.82020146267421,0.7965692843741624,True
2000,4,4,943,2996,0.06887672996459607,0.1857869279424532,0.18338740282793659,True
2000,4,5,324,2645,0.060807393443376705,0.10669624848729327,0.09831982752211732,False
2000,4,6,876,1720,0.03954204791024875,0.04911899934317617,0.04827121688370004,True
2000,4,7,778,1340,0.030806014069612395,0.30454545454545456,0.3000447828034035,True
2000,4,8,406,589,0.013540852452986344,0.05390810909756544,0.05389331137341019,True
2000,4,9,25,404,0.009287783346360752,0.18617511520737326,0.09958097116095638,False
2000,4,10,1259,157,0.003609361349947124,0.29734848484848486,0.015031115366203926,True
2000,5,1,1625,106317,0.40579317399369463,0.9601983309851523,0.9593925119792089,True
2000,5,2,147,92209,0.3519454346979748,0.998624588459539,0.9984623880629339,True
2000,5,3,697,33843,0.12917274177665478,0.3381121745559174,0.33790961918645285,True
2000,5,4,1479,12437,0.0474698280139543,0.1746696066176987,0.1743121837727228,True
2000,5,5,943,11556,0.044107206925243704,0.716606722063748,0.7073514109077554,True
2000,5,6,406,5594,0.021351308025252102,0.5119897492220392,0.5118492085277702,True
2000,5,7,1008,27,0.00010305422178795258,0.0012942191544434857,0.0012761130541639096,True
2000,5,8,876,9,3.435140726265086e-05,0.00025701801981894507,0.0002525819488100584,True
2000,5,9,12,2,7.633646058366859e-06,0.0040650406504065045,6.92185228767218e-05,True
2000,5,10,1234,2,7.633646058366859e-06,0.05128205128205128,5.171834190995837e-05,True
2000,14,1,539,33744,0.5467448718364173,0.8791850134180975,0.8375902896716062,True
2000,14,2,931,15331,0.24840403123886062,0.7221044698789506,0.6705594191488431,True
2000,14,3,220,6230,0.1009429988009981,0.28080771657802217,0.22606045212090425,False
2000,14,4,1581,1802,0.029197316828153862,0.05800740383067761,0.055091870738940354,True
2000,14,5,324,1534,0.0248549855795716,0.061879790237999194,0.05702178276708052,False
2000,14,6,1810,1459,0.023639780939110146,0.4214326978625072,0.11688831917961866,False
2000,14,7,772,296,0.004796007647687871,0.01061084026383711,0.007794601711652403,False
2000,14,8,1469,289,0.0046825885479114685,0.10844277673545966,0.07479296066252587,True
2000,14,9,52,279,0.004520561262516608,0.008153603366649132,0.008058692700961843,True
2000,14,10,492,167,0.0027058556660941703,0.8477157360406091,0.018087295570237194,True
2000,21,1,801,20016,0.3907161959046634,0.9386166471277843,0.7782573194914266,True
2000,21,2,271,19696,0.3844697339397607,0.4243821507832195,0.2948988605908158,True
2000,21,3,1134,5224,0.10197349157703645,0.5846016114592659,0.1526592635885447,True
2000,21,4,1062,1032,0.02014483983681118,0.2921030285876026,0.07940904893813482,True
2000,21,5,1252,963,0.01879794647562904,0.13678977272727272,0.04293739967897271,True
2000,21,6,240,656,0.012805247028050519,0.2168595041322314,0.028430267833925632,True
2000,21,7,1413,621,0.012122040250639286,0.3898305084745763,0.08011869436201781,True
2000,21,8,202,526,0.0102676218548088,0.2788971367974549,0.0786953919808498,True
2000,21,9,1412,484,0.009447773721915322,0.14715719063545152,0.02900809109979023,True
2000,21,10,209,326,0.006363583126744617,0.017224071432345327,0.01216281759504533,True
2000,25,1,209,14365,0.25375823632284616,0.7589686690970571,0.5359474685669514,True
2000,25,2,1536,5883,0.10392340440565988,0.4617014597394444,0.26855655984661736,True
2000,25,3,1675,5730,0.10122065395961773,0.974821367812181,0.27441214501221206,True
2000,25,4,1947,5662,0.10001943153915455,0.6835687552819026,0.18090034825393783,True
2000,25,5,1705,5656,0.09991344132558427,0.9461358313817331,0.2960791498717479,True
2000,25,6,1404,4967,0.08774223180059708,0.6103465224870975,0.33078050079914756,True
2000,25,7,783,4192,0.07405182921443587,0.6252983293556086,0.1552995220983218,True
2000,25,8,897,1377,0.02432475401437934,0.6242067089755213,0.10413673145277169,True
2000,25,9,550,1323,0.023370842092246817,0.33621346886912323,0.0600626503836201,True
2000,25,10,1151,1224,0.02162200356833719,0.29219384101217477,0.05271998966274712,True
2000,25,11,1134,1076,0.019007578300270275,0.12041181736794987,0.03144360023378141,True
2000,29,1,585,17336,0.4774573797130188,0.9863450159308147,0.6210948695901405,True
2000,29,2,293,7707,0.21226142278773857,0.997928266217791,0.6878179384203481,True
2000,29,3,618,3614,0.09953455066237021,0.9639903974393171,0.2178814734430578,True
2000,29,4,693,1284,0.03536313310749401,0.6775725593667546,0.03900483003736444,True
2000,29,5,1805,1191,0.03280178468148393,0.6399785061794734,0.06728813559322033,True
2000,29,6,359,980,0.02699055330634278,0.8448275862068966,0.040490848241953474,True
2000,29,7,979,897,0.024704618689581095,0.602013422818792,0.05970844704785995,False
2000,29,8,114,755,0.020793742598253877,0.5689525244913338,0.007440842835601723,True
2000,29,9,1689,434,0.011952959321380375,0.5425,0.06140350877192982,True
2000,29,10,1276,360,0.009914897132942246,0.3231597845601436,0.055487053020961775,True
2000,42,1,1356,9591,0.4764530551415797,0.6285058977719529,0.6269037191973331,False
2000,42,2,703,7409,0.36805762543467463,0.901338199513382,0.8964307320024198,False
2000,42,3,173,1543,0.07665176353700943,0.04883993289652771,0.04316446135340028,False
2000,42,4,535,502,0.024937903626428216,0.06809549647314161,0.06774628879892038,False
2000,42,5,493,309,0.015350223546944859,0.0570005534034311,0.036464479584611756,False
2000,42,6,830,267,0.013263785394932935,0.008506977633339706,0.008306371329019412,False
2000,42,7,668,217,0.0107799304520616,0.06479546133174081,0.018045738045738047,False
2000,42,8,419,52,0.0025832091405861898,0.0683311432325887,0.006259027443428021,False
2000,42,9,547,51,0.002533532041728763,0.01844484629294756,0.006911505624068302,False
2000,42,10,1667,48,0.002384500745156483,0.0069899519440803845,0.006897542750395172,False
2000,52,1,324,14947,0.3217383817293411,0.6029447357805566,0.5556092483830198,False
2000,52,2,1318,10159,0.2186753341799944,0.8661437462699292,0.37489851649568234,False
2000,52,3,1581,7348,0.15816776804356716,0.23653629486560437,0.2246476504937479,True
2000,52,4,220,6250,0.13453300901909293,0.2817091859731362,0.22678616785805,False
2000,52,5,512,1525,0.03282605420065867,0.20505580207072743,0.04738084881625552,False
2000,52,6,876,1443,0.031060981122328173,0.0412085558443042,0.040497305792546026,True
2000,52,7,154,991,0.021331553910067375,0.4098428453267163,0.09652284016752703,False
2000,52,8,781,793,0.01706954818434251,0.3399057008144021,0.02505370908631366,False
2000,52,9,539,670,0.014421938566846761,0.01745655402412652,0.01663067490753841,True
2000,52,10,759,421,0.0090621434875261,0.029754752986076754,0.007855943272998694,False
2000,53,1,846,7446,0.2808963331824355,0.8224897823925771,0.8187816142511546,False
2000,53,2,535,6809,0.256865851818319,0.9236299511665762,0.9188933873144399,False
2000,53,3,1356,4475,0.16881696091745887,0.2932503276539974,0.29250277795934376,False
2000,53,4,1667,3133,0.11819073487249132,0.4562399883500801,0.45020836327058483,False
2000,53,5,830,2404,0.09068960313867512,0.07659466003950806,0.07478845196615232,False
2000,53,6,969,647,0.024407725969518637,0.11295391061452514,0.04007929133370501,False
2000,53,7,86,311,0.011732307228006639,0.05288216289746642,0.00873521894222397,False
2000,53,8,551,255,0.00961973743775464,0.0219600413365484,0.010997067448680353,False
2000,53,9,148,151,0.005696393541572356,0.02435876754315212,0.009413378218315567,False
2000,53,10,787,139,0.005243700015089784,0.025509267755551478,0.005789254477301125,False
2000,54,1,1532,7363,0.23993873627268877,0.7876551133932392,0.15663957792622218,True
2000,54,2,1481,5583,0.18193371786098347,0.7947330960854092,0.13084747351645262,True
2000,54,3,1656,5062,0.1649558444944113,0.9394951744617669,0.13326313018296695,True
2000,54,4,676,4522,0.1473588164369277,0.7989399293286219,0.13831707093261555,True
2000,54,5,1960,2990,0.09743539609606673,0.976485956890921,0.09442005873622383,True
2000,54,6,256,1977,0.06442467494378727,0.3503455608718767,0.07191182889567874,True
2000,54,7,1175,1261,0.0410923192231238,0.03396084134550645,0.01888487861860333,True
2000,54,8,127,720,0.023462704076644834,0.8381839348079162,0.03403128988041783,True
2000,54,9,885,299,0.009743539609606673,0.16555924695459578,0.016971279373368148,True
2000,54,10,1566,252,0.008211946426825692,0.9,0.06381362370220309,True
2000,55,1,165,2983,0.20190875863002572,0.37884175768351536,0.21904831840211486,True
2000,55,2,1991,1649,0.11161499932313523,0.6388996512979466,0.14560706401766005,True
2000,55,3,1062,1536,0.10396642750778394,0.43475799603736204,0.11819021237303785,True
2000,55,4,1412,1220,0.08257750101529715,0.37093341441167527,0.07311956847467785,True
2000,55,5,1097,1124,0.07607959929606065,0.1383044173741848,0.05748772504091653,True
2000,55,6,1001,1081,0.07316908081765264,0.9557913351016799,0.12421004251407561,True
2000,55,7,1156,461,0.031203465547583593,0.9892703862660944,0.23985431841831426,True
2000,55,8,1413,401,0.02714227697306078,0.2517263025737602,0.05173525996645594,True
2000,55,9,802,355,0.02402869906592663,0.3476983349657199,0.022781235962266572,True
2000,55,10,1776,276,0.01868146744280493,0.9484536082474226,0.020805065581184983,True
2000,55,11,227,234,0.01583863544063896,0.43014705882352944,0.029942418426103647,True
2000,55,12,245,228,0.01543251658318668,0.46247464503042596,0.016488284639861153,False
2000,55,13,506,183,0.012386625152294571,0.3182608695652174,0.010424974364817135,True
2000,55,14,1710,155,0.01049140381751726,0.06545608108108109,0.016991887743915808,True
2000,55,15,1425,137,0.009273047245160418,0.0297696653628857,0.005818892286782195,True
2000,55,16,774,127,0.008596182482739948,0.8698630136986302,0.00994752095245555,True
2000,55,17,1448,114,0.00771625829159334,0.026092927443350882,0.0038566933928752666,False
2000,55,18,1419,112,0.007580885339109246,0.2857142857142857,0.006902502157031924,True
2000,55,19,1894,106,0.007174766481656965,0.363013698630137,0.011346606722329266,True
2000,55,20,621,103,0.006971707052930824,0.7573529411764706,0.007652871684374768,True
2000,55,21,32,97,0.006565588195478544,0.8434782608695652,0.004778089749273435,True
2000,55,22,952,90,0.006091782861784216,0.16574585635359115,0.00952683391552874,True
2000,55,23,1411,85,0.005753350480573982,0.7083333333333334,0.011089367253750815,True
2000,55,24,391,82,0.005550291051847841,0.031869413136416634,0.0036371701042359726,True
2000,55,25,207,79,0.0053472316231217,0.03227124183006536,0.005546973739643309,False
2000,55,26,187,78,0.0052795451468796535,0.023311416616855946,0.0033887995829169743,True
2000,55,27,881,72,0.004873426289427373,0.5538461538461539,0.0025210084033613447,True
2000,55,28,1460,69,0.004670366860701232,0.07787810383747178,0.00890092879256966,True
2000,55,29,1068,66,0.004467307431975091,0.6666666666666666,0.006161889646158155,True
2000,62,1,902,35437,0.32876267522660013,0.6401307827092252,0.6398187267540534,True
2000,62,2,876,25807,0.239421462301348,0.7369848930519461,0.7242647058823529,True
2000,62,3,1581,21914,0.20330460436593714,0.7054241107355544,0.6699685101959705,True
2000,62,4,52,15275,0.1417120485392758,0.4464024782278333,0.44120620432685365,True
2000,62,5,539,3962,0.036756997467274025,0.10322815976655116,0.09834437908010028,True
2000,62,6,324,3574,0.033157372273608626,0.14417103670835013,0.13285257601665304,False
2000,62,7,1479,661,0.006132351167558842,0.009283316714183391,0.009264320452984625,True
2000,62,8,406,607,0.005631372403492007,0.05555555555555555,0.05554030560893037,True
2000,62,9,12,243,0.0022544044383007544,0.49390243902439024,0.0084100505295217,True
2000,62,10,849,101,0.0009370158364953753,0.16917922948073702,0.0016244993807601371,False
2000,63,1,1175,35870,0.7207008097084647,0.9660391586544935,0.5371931768828718,True
2000,63,2,1916,4021,0.08079001828373952,0.9990062111801242,0.15246653774693816,True
2000,63,3,256,3246,0.06521870165357337,0.5752259436469963,0.11807071147970319,True
2000,63,4,1532,1985,0.03988266259468365,0.2123448866067608,0.04222865166149002,True
2000,63,5,1481,1442,0.0289726949428382,0.20526690391459074,0.03379581888065998,True
2000,63,6,676,1133,0.022764260312230014,0.20017667844522968,0.03465573670204631,True
2000,63,7,1796,1042,0.02093588635952663,0.36105336105336105,0.06486553784860558,True
2000,63,8,313,444,0.00892085752747584,0.9006085192697769,0.06744645298496127,True
2000,63,9,885,434,0.00871993731289305,0.24031007751937986,0.02463389715064139,True
2000,63,10,618,28,0.0005625766008318097,0.007468658308882369,0.0016880689696750467,True
2000,65,1,659,17064,0.633290035257005,0.9118307149727477,0.47430302693387444,True
2000,65,2,1398,2500,0.09278159213212099,0.18432500184325,0.12606525137411123,True
2000,65,3,165,1882,0.06984598255706068,0.23901447802895606,0.13819944191511235,True
2000,65,4,391,1386,0.051438114678047875,0.5386708122813836,0.06147704590818363,True
2000,65,5,1536,968,0.035925032473557245,0.0759692355988071,0.044188806719620194,True
2000,65,6,1460,538,0.019966598626832435,0.6072234762979684,0.0694014447884417,True
2000,65,7,1947,418,0.015513082204490629,0.05046480743691899,0.013355059267069236,True
2000,65,8,897,269,0.009983299313416218,0.12194016319129647,0.020343341147999697,True
2000,65,9,1109,251,0.009315271850064947,0.3774436090225564,0.007951845398384286,True
2000,65,10,1134,243,0.00901837075524216,0.027193375111906892,0.007101110461718294,True
2000,67,1,697,66241,0.36950409996095274,0.6617879193558055,0.6613914571559798,True
2000,67,2,1479,58105,0.3241200423941541,0.8160470766681179,0.8143772162188678,True
2000,67,3,902,19873,0.11085513471300273,0.3589840856951896,0.3588090853284224,True
2000,67,4,52,18655,0.10406091370558376,0.5451808989420772,0.5388348112417319,True
2000,67,5,876,6038,0.03368103977241033,0.17243053374075448,0.16945442299057029,True
2000,67,6,1625,4406,0.024577453003848945,0.039792637549221486,0.039759242715467845,True
2000,67,7,406,4133,0.023054610364255036,0.3782720117151748,0.37816817641138256,True
2000,67,8,943,1526,0.008512299882858258,0.09462979040059531,0.09340760237497704,True
2000,67,9,147,127,0.0007084286272103531,0.0013754115404609254,0.001375188140897229,True
2000,67,10,12,117,0.0006526468455402465,0.23780487804878048,0.004049283588288226,True
2000,77,1,271,25717,0.45381873367685466,0.5541143263450475,0.38504843611972034,True
2000,77,2,1536,5176,0.0913390273170043,0.4062156647308115,0.2362822970875559,True
2000,77,3,209,4091,0.07219241900190584,0.2161462461034501,0.15263216804089094,True
2000,77,4,1404,2521,0.04448718853674031,0.309781273040059,0.16788758657432074,True
2000,77,5,1134,2393,0.04222841815486694,0.26779319606087737,0.06992986557568673,True
2000,77,6,783,2341,0.04131079268723089,0.3491945107398568,0.08672618827103323,True
2000,77,7,240,2104,0.037128538152043485,0.6955371900826446,0.09118488341856636,True
2000,77,8,1985,2018,0.035610926801722315,0.6877982276755283,0.07077473433170835,True
2000,77,9,1252,1832,0.03232865109056258,0.26022727272727275,0.08168360977349741,True
2000,77,10,1151,1593,0.028111103268158397,0.38028169014084506,0.06861351595813413,True
2000,77,11,801,1296,0.02287005011646785,0.06077373974208675,0.05039076169368949,True
2000,81,1,1682,12512,0.5556690500510725,0.9611307420494699,0.7583030303030303,True
2000,81,2,45,8712,0.3869076697606253,0.3958920294465146,0.25067618115900325,True
2000,81,3,693,535,0.023759825909312964,0.28232189973614774,0.016252012515568518,True
2000,81,4,1276,223,0.009903628369676244,0.2001795332136445,0.0343711467324291,True
2000,81,5,1846,189,0.008393658124972243,0.07611759967780911,0.006757723112128146,True
2000,81,6,114,98,0.0043522671759115335,0.07385079125847777,0.0009658312554820779,True
2000,81,7,467,51,0.0022649553670560023,0.45132743362831856,0.005211526670754138,True
2000,81,8,618,40,0.0017764355820047075,0.010669511869831956,0.002411527099535781,True
2000,81,9,678,39,0.00173202469245459,0.05710102489019034,0.0021566025215660253,False
2000,81,10,459,29,0.001287915796953413,0.018331226295828066,0.0033234013293605316,True
2000,93,1,1398,10859,0.5214405762304922,0.8006340780063408,0.5475770258685896,True
2000,93,2,165,2965,0.14237695078031212,0.37655575311150624,0.21772653840505213,True
2000,93,3,1792,1312,0.06300120048019207,0.9842460615153789,0.17172774869109947,True
2000,93,4,659,951,0.04566626650660264,0.05081756973388907,0.026433554771103762,True
2000,93,5,1947,480,0.02304921968787515,0.057950018109380656,0.015335953225342662,True
2000,93,6,1459,463,0.022232893157262904,0.22259615384615383,0.015463745365886242,True
2000,93,7,391,427,0.020504201680672268,0.16595413913719392,0.018939897981814148,True
2000,93,8,554,379,0.018199279711884755,0.5759878419452887,0.025049570389953733,True
2000,93,9,541,291,0.01397358943577431,0.14285714285714285,0.020157938487115546,True
2000,93,10,187,285,0.01368547418967587,0.08517632994620443,0.012382152322196638,True
2000,93,11,550,283,0.013589435774309724,0.07191867852604829,0.012847868524992055,True
2000,93,12,1384,241,0.011572629051620648,0.2802325581395349,0.01871699285492389,False
