cluster_id,control_median,treated_median,control_q95,treated_presence_frac,control_presence_frac,p_value,control_absent,n_treated_slides,n_compounds,n_experiments,q_value
0,0.0,0.0,0.05652968185183299,0.10574989947728186,0.1310344827586207,0.9364052515691017,False,263,14,14,0.9999998205701799
1,0.0,0.0,0.12306957772927371,0.11700844390832328,0.135632183908046,0.9997815329910205,False,291,10,10,0.9999998205701799
2,0.0,0.0,0.027250301630979905,0.19782870928829915,0.22758620689655173,0.6777881329277512,False,492,13,13,0.9999998205701799
3,0.0,0.0,0.36308038710585483,0.22919179734620024,0.26091954022988506,0.9863388124734767,False,570,14,14,0.9999998205701799
4,0.0,0.0,0.13529311833684396,0.1716928025733816,0.1839080459770115,0.7279388338645398,False,427,9,9,0.9999998205701799
5,0.0,0.0,9.356688689891319e-05,0.08122235625251306,0.006896551724137931,1.2755670630681457e-10,True,202,10,10,4.251890210227152e-09
6,0.0,0.0,0.05045654200778492,0.0735826296743064,0.1103448275862069,0.9981547272384398,False,183,10,10,0.9999998205701799
7,0.0002675702511273375,0.00028640985249892595,0.023497481931091833,0.44632086851628466,0.4528735632183908,0.632068729073643,False,1110,24,24,0.9999998205701799
8,0.0,0.0,0.12440829879691119,0.16767189384800965,0.2045977011494253,0.9923490181373577,False,417,10,10,0.9999998205701799
9,0.0,0.0,0.027829962617502695,0.059911540008041816,0.07701149425287357,0.9442454819357342,False,149,14,14,0.9999998205701799
10,0.0,0.0,0.00334100666391139,0.1407318053880177,0.10344827586206896,0.1006320993202961,False,350,14,14,0.5296426280015585
11,0.0003862961884149493,0.0003400782179901377,0.012206237492411115,0.4314435062324085,0.43333333333333335,0.5714002998170268,False,1073,32,32,0.9999998205701799
12,0.0,0.0,0.010444801988022724,0.10816244471250502,0.1,0.41279641157933195,False,269,19,19,0.9999998205701799
13,0.0,0.0,0.035506251310709,0.12505026135906716,0.12988505747126436,0.39097419434906816,False,311,13,13,0.9999998205701799
14,0.0,0.0,0.1215227199626264,0.07036590269400884,0.08850574712643679,0.9726487543090143,False,175,14,14,0.9999998205701799
15,0.0,0.0,0.046549856780236515,0.24849215922798554,0.22298850574712645,0.0738102412746091,False,618,21,21,0.4575538535812917
16,0.0,0.0,0.04353440744292745,0.2565339766787294,0.271264367816092,0.884557050263737,False,638,18,18,0.9999998205701799
17,0.0,0.0,0.11835300862597652,0.17450743868114194,0.18275862068965518,0.6106244356848727,False,434,10,10,0.9999998205701799
18,0.0,0.0,0.10764708773070109,0.16284680337756333,0.15977011494252874,0.05918846811386256,False,405,11,11,0.3945897874257504
19,0.0,0.0,4.6920271591192926e-05,0.04664254121431444,0.009195402298850575,6.862659882513075e-06,True,116,10,10,0.0001372531976502615
20,0.0,0.0,0.2374197038436303,0.12866907921190188,0.15862068965517243,0.9998609361520514,False,320,9,9,0.9999998205701799
21,0.0,0.0,0.04606448370565946,0.20948934459187776,0.23103448275862068,0.8298866093126849,False,521,14,14,0.9999998205701799
22,0.0,0.0,0.13969039503676248,0.19059107358262967,0.2103448275862069,0.9464828110719338,False,474,11,11,0.9999998205701799
23,0.0,0.0,0.09442923215144233,0.110172899075191,0.1367816091954023,0.9827800535401929,False,274,11,11,0.9999998205701799
24,0.0,0.0,0.34777782487611947,0.19300361881785283,0.21264367816091953,0.9226728505711815,False,480,14,14,0.9999998205701799
25,0.0025244850028680243,0.002699492495410863,0.012941319540505815,0.8451950140731805,0.8298850574712644,0.29380625749434164,False,2102,44,44,0.9999998205701799
26,0.0,0.0,0.023361593956792336,0.2316043425814234,0.24022988505747125,0.6668409145911584,False,576,15,15,0.9999998205701799
27,0.0,0.0,0.01638881122176422,0.2199437072778448,0.2045977011494253,0.22522488873203178,False,547,27,27,0.9792386466610077
28,0.0,0.0,0.06068558449439417,0.1527945315641335,0.16551724137931034,0.9264932341827077,False,380,17,17,0.9999998205701799
29,0.0,0.0,0.07751144160707794,0.15681544028950542,0.15402298850574714,0.31108210693984406,False,390,12,12,0.9999998205701799
30,0.004571115833020303,0.004657255130257604,0.018728981772398078,0.8415761962203459,0.8275862068965517,0.4355246115115806,False,2093,44,44,0.9999998205701799
31,0.0,0.0,0.11227589739464298,0.10052271813429835,0.12528735632183907,0.9979948492720031,False,250,12,12,0.9999998205701799
32,0.0,0.0,0.00034606833530118563,0.11620426216324889,0.017241379310344827,5.757313531588495e-06,True,289,12,12,0.0001372531976502615
33,0.0,0.0,0.10508386780999242,0.07880981101728991,0.12298850574712644,0.9999710006700033,False,196,12,12,0.9999998205701799
34,0.0,0.0,0.05973268649040052,0.11741053478086047,0.12183908045977011,0.758643926230929,False,292,9,9,0.9999998205701799
35,0.0,0.0,0.2935150306572411,0.1588258946521914,0.19310344827586207,0.9782669470439348,False,395,18,18,0.9999998205701799
36,0.0,0.0,4.655312012448257e-05,0.07519099316445517,0.0034482758620689655,1.132298173092586e-18,True,187,13,13,1.132298173092586e-16
37,0.0,0.0,0.0970156120584741,0.16083634901487737,0.18850574712643678,0.9494056936372463,False,400,15,15,0.9999998205701799
38,0.0,0.0,0.24714961712341602,0.22396461600321674,0.24367816091954023,0.8802151115860352,False,557,14,14,0.9999998205701799
39,0.0,0.0,0.041159799287035684,0.11499798954563731,0.1103448275862069,0.5239978055622688,False,286,17,17,0.9999998205701799
40,0.0,0.0,0.08166188001413072,0.09167671893848009,0.11149425287356322,0.877276508560296,False,228,10,10,0.9999998205701799
41,0.0,0.0,0.07001757191059381,0.2444712505026136,0.26091954022988506,0.6954751390375334,False,608,14,14,0.9999998205701799
42,0.0,0.0,0.047272839087533915,0.07519099316445517,0.1206896551724138,0.9911739727519796,False,187,12,12,0.9999998205701799
43,0.0,0.0,0.00165492114086394,0.09971853638922397,0.06436781609195402,0.07778415510881959,False,248,11,11,0.4575538535812917
44,0.0,0.0,0.007463611379916032,0.14435062324085243,0.11494252873563218,0.08345901234037223,False,359,15,15,0.4636611796687346
45,0.0,0.0,0.012070405561089029,0.2802573381584238,0.2850574712643678,0.3320274061678127,False,697,14,14,0.9999998205701799
46,0.00041865308479952776,0.0004908376963350785,0.011955579477166084,0.4201849618013671,0.41379310344827586,0.40286738844173875,False,1045,28,28,0.9999998205701799
47,0.0,0.0,0.1513160529619297,0.11942098914354644,0.13448275862068965,0.156896026790024,False,297,13,13,0.7471239370953524
48,0.0,0.0,0.1740633540423903,0.15480498592681946,0.14942528735632185,0.2926313562598938,False,385,10,10,0.9999998205701799
49,0.0,0.0,0.021673237185678863,0.291113791716928,0.2988505747126437,0.6585479899646669,False,724,16,16,0.9999998205701799
50,0.0,0.0,0.002038702752791064,0.1407318053880177,0.09310344827586207,0.004523863328913833,False,350,16,16,0.04523863328913833
51,0.0,0.0,5.4385962957208806e-05,0.02694008845999196,0.022988505747126436,0.29535726144908925,True,67,19,19,0.9999998205701799
52,0.0,0.0,0.020443262753976857,0.0848411741053478,0.11724137931034483,0.9995552759584873,False,211,13,13,0.9999998205701799
53,0.0,0.0,0.004943145672821155,0.09368717330116606,0.07471264367816093,0.05214599826998214,False,233,15,15,0.37247141621415814
54,0.0,0.0,0.12035554219507925,0.2440691596300764,0.267816091954023,0.8272341566662975,False,607,14,14,0.9999998205701799
55,0.0,0.0,0.03836748171837458,0.2525130679533575,0.22758620689655173,0.27257266422668563,False,628,21,21,0.9999998205701799
56,0.0,0.0,0.04655667729885623,0.1712907117008444,0.16666666666666666,0.7439175089184331,False,426,12,12,0.9999998205701799
57,0.0,0.0,0.0003268506115985479,0.05669481302774427,0.013793103448275862,0.0001238132450178461,True,141,15,15,0.002063554083630768
58,0.0,0.0,0.08188910112016197,0.11620426216324889,0.13908045977011493,0.9998008590846234,False,289,7,7,0.9999998205701799
59,0.0,0.0,0.05443828617119587,0.07478890229191798,0.09195402298850575,0.9897899289805201,False,186,15,15,0.9999998205701799
60,0.0,0.0,0.023628778787138732,0.2380377965420185,0.20919540229885059,0.025097011471313872,False,592,24,24,0.21992681585512697
61,0.0,0.0,0.1799646962234882,0.17772416566143948,0.18735632183908046,0.905903019101245,False,442,10,10,0.9999998205701799
62,0.0,0.0,0.061767495133872065,0.24527543224768797,0.2597701149425287,0.6687352610897775,False,610,14,14,0.9999998205701799
63,0.0,0.0,6.147311419137674e-05,0.07760353839967833,0.01264367816091954,1.582909198941995e-12,True,193,13,13,7.914545994709974e-11
64,0.0,0.0,0.02295078367018682,0.13791716928025735,0.15632183908045977,0.9344563843457052,False,343,18,18,0.9999998205701799
65,0.0,0.0,0.03788090797566352,0.19380780056292723,0.20344827586206896,0.8154864231474717,False,482,11,11,0.9999998205701799
66,0.0,0.0,0.0907091277369447,0.18094089264173704,0.2057471264367816,0.985847186763118,False,450,10,10,0.9999998205701799
67,0.0,0.0,0.05890921758642656,0.1652593486127865,0.2,0.9692361848270117,False,411,11,11,0.9999998205701799
68,0.0,0.0,0.015211616898816126,0.14234016887816647,0.13793103448275862,0.27756344673122424,False,354,18,18,0.9999998205701799
69,0.0,0.0,0.009939088699128554,0.10494571773220748,0.10689655172413794,0.19359273125242094,False,261,23,23,0.879966960238277
70,0.0,0.0,0.0007215212978436169,0.04744672295938882,0.041379310344827586,0.31622364198800534,True,118,14,14,0.9999998205701799
71,0.0,0.0,0.1642364716270575,0.14234016887816647,0.1425287356321839,0.4395259181937723,False,354,9,9,0.9999998205701799
72,0.0,0.0,0.05370022278702385,0.1037394451145959,0.11839080459770115,0.9131107859430898,False,258,8,8,0.9999998205701799
73,0.0,0.0,0.21278528040227707,0.18657016485725775,0.18735632183908046,0.7946226893393613,False,464,13,13,0.9999998205701799
74,0.0,0.0,0.03267863350829648,0.09047044632086852,0.1103448275862069,0.8496063829586552,False,225,9,9,0.9999998205701799
75,0.0,0.0,0.02677328470915497,0.27221552070767996,0.2747126436781609,0.44398943755111714,False,677,20,20,0.9999998205701799
76,0.004939830860606684,0.0047522805484241,0.018994313694629766,0.5440289505428226,0.5471264367816092,0.5112475422339045,False,1353,33,33,0.9999998205701799
77,0.0,0.0,0.09558715123113218,0.13108162444712504,0.15517241379310345,0.9997814331743484,False,326,8,8,0.9999998205701799
78,0.0,0.0,0.037488114424379645,0.2955367913148372,0.3103448275862069,0.5766902539279144,False,735,17,17,0.9999998205701799
79,0.0,0.0,0.10447209187395119,0.15922798552472858,0.16551724137931034,0.608665549653224,False,396,9,9,0.9999998205701799
80,0.0,0.0,0.0375373283015476,0.18214716525934863,0.20689655172413793,0.9716097113803224,False,453,13,13,0.9999998205701799
81,0.0,0.0,0.006945658868331373,0.05669481302774427,0.06666666666666667,0.7678338756045306,False,141,10,10,0.9999998205701799
82,0.0,0.0,0.13061272633935608,0.1222356252513068,0.13333333333333333,0.6702115853535269,False,304,12,12,0.9999998205701799
83,0.0,0.0,0.05657060457465909,0.1712907117008444,0.28045977011494255,0.9999940269440212,False,426,15,15,0.9999998205701799
84,0.0,0.0,0.03721679732814519,0.19742661841576195,0.18620689655172415,0.0041747844507523035,False,491,13,13,0.04523863328913833
85,0.0,0.0,0.0020231666150362627,0.1033373542420587,0.08850574712643679,0.026391217902615234,False,257,13,13,0.21992681585512697
86,0.0,0.0,0.1326351187099911,0.22155207076799358,0.2540229885057471,0.9791451537217826,False,551,18,18,0.9999998205701799
87,0.0,0.0,0.08198766718213521,0.1950140731805388,0.20229885057471264,0.5990122954945509,False,485,13,13,0.9999998205701799
88,0.0,0.0,0.047071897372437915,0.1588258946521914,0.12643678160919541,0.0005598263741473734,False,395,17,17,0.007997519630676762
89,0.0,0.0,0.1234359730208303,0.20788098110172898,0.24597701149425288,0.9860522190139986,False,517,17,17,0.9999998205701799
90,0.0,0.0,0.03283024707093833,0.20828307197426618,0.21954022988505748,0.8570772416668775,False,518,13,13,0.9999998205701799
91,0.0006232311023168597,0.0006025306286402892,0.017774009025233406,0.44229995979091274,0.4459770114942529,0.8651557375054832,False,1100,33,33,0.9999998205701799
92,0.0,0.0,0.10012250059620303,0.11540008041817451,0.16551724137931034,0.9999998205701799,False,287,10,10,0.9999998205701799
93,0.0,0.0,0.000772867601630203,0.06192199437072778,0.041379310344827586,0.034310689464550265,True,154,26,26,0.2639283804965405
94,0.0002592618321514516,0.00028968713789107763,0.021731725020662226,0.4374748693204664,0.4436781609195402,0.5318238106039582,False,1088,31,31,0.9999998205701799
95,0.0,0.0,0.020773995719609042,0.17772416566143948,0.16551724137931034,0.0026332847806262998,False,442,16,16,0.03291605975782875
96,0.0,4.9299940840070995e-05,0.012050939153619,0.2191395255327704,0.2160919540229885,0.15058100749041203,False,545,18,18,0.7471239370953524
97,0.0,0.0,0.03164092753173926,0.22195416164053075,0.23793103448275862,0.5305057743598962,False,552,12,12,0.9999998205701799
98,0.0,0.0,0.11335887572065861,0.09087253719340571,0.13333333333333333,0.999798598002019,False,226,10,10,0.9999998205701799
99,0.0,0.0,0.22512501138382052,0.07478890229191798,0.1,0.9684959781717208,False,186,15,15,0.9999998205701799
