cluster_id,q_value,control_absent,treated_carrier,selected,rank_effect
0,1.0,True,False,False,0.4444444444444444
1,1.0,True,False,False,0.49166666666666664
2,1.0,True,False,False,0.45242763772175537
3,1.0,False,True,False,0.3810924369747899
4,1.70648945749787e-05,True,True,True,0.6005602240896358
5,1.0,True,False,False,0.5
6,1.0,False,True,False,0.44724556489262374
7,1.0,False,True,False,0.45625583566760036
8,1.4601470624714958e-05,False,True,False,0.6288515406162465
9,1.0,False,True,False,0.3850606909430439
10,3.0088852282932786e-10,True,True,True,0.707936507936508
11,0.19640465803066157,True,True,False,0.5241363211951447
12,9.345477571616627e-10,True,True,True,0.6201680672268908
13,1.0,True,False,False,0.496218487394958
14,1.0,False,True,False,0.3626050420168067
15,1.0,False,True,False,0.40702614379084967
16,1.0,True,False,False,0.5
17,1.0,False,True,False,0.4396358543417367
18,1.0,False,True,False,0.3677871148459384
19,1.0,False,True,False,0.36619981325863676
20,1.0,True,False,False,0.5
21,1.0,False,True,False,0.336624649859944
22,1.0,False,True,False,0.36017740429505135
23,1.0,True,False,False,0.5
24,0.16405363415569144,True,True,False,0.5351073762838469
25,4.2503439764939973e-16,True,True,True,0.7330765639589168
26,1.0,False,True,False,0.4095238095238095
27,1.0,True,False,False,0.5
28,4.7687297857947155e-05,False,True,False,0.6091970121381886
29,1.0,False,False,False,0.4023809523809524
30,1.0,True,True,False,0.49682539682539684
31,3.638728333222705e-06,False,True,False,0.6313258636788048
32,0.08595568545883416,True,True,False,0.5197945845004669
33,1.0,True,False,False,0.5
34,1.0,False,True,False,0.3834967320261438
35,1.0,False,True,False,0.47019140989729225
36,1.0,False,True,False,0.4169234360410831
37,1.0,True,False,False,0.5
38,1.0,False,True,False,0.4568627450980392
39,1.0,True,True,False,0.461531279178338
40,1.0,True,False,False,0.4888888888888889
41,0.003225018622884356,True,True,True,0.5294117647058824
42,1.0,False,False,False,0.4444444444444444
43,1.0,False,True,False,0.4170401493930906
44,0.019637387404520108,True,True,True,0.5600373482726424
45,0.0006158850334690468,True,True,True,0.5607843137254902
46,1.0,False,True,False,0.34778244631185806
47,1.0,True,False,False,0.49444444444444446
48,1.0,True,True,False,0.44425770308123247
49,6.373624889256652e-11,True,True,True,0.7016339869281045
50,1.0,False,False,False,0.43515406162464987
51,1.0,True,False,False,0.472922502334267
52,2.8423328255824804e-23,True,True,True,0.7604108309990663
53,1.0,True,True,False,0.40788982259570494
54,1.0,True,False,False,0.4861111111111111
55,1.0,False,True,False,0.3382586367880486
56,1.0,True,True,False,0.4853408029878618
57,1.0,True,False,False,0.5
58,1.0,False,True,False,0.4211017740429505
59,1.0,True,False,False,0.49295051353874886
60,1.0,True,False,False,0.49722222222222223
61,2.3700526431332852e-05,False,True,False,0.6237628384687208
62,1.0,True,False,False,0.49631185807656397
63,1.0,False,False,False,0.45480859010270774
64,1.0,True,True,False,0.4939075630252101
65,1.0,True,False,False,0.5
66,1.0,True,False,False,0.5
67,1.0,True,False,False,0.5
68,1.0,False,False,False,0.46416900093370683
69,3.335711068229816e-05,True,True,True,0.6057889822595705
70,5.648309376302041e-07,True,True,True,0.6233893557422969
71,1.0,False,True,False,0.46442577030812326
72,6.385761824707267e-08,False,True,False,0.6908029878618114
73,1.0,True,False,False,0.45966386554621846
74,1.0,True,False,False,0.4918067226890756
75,1.0,True,False,False,0.46944444444444444
76,0.00021300071957488113,False,True,False,0.6146125116713352
77,1.0,True,False,False,0.5
78,1.5886814524029767e-13,False,True,False,0.7014239028944911
79,0.004792166042254504,True,True,True,0.5603641456582633
80,1.0,False,True,False,0.3461484593837535
81,0.006853738490228553,True,True,True,0.5308823529411765
82,1.0,False,True,False,0.41050420168067225
83,1.0,False,True,False,0.3985527544351074
84,1.1320241825960658e-11,False,True,False,0.6925303454715219
85,0.1175944082102943,True,True,False,0.5257236227824463
86,1.0,False,True,False,0.46676003734827265
87,0.00938607118733484,True,False,False,0.5707516339869281
88,1.0,True,False,False,0.5
89,2.9473740808735607e-07,False,True,False,0.6398692810457516
90,1.0,True,False,False,0.4520074696545285
91,1.0,False,False,False,0.4257703081232493
92,1.0,False,True,False,0.4143557422969188
93,1.0,True,False,False,0.49444444444444446
94,1.0,False,False,False,0.4349673202614379
95,0.30795678127515236,False,True,False,0.534453781512605
96,1.0,True,True,False,0.49157329598506067
97,1.0,False,False,False,0.42296918767507
98,1.0,True,False,False,0.4733893557422969
99,1.0,False,False,False,0.45
100,0.036564536505894994,False,True,False,0.551890756302521
101,1.0,False,True,False,0.43832866479925303
102,0.014870770991224703,True,True,True,0.5266106442577031
103,1.0,True,False,False,0.49722222222222223
104,0.03415432262281112,True,False,False,0.5168067226890757
105,0.003982482057228423,False,True,False,0.5732492997198879
106,1.0,False,True,False,0.4157796451914099
107,2.0279164622177645e-05,True,True,True,0.5712418300653594
108,1.0,False,True,False,0.43562091503267975
109,0.005044637499111392,True,False,False,0.5636321195144725
110,1.0,True,True,False,0.5052754435107376
111,1.0,False,True,False,0.4372549019607843
112,1.0,True,False,False,0.4815592903828198
113,1.0,True,False,False,0.5
114,5.810689516590004e-05,True,True,True,0.5563258636788049
115,2.9355601117996287e-07,False,True,False,0.6442577030812325
116,1.0,True,False,False,0.5
117,1.0,False,False,False,0.4264939309056956
118,0.13461209957504677,True,True,False,0.5389822595704948
119,1.0,False,True,False,0.42924836601307187
120,1.0,False,True,False,0.3997665732959851
121,1.0,True,False,False,0.5
122,6.620684611027747e-12,False,True,False,0.6947245564892623
123,9.013011208933799e-08,False,True,False,0.6487394957983194
124,1.0,True,False,False,0.49299719887955185
125,0.31028169672041706,True,True,False,0.5189075630252101
126,1.0,True,False,False,0.5
127,0.7430382966173704,True,True,False,0.511344537815126
128,1.0,True,False,False,0.49166666666666664
129,1.0,False,True,False,0.4238095238095238
130,1.0,False,True,False,0.45063025210084034
131,1.0,False,False,False,0.40441176470588236
132,1.0,False,False,False,0.4399159663865546
133,1.0,False,True,False,0.3403361344537815
134,1.0,False,True,False,0.47917833800186743
135,1.0,False,False,False,0.43716153127917834
136,1.0,True,False,False,0.5
137,1.0,False,True,False,0.3494864612511671
138,1.0,True,True,False,0.49159663865546216
139,1.0,False,True,False,0.48174603174603176
140,0.8781350378705917,True,True,False,0.5088468720821662
141,0.042114978469233545,True,True,True,0.5241363211951447
142,1.0,True,False,False,0.41909430438842205
143,1.0,False,True,False,0.430812324929972
144,5.174731751071873e-08,False,True,False,0.6514472455648926
145,0.07763123292388724,True,True,False,0.5413632119514472
146,1.0,True,False,False,0.49166666666666664
147,6.224996980902147e-20,True,True,True,0.7142857142857143
148,1.0,False,True,False,0.4970588235294118
149,1.0,True,False,False,0.49166666666666664
150,0.5022117467283798,True,True,False,0.5186741363211952
151,1.0,False,True,False,0.43211951447245567
152,1.0,False,True,False,0.4639589169000934
153,1.0,False,True,False,0.36545284780578896
154,4.1108507003420224e-16,True,True,True,0.7231792717086835
155,1.0,True,False,False,0.49722222222222223
156,1.0,False,True,False,0.42478991596638654
157,1.0,True,False,False,0.5
158,1.0,True,True,False,0.43781512605042017
159,1.0,True,False,False,0.492483660130719
160,1.0,True,False,False,0.49166666666666664
161,1.0,True,False,False,0.5
162,1.04074033825104e-10,False,True,False,0.6830999066293184
163,1.0,True,False,False,0.44722222222222224
164,1.0,False,False,False,0.45289449112978525
165,0.00031247072470035416,True,True,True,0.542016806722689
166,1.0,True,False,False,0.49444444444444446
167,1.0,False,True,False,0.40478524743230626
168,1.0,False,True,False,0.33363678804855273
169,1.0,True,False,False,0.4206816059757236
170,0.5679757581258867,True,False,False,0.5111344537815126
171,1.0,False,True,False,0.40891690009337067
172,1.0,True,False,False,0.5
173,1.0,True,True,False,0.5002334267040149
174,9.72124390346879e-06,True,True,True,0.6150560224089636
175,7.753336762634072e-06,False,True,False,0.6184407096171802
176,1.0,False,True,False,0.45359477124183006
177,1.0,True,False,False,0.5
178,0.30379683781464223,True,False,False,0.5097572362278244
179,1.0,True,True,False,0.4793183940242764
180,1.0,True,False,False,0.49166666666666664
181,1.0,True,True,False,0.505718954248366
182,1.0,True,False,False,0.45555555555555555
183,1.0,True,False,False,0.5
184,1.0,True,False,False,0.41456582633053224
185,1.0,True,False,False,0.5
186,0.0006502460564736627,False,True,False,0.5873015873015873
187,6.389220436930019e-06,True,True,True,0.5630252100840336
188,1.0,False,True,False,0.41750700280112046
189,1.0,False,True,False,0.4287114845938375
190,1.0,True,False,False,0.41802054154995333
191,0.0014775674798267857,True,True,True,0.5336134453781513
192,1.0,True,False,False,0.4888888888888889
193,0.014115547999946588,True,True,True,0.526797385620915
194,1.0,False,True,False,0.4219187675070028
195,1.0,True,False,False,0.4666666666666667
196,1.0,False,True,False,0.47215219421101773
197,1.0,False,True,False,0.4003734827264239
198,1.0,True,False,False,0.4992997198879552
199,1.0,True,False,False,0.5
200,1.0,False,True,False,0.4142857142857143
201,1.0,True,False,False,0.5
202,5.810689516590004e-05,True,True,True,0.5563258636788049
203,1.0,False,True,False,0.43440709617180207
204,1.0,True,False,False,0.49722222222222223
205,1.0,True,False,False,0.4865546218487395
206,1.0,False,True,False,0.35744631185807657
207,1.997580329982323e-07,False,True,False,0.6544817927170868
208,1.0,False,True,False,0.41092436974789914
209,2.8219296981381783e-05,True,True,True,0.5546218487394958
210,1.0,False,True,False,0.4110644257703081
211,1.0,True,True,False,0.4496498599439776
212,0.3856694704516223,True,False,False,0.5136321195144724
213,1.0,True,False,False,0.5
214,1.0,True,True,False,0.4934640522875817
215,1.0,True,False,False,0.5
216,1.0,True,False,False,0.44166666666666665
217,1.0,True,True,False,0.4891456582633053
218,1.0,True,False,False,0.44722222222222224
219,6.703151207671354e-05,False,True,False,0.6096171802054156
220,1.6115968427677525e-17,True,True,True,0.7319327731092437
221,1.0,False,True,False,0.3464519140989729
222,1.0,False,True,False,0.45179738562091504
223,1.0,True,True,False,0.5026610644257703
224,1.781087195788587e-13,True,True,True,0.749906629318394
225,1.0,True,True,False,0.4331932773109244
226,0.4964359689011137,True,True,False,0.5218020541549954
227,0.07951665858805804,True,True,False,0.5438842203548085
228,1.0,True,True,False,0.43263305322128853
229,0.5732115419123756,True,False,False,0.5110410830999066
230,0.07509402543611444,True,False,False,0.5396825396825397
231,1.0,False,True,False,0.4834733893557423
232,0.015442648912960159,False,True,False,0.5682306255835667
233,1.0,False,True,False,0.36468253968253966
234,1.0,True,True,False,0.4623482726423903
235,0.5871948632852777,False,True,False,0.519234360410831
236,1.0,False,True,False,0.42021475256769375
237,1.0,True,True,False,0.4931372549019608
238,1.6907041558618922e-07,True,True,True,0.6250233426704015
239,1.0,False,True,False,0.3569561157796452
240,1.3492243170307397e-05,True,True,True,0.5588235294117647
241,1.0,False,True,False,0.47049486461251167
242,1.0,False,False,False,0.4583333333333333
243,0.602363119529398,True,True,False,0.50562558356676
244,1.0,True,False,False,0.5
245,1.0,True,True,False,0.4850606909430439
246,0.9525482034942179,True,True,False,0.5104341736694678
247,1.0,False,True,False,0.36134453781512604
248,1.0,True,True,False,0.5031512605042017
249,1.0,False,True,False,0.44827264239028947
250,1.0,False,True,False,0.4163165266106443
251,1.0,True,False,False,0.4869747899159664
252,1.0,True,False,False,0.5
253,1.0,True,False,False,0.5
254,1.0,True,False,False,0.46218487394957986
255,1.0,True,False,False,0.49299719887955185
256,0.0048289324630230055,True,True,True,0.5367413632119514
257,1.0,True,False,False,0.49444444444444446
258,1.0,False,True,False,0.4189075630252101
259,1.0,True,False,False,0.4931839402427638
260,1.0,True,False,False,0.44537815126050423
261,0.007155019547308811,True,False,False,0.5252100840336135
262,1.0,True,False,False,0.5
263,1.0,False,True,False,0.4756769374416433
264,0.33470721647433266,True,True,False,0.5146125116713351
265,1.0,True,False,False,0.4526143790849673
266,1.0,True,False,False,0.49722222222222223
267,1.0,True,False,False,0.4444444444444444
268,1.0,True,True,False,0.4864145658263305
269,1.0,True,True,False,0.5066526610644257
270,1.0,True,False,False,0.5
271,1.3492243170307397e-05,True,True,True,0.5588235294117647
272,1.0,False,True,False,0.33944911297852476
273,0.00011543996640573142,True,True,True,0.5900093370681606
274,1.0,False,True,False,0.4572128851540616
275,1.0,False,True,False,0.5019140989729225
276,1.0,False,True,False,0.3397058823529412
277,0.07200481045503068,False,True,False,0.5475957049486462
278,1.0,True,False,False,0.49444444444444446
279,1.0,False,True,False,0.4242296918767507
280,1.0,True,False,False,0.5
281,1.0,False,True,False,0.3543884220354809
282,1.0,True,False,False,0.5
283,1.0,True,False,False,0.5015873015873016
284,1.0,False,True,False,0.3562791783380019
285,1.0,True,False,False,0.5
286,1.0,False,True,False,0.40098039215686276
287,2.1528167028189325e-09,False,True,False,0.6699813258636788
288,1.0,False,True,False,0.38492063492063494
289,1.0,False,True,False,0.4110644257703081
290,1.0,True,False,False,0.4181139122315593
291,1.0,True,False,False,0.46111111111111114
292,1.0,True,True,False,0.4246031746031746
293,0.010293975624421274,True,True,True,0.5324463118580766
294,1.0,True,False,False,0.49166666666666664
295,1.0,True,False,False,0.4552754435107376
296,1.0,False,False,False,0.41566293183940245
297,1.0,False,True,False,0.3612044817927171
298,0.003225018622884356,True,False,False,0.5294117647058824
299,1.0,False,True,False,0.3359477124183007
300,1.0,True,False,False,0.49722222222222223
301,0.6305655956831085,True,True,False,0.5121381886087768
302,1.0,True,False,False,0.5
303,0.0038522073381973936,False,True,False,0.576750700280112
304,5.2350901476111554e-14,True,True,True,0.7074463118580766
305,1.6175184699193226e-08,False,True,False,0.6528944911297853
306,1.0,True,False,False,0.4425303454715219
307,1.0,False,True,False,0.37777777777777777
308,1.0,False,False,False,0.384733893557423
309,1.0,True,False,False,0.5
310,1.0,True,False,False,0.49722222222222223
311,0.3534773761469824,False,True,False,0.5275443510737629
312,0.00021600777156047062,False,True,False,0.595985060690943
313,0.014251402688402776,True,True,True,0.5267507002801121
314,1.0,False,True,False,0.3840336134453782
315,1.0,True,False,False,0.4341736694677871
316,1.0,True,True,False,0.45368814192343604
317,0.07038991055133346,True,True,False,0.5698412698412698
318,1.0,True,False,False,0.5
319,1.0,False,True,False,0.3742296918767507
320,0.1744035009289281,True,False,False,0.5084033613445378
321,1.0,False,True,False,0.35480859010270777
322,0.003910503460272719,False,True,False,0.5891456582633053
323,1.0,True,False,False,0.5
324,4.034730248265037e-19,True,True,True,0.7375816993464053
325,1.0,False,True,False,0.4261904761904762
326,1.0,True,False,False,0.4861111111111111
327,0.04770439921920925,True,False,False,0.5236227824463119
328,4.581313076064981e-06,False,True,False,0.6213818860877685
329,2.3602999806660987e-08,False,True,False,0.6559990662931839
330,1.0,True,True,False,0.5028478057889822
331,1.0,True,False,False,0.49444444444444446
332,1.0,True,True,False,0.45975723622782444
333,7.525808928184484e-08,True,True,True,0.6390522875816993
334,1.0,False,True,False,0.45849673202614377
335,1.0,True,False,False,0.4969187675070028
336,1.0,True,True,False,0.4947478991596639
337,1.0,True,True,False,0.5029411764705882
338,0.34693544342864624,True,True,False,0.5266106442577031
339,1.0,False,True,False,0.44838935574229694
340,1.0,False,True,False,0.4327731092436975
341,1.0,True,True,False,0.4233893557422969
342,1.0,True,False,False,0.5
343,2.7695574468996034e-08,True,True,True,0.6480392156862745
344,1.0,False,True,False,0.46377217553688144
345,0.015442648912960159,True,False,False,0.5210084033613446
346,4.5640854139585973e-07,True,True,True,0.6131185807656396
347,1.0,True,True,False,0.4573529411764706
348,1.0,False,True,False,0.38599439775910366
349,1.0,True,False,False,0.5
350,1.0,True,False,False,0.5
351,1.0,True,False,False,0.48333333333333334
352,1.9479975976392075e-07,False,True,False,0.6546451914098973
353,1.0,True,True,False,0.4876750700280112
354,1.0,False,True,False,0.46055088702147523
355,1.0,False,False,False,0.4049953314659197
356,1.0,True,False,False,0.49444444444444446
357,1.99033565260906e-10,True,True,True,0.6686741363211951
358,1.0,True,False,False,0.49444444444444446
359,0.09895982700242893,True,True,False,0.5213818860877685
360,1.0,False,True,False,0.44638188608776846
361,0.043077495384951675,True,True,True,0.5240429505135388
362,1.0,True,True,False,0.5063958916900093
363,1.0,False,True,False,0.4208683473389356
364,1.0,False,True,False,0.43942577030812324
365,1.0,True,False,False,0.5
366,1.0,False,True,False,0.3561391223155929
367,7.082193332911698e-06,True,True,True,0.6120681605975724
368,1.0,True,False,False,0.4361111111111111
369,1.0,True,False,False,0.4672268907563025
370,1.0,False,True,False,0.3941643323996265
371,0.009315788685892386,True,True,True,0.5734593837535014
372,1.0,False,False,False,0.40709617180205415
373,1.0,True,False,False,0.5
374,1.0,False,False,False,0.43977591036414565
375,1.0,True,False,False,0.5
376,0.015442648912960159,True,True,True,0.5210084033613446
377,0.06453416392694859,True,True,False,0.5183473389355743
378,0.402385062313819,True,False,False,0.5042016806722689
379,4.4150277081513566e-11,True,True,True,0.7100840336134454
380,1.0,True,False,False,0.49869281045751634
381,1.0,True,False,False,0.4485994397759104
382,0.003102929049000015,True,True,True,0.5351540616246498
383,1.0,True,False,False,0.4972922502334267
384,1.0,False,True,False,0.4162931839402428
385,1.0,True,False,False,0.4842670401493931
386,1.0,True,False,False,0.47175536881419233
387,1.0,False,True,False,0.4137254901960784
388,0.5958985655444249,True,False,False,0.5107142857142857
389,1.0,True,False,False,0.5
390,1.0,False,True,False,0.35901027077497666
391,0.00014143570046044806,True,True,True,0.5462184873949579
392,1.0,False,False,False,0.40933706816059756
393,1.0,True,False,False,0.4888888888888889
394,1.0,True,False,False,0.48851540616246497
395,1.0,True,False,False,0.49166666666666664
396,3.352702036757139e-05,True,True,True,0.5970588235294118
397,1.0,False,True,False,0.3550420168067227
398,1.0,False,False,False,0.4527777777777778
399,0.03415432262281112,True,False,False,0.5168067226890757
400,0.402385062313819,True,False,False,0.5042016806722689
401,1.0,True,False,False,0.49859943977591037
402,1.0,True,False,False,0.46111111111111114
403,1.0,False,True,False,0.42166199813258637
404,1.0,True,True,False,0.4702847805788982
405,1.0,True,True,False,0.48097572362278246
406,3.2007938913598396e-23,True,True,True,0.7478991596638656
407,1.0,True,True,False,0.4691643323996265
408,1.0,False,True,False,0.3653361344537815
409,2.756283255714903e-07,False,True,False,0.6539449112978525
410,1.0,False,True,False,0.45714285714285713
411,4.825012989296584e-08,False,True,False,0.648015873015873
412,1.0,False,True,False,0.3581465919701214
413,1.0,True,True,False,0.5012605042016807
414,1.0,False,True,False,0.4064425770308123
415,8.843861395907158e-05,True,True,True,0.6128384687208217
416,1.0,True,False,False,0.4999299719887955
417,1.0,True,False,False,0.4972922502334267
418,1.0,True,False,False,0.47168534080298785
419,1.0,True,True,False,0.5015406162464986
420,1.0,False,True,False,0.43856209150326797
421,1.0,True,False,False,0.49019607843137253
422,1.0,True,True,False,0.4849673202614379
423,1.0,True,True,False,0.4834267040149393
424,1.0,False,True,False,0.3684873949579832
425,1.0,True,False,False,0.4861111111111111
426,1.0,False,True,False,0.49164332399626515
427,1.0,False,True,False,0.3777077497665733
428,2.8420361214149853e-06,True,True,True,0.6254435107376284
429,0.402385062313819,True,False,False,0.5042016806722689
430,0.003982482057228423,True,True,True,0.5803221288515407
431,1.0,True,False,False,0.49722222222222223
432,1.0,False,False,False,0.40172735760971057
433,1.0,True,False,False,0.4888888888888889
434,1.0,False,True,False,0.44689542483660133
435,1.0,False,False,False,0.4111111111111111
436,0.060202524189917,True,True,False,0.530718954248366
437,1.0,False,True,False,0.4531279178338002
438,0.198050108729757,True,True,False,0.5282913165266107
439,1.0,False,True,False,0.39911297852474326
440,1.0,False,False,False,0.4444444444444444
441,0.33753652452163296,True,True,False,0.511344537815126
442,1.0,True,True,False,0.5063492063492063
443,1.0,False,True,False,0.42511671335200746
444,1.3492243170307397e-05,False,True,False,0.6145191409897293
445,1.0,True,False,False,0.48055555555555557
446,1.0,True,False,False,0.5
447,1.0,False,True,False,0.3412231559290383
448,4.8912079592622006e-08,False,True,False,0.650280112044818
449,1.0,False,True,False,0.4523342670401494
450,1.0,True,False,False,0.49166666666666664
451,1.0,False,True,False,0.42091503267973857
452,1.0,True,False,False,0.47168534080298785
453,1.0,True,False,False,0.5
454,1.0,False,False,False,0.4780578898225957
455,0.38732114778103394,True,True,False,0.5246498599439776
456,1.0,True,False,False,0.5
457,0.0007211046637508678,False,True,False,0.5859010270774977
458,3.395678291783152e-09,True,True,True,0.690546218487395
459,0.008684616474816139,True,True,True,0.5495798319327732
460,1.0,True,False,False,0.48025210084033615
461,1.0,False,True,False,0.4780812324929972
462,1.0,True,False,False,0.5
463,1.0,False,True,False,0.39992997198879554
464,2.0609621988520367e-08,False,True,False,0.6510270774976658
465,1.0,False,False,False,0.3931139122315593
466,2.18977995939462e-10,False,True,False,0.684500466853408
467,0.0014775674798267857,True,True,True,0.5336134453781513
468,1.0,True,False,False,0.48333333333333334
469,1.0,False,False,False,0.47591036414565824
470,1.0,False,True,False,0.44505135387488326
471,1.0,False,True,False,0.4142857142857143
472,1.474886536866005e-09,False,True,False,0.6677404295051353
473,1.0,False,True,False,0.43823529411764706
474,1.0,False,True,False,0.42054154995331466
475,1.0,False,True,False,0.4807889822595705
476,1.0,False,False,False,0.4034547152194211
477,1.0,True,False,False,0.4481792717086835
478,1.0,False,True,False,0.4355042016806723
479,1.0,True,False,False,0.5
480,1.0,True,False,False,0.5014472455648926
481,1.0,True,False,False,0.5
482,1.7357038339215714e-06,True,True,True,0.6008403361344538
483,1.0,True,False,False,0.49722222222222223
484,0.0013280282516759934,True,True,True,0.5866013071895425
485,1.0,False,True,False,0.4714985994397759
486,0.0020214513447092564,False,True,False,0.6127217553688142
487,1.0,False,True,False,0.41718020541549955
488,1.0,True,True,False,0.4972922502334267
489,1.0,False,True,False,0.419187675070028
490,1.0,True,False,False,0.4888888888888889
491,5.693400573181082e-06,True,True,True,0.6408496732026144
492,3.440145446222044e-06,True,False,False,0.5724323062558356
493,1.0,False,True,False,0.4803454715219421
494,1.0,False,False,False,0.4253034547152194
495,1.0,False,True,False,0.32983193277310924
496,1.0,True,False,False,0.5
497,0.007429516560843785,True,True,True,0.5378151260504201
498,1.0,True,False,False,0.5
499,0.0006788513591883778,True,True,True,0.5378151260504201
500,1.0,False,False,False,0.4584500466853408
501,1.0,False,False,False,0.4222222222222222
502,1.0201978697341712e-05,False,True,False,0.6312791783380018
503,2.8219296981381783e-05,False,True,False,0.6294584500466853
504,1.0,True,False,False,0.5
505,1.0,False,True,False,0.37142857142857144
506,1.0,True,True,False,0.5044351073762838
507,0.3536035560760849,True,True,False,0.5127450980392156
508,0.015592643564797377,True,True,True,0.5676937441643324
509,1.0,False,True,False,0.48935574229691875
510,1.0,True,True,False,0.4253734827264239
511,1.0,True,False,False,0.4945845004668534
512,5.550072529708041e-13,True,True,True,0.7010037348272642
513,1.0,False,True,False,0.4054621848739496
514,1.0,True,False,False,0.45938375350140054
515,7.804500820691537e-23,True,True,True,0.7493464052287582
516,1.0,True,False,False,0.49717553688141924
517,1.0,True,False,False,0.5
518,1.0,False,True,False,0.4370214752567694
519,1.0,True,False,False,0.5
520,1.0,True,False,False,0.45025676937441644
521,1.0,True,False,False,0.4999299719887955
522,1.0,False,True,False,0.34934640522875815
523,1.0,True,False,False,0.49166666666666664
524,1.0,False,True,False,0.40943043884220354
525,1.0,True,False,False,0.5
526,1.0,True,False,False,0.49722222222222223
527,0.402385062313819,True,False,False,0.5042016806722689
528,1.0,True,False,False,0.5
529,1.0,False,True,False,0.4748366013071895
530,1.0,False,True,False,0.4415266106442577
531,1.0,True,False,False,0.5
532,1.4401331942410566e-07,False,True,False,0.6478991596638656
533,1.0,False,True,False,0.4422735760971055
534,1.0,True,False,False,0.5
535,0.004661448012472421,True,True,True,0.5368814192343604
536,1.0,False,True,False,0.40943043884220354
537,1.0,False,True,False,0.4107376283846872
538,1.0,True,False,False,0.3949579831932773
539,4.736771607126094e-23,True,True,True,0.7590569561157796
540,0.402385062313819,True,False,False,0.5042016806722689
541,0.10634618512372845,True,True,False,0.5335667600373483
542,1.4840366023751e-05,False,True,False,0.6173202614379085
543,2.0087586140047373e-05,False,True,False,0.6248366013071895
544,1.0,True,True,False,0.4588468720821662
545,1.0,True,False,False,0.48179271708683474
546,0.402385062313819,True,False,False,0.5042016806722689
547,1.0,False,True,False,0.4782446311858077
548,1.0,True,False,False,0.49864612511671336
549,1.0,False,True,False,0.45697945845004667
550,6.389220436930019e-06,True,True,True,0.5630252100840336
551,1.0,False,True,False,0.5041083099906629
552,1.0,True,False,False,0.4257703081232493
553,1.0,False,True,False,0.42212885154061625
554,1.0,True,True,False,0.4978057889822596
555,1.0,False,True,False,0.34747899159663864
556,1.0,False,True,False,0.45219421101774043
557,0.0030764633163825835,False,True,False,0.5763305322128851
558,1.0,True,False,False,0.49722222222222223
559,1.0,False,False,False,0.4444444444444444
560,1.0,False,True,False,0.3407563025210084
561,1.0,True,True,False,0.5015406162464986
562,0.07134738540825931,False,True,False,0.546031746031746
563,0.0757694194525687,True,False,False,0.5598972922502334
564,1.0,False,False,False,0.40896358543417366
565,1.0,False,True,False,0.36251167133520074
566,1.0,True,False,False,0.49166666666666664
567,1.0,False,True,False,0.35788982259570495
568,1.0,True,True,False,0.49715219421101775
569,0.0004113331494216122,False,True,False,0.5901493930905696
570,1.0,True,False,False,0.5
571,1.0,False,True,False,0.36629318394024274
572,0.00031247072470035416,True,True,True,0.542016806722689
573,1.0,False,True,False,0.45284780578898226
574,1.0,True,False,False,0.47478991596638653
575,1.0,True,False,False,0.5
576,1.0,False,True,False,0.46834733893557423
577,1.0,True,False,False,0.4902427637721755
578,1.0,False,True,False,0.41169467787114844
579,1.0,True,True,False,0.49257703081232496
580,1.0,True,False,False,0.5
581,1.0,True,True,False,0.5085434173669467
582,1.0,False,True,False,0.42516339869281045
583,1.0,True,True,False,0.5050420168067227
584,1.9263275616164828e-09,False,True,False,0.6689309056956115
585,0.006853738490228553,True,True,True,0.5308823529411765
586,3.733213945911011e-06,True,False,False,0.5889822595704949
587,0.04658210941858655,False,True,False,0.5484126984126985
588,1.0,True,False,False,0.475
589,1.0,True,False,False,0.5014472455648926
590,1.0,True,False,False,0.49444444444444446
591,1.0,True,True,False,0.5005602240896359
592,0.015442648912960159,True,False,False,0.5210084033613446
593,0.402385062313819,True,True,False,0.5042016806722689
594,4.772214023985036e-10,True,True,True,0.6706816059757236
595,1.0,False,True,False,0.40971055088702146
596,1.0,True,False,False,0.49444444444444446
597,1.0,False,True,False,0.47051820728291316
598,1.0,True,False,False,0.5067460317460317
599,0.00031247072470035416,True,True,True,0.5556022408963586
600,1.0,True,False,False,0.45555555555555555
601,0.0010097867915358568,True,True,True,0.5792717086834734
602,1.0,False,True,False,0.353968253968254
603,1.0,True,False,False,0.5
604,0.2938305023515837,True,True,False,0.5291083099906629
605,1.0,False,False,False,0.3224089635854342
606,1.0,True,False,False,0.5
607,1.0,False,True,False,0.45852007469654527
608,2.0279164622177645e-05,True,True,True,0.5910830999066293
609,1.0,False,True,False,0.4114145658263305
610,1.0,False,True,False,0.4354341736694678
611,1.0,False,True,False,0.4088702147525677
612,1.0,True,False,False,0.5
613,1.0,True,False,False,0.5
614,1.0,True,False,False,0.5
615,1.0,True,False,False,0.46526610644257704
616,0.0008471395622849529,True,False,False,0.5504435107376284
617,0.007155019547308811,True,True,True,0.5252100840336135
618,3.0203457447951687e-06,True,True,True,0.5672268907563025
619,1.0,False,True,False,0.43870214752567693
620,0.17251501810664246,True,True,False,0.515686274509804
621,0.03415432262281112,True,True,True,0.5168067226890757
622,1.0,False,True,False,0.43520074696545286
623,4.078931201885591e-08,False,True,False,0.6488562091503268
624,1.0,True,True,False,0.5043183940242764
625,1.0,True,False,False,0.49444444444444446
626,7.138941659124638e-06,False,True,False,0.626797385620915
627,1.0,False,False,False,0.42103174603174603
628,1.0,True,False,False,0.5
629,1.0,False,False,False,0.31788048552754433
630,1.0,False,True,False,0.43468720821662
631,1.0,True,False,False,0.5
632,1.3096043995327553e-05,False,True,False,0.6349439775910364
633,1.0,True,False,False,0.4650326797385621
634,1.0,True,True,False,0.4992530345471522
635,1.9624914785542095e-06,False,True,False,0.6258169934640523
636,1.0,False,True,False,0.3957049486461251
637,0.3379407354258509,True,True,False,0.5130252100840336
638,1.0,True,True,False,0.4972455648926237
639,0.0007163030477201364,True,True,True,0.5736227824463118
640,1.0,False,True,False,0.49229691876750703
641,1.0,False,True,False,0.38011204481792715
642,0.002336230247019392,False,True,False,0.5844771241830066
643,0.9983552876702617,False,True,False,0.5101307189542483
644,1.925606343416986e-07,True,True,True,0.6397292250233426
645,1.0,True,True,False,0.47019140989729225
646,0.402385062313819,True,False,False,0.5042016806722689
647,1.0,False,False,False,0.4020541549953315
648,1.0,True,False,False,0.4444444444444444
649,1.0,False,True,False,0.3798786181139122
650,1.0,True,False,False,0.4861111111111111
651,1.0,False,True,False,0.41792717086834735
652,1.0,True,False,False,0.5
653,1.0,True,False,False,0.49722222222222223
654,3.7490673483760793e-07,False,True,False,0.6393323996265172
655,1.0,True,False,False,0.49722222222222223
656,1.0,False,True,False,0.4951680672268908
657,0.07835797487499035,True,True,False,0.534640522875817
658,1.0,True,True,False,0.4643323996265173
659,0.0006788513591883778,True,True,True,0.5378151260504201
660,1.0,True,True,False,0.4580999066293184
661,1.0,False,True,False,0.41535947712418303
662,1.0,True,False,False,0.4888888888888889
663,1.0,True,False,False,0.4777777777777778
664,1.0,True,False,False,0.4083333333333333
665,1.0,True,False,False,0.4940242763772176
666,1.0,False,False,False,0.45555555555555555
667,1.925606343416986e-07,False,True,False,0.6405695611577964
668,1.0,False,True,False,0.473062558356676
669,1.0,True,False,False,0.5
670,1.0,False,True,False,0.4857609710550887
671,1.0,True,False,False,0.5
672,0.40885213205494436,True,True,False,0.5239962651727358
673,0.14073692043724556,True,False,False,0.5285714285714286
674,1.0,True,False,False,0.5
675,0.012518883870419642,False,True,False,0.5632119514472456
676,0.051179619533735225,True,True,False,0.5257002801120448
677,1.0,True,False,False,0.500140056022409
678,1.0,True,True,False,0.4910130718954248
679,1.0,True,False,False,0.4984126984126984
680,1.0,False,True,False,0.41451914098972925
681,1.0,True,False,False,0.5
682,1.0,True,False,False,0.4957983193277311
683,1.0,False,True,False,0.4276610644257703
684,1.3357041834317502e-08,False,True,False,0.6874416433239963
685,1.0,False,True,False,0.4461951447245565
686,1.0,True,False,False,0.49444444444444446
687,5.108445715463236e-07,False,True,False,0.6377450980392156
688,1.0,True,True,False,0.4458916900093371
689,2.335395742658786e-09,False,True,False,0.6711017740429505
690,1.0,False,True,False,0.47719421101774046
691,1.0,True,False,False,0.5014472455648926
692,6.903827331884926e-07,True,True,True,0.63828197945845
693,5.810689516590004e-05,True,True,True,0.5563258636788049
694,1.0,False,True,False,0.4227824463118581
695,8.035590876934185e-06,False,True,False,0.638422035480859
696,0.2972124342125447,True,False,False,0.5098506069094304
697,8.255428265066639e-24,True,True,True,0.7563025210084033
698,1.0,True,False,False,0.4756302521008403
699,1.0,False,False,False,0.33718487394957986
700,0.6070793452861883,True,False,False,0.5139122315592903
701,1.0,True,False,False,0.5
702,1.0,False,False,False,0.4361111111111111
703,0.030838088806561935,True,True,True,0.5335200746965453
704,1.0,True,True,False,0.4931372549019608
705,1.0,True,False,False,0.4746031746031746
706,6.276164681625197e-05,True,True,True,0.5504201680672269
707,1.0,False,True,False,0.5169000933706817
708,1.0,True,False,False,0.5
709,1.0,True,False,False,0.5014472455648926
710,1.0,False,True,False,0.4334267040149393
711,1.0,False,True,False,0.4028011204481793
712,1.0,True,False,False,0.4987861811391223
713,1.0,False,True,False,0.45168067226890757
714,0.05309487233059387,False,True,False,0.5482259570494865
715,7.525808928184484e-08,False,True,False,0.65968720821662
716,1.0,False,True,False,0.46937441643323996
717,0.38553487709066075,True,True,False,0.5244397759103642
718,1.0,True,False,False,0.49859943977591037
719,0.001227596014429451,False,True,False,0.6056489262371615
720,1.0,False,True,False,0.32189542483660133
721,1.0,False,True,False,0.37208216619981327
722,1.0,True,False,False,0.4733893557422969
723,0.1926491437955941,True,False,False,0.5170168067226891
724,1.0,True,False,False,0.5
725,4.209422906365366e-09,False,True,False,0.6639122315592904
726,1.0,False,True,False,0.42217553688141923
727,1.0,False,True,False,0.3543417366946779
728,1.0,True,False,False,0.5028011204481793
729,1.0,True,False,False,0.49722222222222223
730,1.0,True,False,False,0.49859943977591037
731,4.419225546771458e-08,False,True,False,0.6523809523809524
732,1.0,True,False,False,0.4583333333333333
733,3.069101661649202e-07,False,True,False,0.6403828197945844
734,1.0,False,True,False,0.365266106442577
735,0.1880298146605116,True,True,False,0.5349673202614379
736,1.0,True,False,False,0.5
737,1.0,True,False,False,0.49859943977591037
738,0.9161870336820239,True,False,False,0.5086367880485527
739,1.0,True,False,False,0.49444444444444446
740,0.07509402543611444,True,False,False,0.5126050420168067
741,1.0,True,False,False,0.49166666666666664
742,1.0,True,False,False,0.5
743,1.0,False,True,False,0.47058823529411764
744,1.0,False,True,False,0.3446311858076564
745,0.9161870336820239,True,False,False,0.507703081232493
746,0.0001871721128588125,True,True,True,0.596171802054155
747,1.0,True,True,False,0.5005135387488329
748,1.0,False,False,False,0.38195611577964517
749,1.0,False,True,False,0.48711484593837534
750,1.0,True,False,False,0.5
751,0.9076408876298923,True,True,False,0.5058356676003735
752,1.0,True,True,False,0.4534313725490196
753,4.0326250508761826e-05,False,True,False,0.6047619047619047
754,1.0,True,False,False,0.5
755,0.13852098195664894,True,True,False,0.5390756302521008
756,1.0,True,False,False,0.5
757,1.0,False,True,False,0.41937441643323997
758,1.0,True,False,False,0.49722222222222223
759,1.0001650147847171e-13,False,True,False,0.7098506069094305
760,1.7405387631714264e-05,False,True,False,0.6189075630252101
761,0.027065404405562404,True,True,True,0.5507002801120449
762,1.0,False,False,False,0.44089635854341735
763,1.0,True,False,False,0.5
764,1.0,True,False,False,0.5014939309056956
765,1.0,False,False,False,0.35978057889822596
766,1.0,False,True,False,0.43216619981325866
767,1.0,True,False,False,0.5
768,1.0,False,False,False,0.44166666666666665
769,5.2350901476111554e-14,True,True,True,0.7177871148459384
770,1.0,False,True,False,0.3603874883286648
771,1.0,False,True,False,0.4311858076563959
772,8.19199843366741e-17,True,True,True,0.7282212885154061
773,1.0,True,False,False,0.49859943977591037
774,0.036987996778972146,True,True,True,0.5343137254901961
775,0.07509402543611444,True,True,False,0.5126050420168067
776,1.0,False,True,False,0.4388422035480859
777,0.21446737631811488,False,False,False,0.5390522875816993
778,3.2007938913598396e-23,True,True,True,0.7478991596638656
779,1.0,True,False,False,0.45852007469654527
780,1.0,False,True,False,0.35910364145658263
781,3.9058084976564595e-10,True,True,True,0.665079365079365
782,1.0,True,True,False,0.4246498599439776
783,1.3492243170307397e-05,True,True,True,0.5588235294117647
784,1.0,True,False,False,0.49019607843137253
785,1.4443663281922333e-10,False,True,False,0.6816293183940243
786,1.0,True,False,False,0.5
787,1.0,False,True,False,0.4639589169000934
788,1.0,False,True,False,0.3510737628384687
789,5.964784388507148e-07,False,True,False,0.6812324929971989
790,1.0,True,False,False,0.5
791,1.0,True,False,False,0.49444444444444446
792,1.0,True,False,False,0.5
793,1.0,False,False,False,0.42777777777777776
794,1.0,False,True,False,0.3956115779645191
795,1.0,True,True,False,0.4638655462184874
796,1.0,True,False,False,0.5
797,1.0,True,False,False,0.4903828197945845
798,1.0,False,True,False,0.4051120448179272
799,1.0,False,False,False,0.46526610644257704
800,1.0,False,True,False,0.40896358543417366
801,0.00014143570046044806,True,True,True,0.5462184873949579
802,0.00013613307277074904,True,True,True,0.5520074696545285
803,0.007175490412843562,True,True,True,0.5563958916900094
804,1.0,True,False,False,0.49722222222222223
805,1.0,False,True,False,0.4162464985994398
806,1.0,True,False,False,0.49978991596638656
807,1.0,True,False,False,0.4913865546218487
808,1.0,False,True,False,0.38454715219421104
809,4.906102637510881e-08,False,True,False,0.6606909430438842
810,1.0,True,True,False,0.48169934640522877
811,1.0,True,False,False,0.4860877684407096
812,1.0,True,False,False,0.5020074696545285
813,1.0,False,True,False,0.4369747899159664
814,1.0,False,True,False,0.3952380952380952
815,0.7439002388136756,True,True,False,0.5091036414565826
816,1.0,True,False,False,0.48333333333333334
817,0.402385062313819,True,False,False,0.5042016806722689
818,1.0,False,True,False,0.43335667600373484
819,1.0,True,False,False,0.48179271708683474
820,1.0,True,True,False,0.49519140989729227
821,1.0,False,False,False,0.41388888888888886
822,7.525808928184484e-08,False,True,False,0.6495798319327731
823,0.43240322474868115,True,True,False,0.523295985060691
824,1.0,False,False,False,0.4444444444444444
825,1.0,True,False,False,0.49722222222222223
826,1.0,True,False,False,0.5
827,1.0,False,True,False,0.42133520074696545
828,0.03348171477251232,False,True,False,0.5629785247432306
829,1.0,False,False,False,0.45555555555555555
830,0.4752768167937135,True,True,False,0.5165732959850607
831,1.0,True,False,False,0.4861111111111111
832,4.147070217355379e-07,False,True,False,0.6334500466853408
833,1.0,False,True,False,0.48781512605042016
834,1.0,True,False,False,0.5
835,0.2972124342125447,True,True,False,0.5098506069094304
836,1.0,True,False,False,0.478874883286648
837,1.0,False,False,False,0.38415032679738564
838,1.0,True,True,False,0.4997198879551821
839,1.0,True,False,False,0.48902894491129784
840,1.0,False,False,False,0.44166666666666665
841,0.025068735127216916,True,True,True,0.5793884220354809
842,1.0,True,False,False,0.4957983193277311
843,1.0,False,True,False,0.44904295051353876
844,1.0,True,False,False,0.5
845,0.8983253808620175,True,False,False,0.5111111111111111
846,0.0013855406577778571,True,True,True,0.5394724556489262
847,1.0,False,True,False,0.36631652661064423
848,0.0006494804020246701,True,True,True,0.5716386554621848
849,2.448111166419418e-06,True,True,True,0.6091503267973856
850,1.0,False,True,False,0.4657796451914099
851,1.0,True,False,False,0.5
852,1.0,True,False,False,0.46111111111111114
853,1.0,True,True,False,0.4892623716153128
854,1.0,True,False,False,0.5
855,8.801060886824462e-10,False,True,False,0.6716619981325863
856,8.989206263637514e-12,True,True,True,0.7092436974789916
857,1.0,True,True,False,0.49374416433239965
858,1.0,False,True,False,0.4387488328664799
859,1.0,True,False,False,0.5
860,1.0,False,True,False,0.4369747899159664
861,2.0422504447523638e-05,False,True,False,0.6134920634920635
862,1.0,True,False,False,0.49444444444444446
863,1.0,False,True,False,0.3565826330532213
864,1.0,False,True,False,0.48468720821662
865,0.019637387404520108,True,True,True,0.5553688141923436
866,1.0,False,False,False,0.4264939309056956
867,1.0,False,True,False,0.32371615312791785
868,1.0,True,False,False,0.4858543417366947
869,1.0,False,True,False,0.47054154995331465
870,1.0,True,False,False,0.49444444444444446
871,1.0,True,False,False,0.4861111111111111
872,0.07954088215578396,True,True,False,0.5332166199813259
873,1.0,True,False,False,0.5
874,1.0,True,False,False,0.4583333333333333
875,1.0,False,True,False,0.41092436974789914
876,1.979086249557438e-21,True,True,True,0.7450746965452848
877,1.0,False,True,False,0.4137721755368814
878,1.0,False,True,False,0.37640056022408963
879,0.7898489103775727,True,True,False,0.5111344537815126
880,1.0,False,True,False,0.40602240896358543
881,0.015282860219956652,True,True,True,0.5265172735760971
882,1.0,True,False,False,0.4861111111111111
883,1.0,True,False,False,0.49166666666666664
884,1.0,True,False,False,0.4958916900093371
885,1.0,True,True,False,0.5024276377217554
886,1.0,False,True,False,0.33800186741363214
887,0.06453416392694859,True,True,False,0.5302987861811391
888,1.0,False,False,False,0.4341736694677871
889,1.0,False,True,False,0.3957749766573296
890,1.0,False,False,False,0.4425770308123249
891,1.0,True,False,False,0.49859943977591037
892,1.0,True,False,False,0.5
893,1.0,False,True,False,0.3535480859010271
894,0.0013855406577778571,True,True,True,0.5394724556489262
895,1.0,False,True,False,0.32012138188608774
896,0.00040363373791393403,False,True,False,0.5915499533146592
897,6.389220436930019e-06,True,True,True,0.5630252100840336
898,1.0,True,False,False,0.5
899,1.0,True,True,False,0.44610177404295054
900,1.0,True,True,False,0.37329598506069095
901,1.0,True,True,False,0.47836134453781515
902,7.804500820691537e-23,True,True,True,0.7493464052287582
903,1.0,True,False,False,0.5056956115779645
904,1.3478667446424733e-07,False,True,False,0.6453314659197013
905,1.0,True,False,False,0.5014005602240896
906,1.0,True,False,False,0.5
907,1.0,False,True,False,0.46605975723622783
908,1.0,True,True,False,0.49831932773109244
909,1.0,True,False,False,0.49451447245564895
910,1.0,True,False,False,0.44166666666666665
911,1.0,True,False,False,0.5
912,1.0,True,True,False,0.4947712418300654
913,1.0,True,False,False,0.5
914,0.8288238622387801,True,False,False,0.5080765639589169
915,1.0,False,True,False,0.3615079365079365
916,2.3084952906028266e-07,False,True,False,0.6364145658263305
917,1.0,True,False,False,0.5
918,1.0,False,True,False,0.4079598506069094
919,1.0,False,True,False,0.42100840336134454
920,3.7067299814747743e-07,False,True,False,0.630718954248366
921,1.0,False,True,False,0.4505135387488329
922,1.0,False,True,False,0.34091970121381887
923,1.0,False,True,False,0.4838001867413632
924,1.0,False,True,False,0.41535947712418303
925,1.0,True,True,False,0.4931839402427638
926,0.0002311032521854592,False,True,False,0.6128151260504202
927,1.0,True,True,False,0.4931372549019608
928,1.0,False,True,False,0.4588468720821662
929,1.0,True,False,False,0.5
930,1.0,False,True,False,0.45634920634920634
931,1.7143758462964376e-20,True,True,True,0.7475023342670402
932,1.0,False,True,False,0.34551820728291316
933,1.0,True,False,False,0.49722222222222223
934,6.355405849738293e-09,True,True,True,0.6781512605042017
935,0.06705582849047871,True,True,False,0.5182072829131653
936,1.0,False,True,False,0.423109243697479
937,1.0,True,False,False,0.5061157796451914
938,1.0,False,True,False,0.4396358543417367
939,1.0,True,False,False,0.4527777777777778
940,1.0,True,False,False,0.5
941,1.0,True,False,False,0.4707282913165266
942,1.0,True,True,False,0.49836601307189543
943,7.804500820691537e-23,True,True,True,0.746358543417367
944,0.402385062313819,True,False,False,0.5042016806722689
945,1.0,True,False,False,0.5014005602240896
946,1.0,False,True,False,0.31659663865546217
947,0.007806513292021739,False,True,False,0.5638888888888889
948,1.0,True,False,False,0.49444444444444446
949,0.0011879061794485186,True,False,False,0.5448646125116713
950,1.0,False,True,False,0.43029878618113915
951,1.0,True,False,False,0.49722222222222223
952,1.0,True,True,False,0.4872549019607843
953,1.0,False,True,False,0.4879785247432306
954,1.0,True,False,False,0.49722222222222223
955,1.0,True,False,False,0.49593837535014007
956,1.0,True,False,False,0.4902894491129785
957,1.0,True,False,False,0.4527777777777778
958,1.0,True,False,False,0.49456115779645193
959,1.0,False,True,False,0.49257703081232496
960,1.0,False,False,False,0.4060690943043884
961,1.0,True,False,False,0.4721988795518207
962,0.17586496791860795,True,False,False,0.5154995331465919
963,1.0,False,False,False,0.4669467787114846
964,3.238046862389823e-08,False,True,False,0.6420168067226891
965,1.0,True,True,False,0.5011437908496732
966,1.0,False,True,False,0.40905695611577964
967,1.0,False,True,False,0.43064892623716156
968,6.820872252784878e-14,True,True,True,0.6897292250233427
969,1.0,False,True,False,0.49871615312791784
970,1.0,True,False,False,0.49722222222222223
971,1.0,True,False,False,0.5
972,1.0,False,True,False,0.4508870214752568
973,9.345477571616627e-10,True,True,True,0.6874883286647993
974,1.0,True,True,False,0.4473389355742297
975,1.0,True,False,False,0.5
976,1.0,True,False,False,0.4888888888888889
977,1.0,False,False,False,0.4444444444444444
978,1.0,False,True,False,0.4062558356676004
979,0.1946302557493774,True,True,False,0.5202380952380953
980,1.9263275616164828e-09,False,True,False,0.6803688141923436
981,1.0,True,False,False,0.5
982,4.748096343958955e-10,False,True,False,0.6741830065359478
983,1.0,True,True,False,0.496218487394958
984,1.0,True,False,False,0.48515406162464986
985,1.0,True,False,False,0.4583333333333333
986,1.0,True,False,False,0.5
987,1.0,True,False,False,0.49722222222222223
988,1.0,True,False,False,0.5
989,1.0,True,False,False,0.4888888888888889
990,1.0,True,False,False,0.45662931839402426
991,1.0,True,False,False,0.4958916900093371
992,1.0,False,True,False,0.43856209150326797
993,1.0,True,False,False,0.49752567693744165
994,1.0,False,True,False,0.434640522875817
995,0.402385062313819,True,False,False,0.5042016806722689
996,1.0,True,True,False,0.44911297852474324
997,0.6082059162845591,True,True,False,0.5169467787114846
998,1.0,False,True,False,0.4550420168067227
999,1.0,True,False,False,0.4804388422035481
1000,1.0,True,False,False,0.4887488328664799
1001,0.0030366560898779176,True,True,True,0.5352474323062558
1002,1.0,True,False,False,0.47619047619047616
1003,7.536421582417653e-11,True,True,True,0.7038281979458451
1004,4.728055257936758e-08,True,True,True,0.6366013071895424
1005,0.0022713703646005112,True,True,True,0.5478524743230626
1006,1.0,True,False,False,0.4777777777777778
1007,1.0,False,False,False,0.4015639589169001
1008,8.758428273178736e-23,True,True,True,0.7549019607843137
1009,0.012444327425990099,False,True,False,0.5744631185807656
1010,1.0,True,False,False,0.4264939309056956
1011,1.1702813298072202e-08,False,True,False,0.6840802987861812
1012,1.0,True,False,False,0.49722222222222223
1013,1.0,False,True,False,0.42777777777777776
1014,1.0,False,False,False,0.4256769374416433
1015,1.0,True,False,False,0.5
1016,1.0,False,True,False,0.4291783380018674
1017,1.0,False,True,False,0.36944444444444446
1018,0.18106381650921202,True,False,False,0.515359477124183
1019,8.076680686097714e-05,False,True,False,0.6002100840336134
1020,1.0,True,False,False,0.49722222222222223
1021,1.0,True,False,False,0.5
1022,0.2945495922632668,True,False,False,0.5098972922502334
1023,1.0,True,False,False,0.5
1024,0.000983847231086944,False,True,False,0.5839869281045752
1025,5.902166263730786e-15,True,True,True,0.7187441643323996
1026,0.07509402543611444,True,False,False,0.5126050420168067
1027,1.0,True,True,False,0.4785947712418301
1028,1.0,True,False,False,0.48851540616246497
1029,0.0006209730681321735,True,True,True,0.5778711484593837
1030,1.0,True,False,False,0.5
1031,0.0006338678695041358,False,True,False,0.5875816993464053
1032,1.0,True,False,False,0.49299719887955185
1033,1.0,False,True,False,0.42703081232492995
1034,1.0,False,False,False,0.39710550887021473
1035,1.0,True,False,False,0.475
1036,0.41649325100198054,True,False,False,0.5285247432306256
1037,1.0,True,False,False,0.46111111111111114
1038,1.0,True,False,False,0.5
1039,1.0,True,False,False,0.44166666666666665
1040,1.0,False,True,False,0.39024276377217554
1041,1.0,True,False,False,0.4666199813258637
1042,1.0,False,True,False,0.3464519140989729
1043,1.0,True,False,False,0.5
1044,1.0,False,True,False,0.3239262371615313
1045,0.8215867117950242,False,True,False,0.5174136321195145
1046,0.402385062313819,True,False,False,0.5042016806722689
1047,0.0014775674798267857,True,False,False,0.5336134453781513
1048,4.756942165358814e-05,False,True,False,0.603874883286648
1049,1.0,False,False,False,0.396078431372549
1050,1.0,False,False,False,0.42931839402427635
1051,0.007155019547308811,True,False,False,0.5252100840336135
1052,1.0,False,True,False,0.40637254901960784
1053,1.0,True,False,False,0.4888888888888889
1054,1.0,True,False,False,0.5
1055,1.0,True,False,False,0.5001167133520075
1056,1.0,True,True,False,0.480718954248366
1057,1.0,True,False,False,0.49444444444444446
1058,0.024327488015960616,False,True,False,0.5548552754435108
1059,1.0,False,True,False,0.4619514472455649
1060,1.0,True,False,False,0.5
1061,6.5108533806741746e-15,True,True,True,0.7142623716153128
1062,2.6552724096363462e-05,True,True,True,0.5605508870214753
1063,0.009351125115565653,True,True,True,0.5648225957049486
1064,1.0,True,False,False,0.5
1065,0.00023397273748465206,False,True,False,0.5954715219421102
1066,1.0,True,False,False,0.49722222222222223
1067,2.8219296981381783e-05,True,False,False,0.6116013071895425
1068,0.8998431067718923,True,True,False,0.5059290382819794
1069,1.0,False,True,False,0.4376283846872082
1070,1.0,True,False,False,0.5
1071,0.027065404405562404,False,True,False,0.5587768440709617
1072,1.0,False,True,False,0.46447245564892625
1073,0.0024678345694706615,True,False,False,0.5407096171802054
1074,1.0,False,True,False,0.4334267040149393
1075,1.0,True,False,False,0.5
1076,0.002042749223102146,True,True,True,0.5482726423902895
1077,5.174731751071873e-08,False,True,False,0.644234360410831
1078,1.0,False,True,False,0.438422035480859
1079,1.0,True,False,False,0.5
1080,0.0014775674798267857,True,True,True,0.5336134453781513
1081,1.0,True,True,False,0.4638655462184874
1082,1.0,False,False,False,0.43520074696545286
1083,1.0,True,False,False,0.4861111111111111
1084,8.160472195825148e-22,True,True,True,0.7490662931839402
1085,1.0,True,True,False,0.4668767507002801
1086,0.0002230670472449017,True,True,True,0.5880952380952381
1087,1.0,True,False,False,0.5
1088,1.0,False,False,False,0.4380718954248366
1089,1.0,True,False,False,0.5
1090,1.0,True,False,False,0.5
1091,1.0,True,False,False,0.49722222222222223
1092,1.0,True,True,False,0.4599439775910364
1093,1.0,True,True,False,0.4827731092436975
1094,1.0,True,False,False,0.5
1095,1.0,True,False,False,0.5
1096,1.0,True,False,False,0.4999299719887955
1097,6.389220436930019e-06,True,True,True,0.5630252100840336
1098,0.402385062313819,True,False,False,0.5042016806722689
1099,1.0,True,False,False,0.49722222222222223
1100,1.0,True,False,False,0.5
1101,1.0,False,True,False,0.4064425770308123
1102,1.0,False,True,False,0.3604108309990663
1103,1.0,False,True,False,0.39953314659197015
1104,1.0,True,False,False,0.5
1105,1.0,True,False,False,0.5
1106,1.0,True,False,False,0.4782446311858077
1107,1.0,False,True,False,0.3619047619047619
1108,1.0,True,False,False,0.49299719887955185
1109,0.36481201461965634,True,True,False,0.5198879551820729
1110,1.0,False,True,False,0.3861344537815126
1111,1.0,False,True,False,0.44288048552754433
1112,1.0,False,False,False,0.39915966386554624
1113,1.0,False,False,False,0.4519607843137255
1114,1.0,True,False,False,0.49722222222222223
1115,1.0,True,True,False,0.4906629318394024
1116,1.0,False,True,False,0.4254201680672269
1117,1.0,False,True,False,0.38529411764705884
1118,1.0,False,True,False,0.4261437908496732
1119,1.0,True,False,False,0.5
1120,0.3390232185663867,True,True,False,0.511297852474323
1121,1.0,True,False,False,0.5014939309056956
1122,1.0,True,False,False,0.48928571428571427
1123,1.0,True,True,False,0.5022408963585434
1124,0.7174919597342161,True,True,False,0.5128384687208216
1125,1.0,False,True,False,0.4019607843137255
1126,1.0,True,False,False,0.5
1127,1.0,False,True,False,0.49785247432306257
1128,1.0,True,False,False,0.5
1129,0.3051518170098385,True,True,False,0.5258403361344538
1130,1.0,False,True,False,0.35298786181139125
1131,1.0,False,False,False,0.4027777777777778
1132,1.0,True,False,False,0.4861111111111111
1133,1.0,False,True,False,0.4191643323996265
1134,2.6240251104677263e-05,True,True,True,0.5605975723622783
1135,0.1744035009289281,True,False,False,0.5084033613445378
1136,0.014115547999946588,True,True,True,0.526797385620915
1137,1.0,False,True,False,0.41601307189542486
1138,0.3589041344859199,True,False,False,0.5140989729225023
1139,1.0,True,False,False,0.5
1140,1.0,True,False,False,0.5
1141,1.0,True,False,False,0.49722222222222223
1142,1.0,True,True,False,0.44906629318394026
1143,1.0,False,False,False,0.4241363211951447
1144,1.0,True,False,False,0.4444444444444444
1145,1.0,True,False,False,0.5
1146,1.0,False,True,False,0.3948412698412698
1147,0.07763123292388724,False,True,False,0.544140989729225
1148,1.0,False,False,False,0.41122782446311856
1149,1.0,False,True,False,0.4158029878618114
1150,1.0,False,False,False,0.42131185807656396
1151,2.8219296981381783e-05,True,True,True,0.5546218487394958
1152,1.0,True,False,False,0.49166666666666664
1153,0.02713274917578212,True,True,True,0.5488795518207283
1154,0.1744035009289281,True,False,False,0.5370448179271708
1155,1.0,False,True,False,0.4331699346405229
1156,2.8219296981381783e-05,True,True,True,0.5546218487394958
1157,1.0,False,False,False,0.4361111111111111
1158,1.454284035425079e-05,False,True,False,0.619421101774043
1159,1.0,True,False,False,0.49444444444444446
1160,6.316033001441111e-08,False,True,False,0.6548085901027078
1161,1.0,False,False,False,0.4207282913165266
1162,1.0,True,False,False,0.49444444444444446
1163,1.0,True,False,False,0.45098039215686275
1164,0.01761728190187694,False,True,False,0.561391223155929
1165,1.0,True,True,False,0.48552754435107376
1166,1.8090252218660723e-10,False,True,False,0.688328664799253
1167,0.17586496791860795,True,False,False,0.5154995331465919
1168,1.0,True,False,False,0.46944444444444444
1169,1.0,True,False,False,0.5
1170,1.0,True,False,False,0.45
1171,1.0,False,True,False,0.48216619981325864
1172,1.0,False,True,False,0.3288982259570495
1173,0.007155019547308811,True,False,False,0.5252100840336135
1174,0.1744035009289281,True,False,False,0.5084033613445378
1175,0.003225018622884356,True,True,True,0.5294117647058824
1176,1.0,True,False,False,0.5
1177,1.0,False,True,False,0.4095238095238095
1178,1.0,False,True,False,0.4142623716153128
1179,1.0,True,False,False,0.4554388422035481
1180,1.0,True,False,False,0.5
1181,0.6109299948506781,True,False,False,0.5070961718020541
1182,2.05089196316645e-05,True,True,True,0.6062324929971988
1183,1.0,True,False,False,0.44514472455648924
1184,1.0,True,False,False,0.4800420168067227
1185,1.0,False,True,False,0.44283380018674134
1186,1.0,False,True,False,0.45814659197012136
1187,1.0,True,True,False,0.42670401493930904
1188,1.0,True,False,False,0.49722222222222223
1189,0.03499763887349945,True,False,False,0.5417833800186741
1190,1.0,False,True,False,0.3596171802054155
1191,1.0,True,False,False,0.46111111111111114
1192,1.0,True,False,False,0.5
1193,1.0,True,False,False,0.5
1194,1.0,False,True,False,0.3574229691876751
1195,1.0,True,True,False,0.4792717086834734
1196,1.0,False,True,False,0.3487861811391223
1197,1.039076493295767e-11,True,True,True,0.7134920634920635
1198,0.04842195337713898,False,True,False,0.5494631185807657
1199,1.0,True,False,False,0.5028011204481793
1200,0.596357677559166,True,True,False,0.505672268907563
1201,1.0,True,False,False,0.3911764705882353
1202,1.0,True,True,False,0.47556022408963583
1203,1.0,True,False,False,0.49444444444444446
1204,4.051846468872672e-12,False,True,False,0.7112511671335201
1205,1.0,False,True,False,0.37334267040149394
1206,1.0,True,False,False,0.49299719887955185
1207,1.0,False,True,False,0.5025210084033613
1208,5.6383824900396735e-09,False,True,False,0.6617647058823529
1209,6.389220436930019e-06,False,True,False,0.6386087768440709
1210,1.925606343416986e-07,True,True,True,0.5967787114845938
1211,1.0,False,True,False,0.3927170868347339
1212,1.0,True,False,False,0.49166666666666664
1213,1.0,True,True,False,0.43905228758169934
1214,1.0,True,False,False,0.5
1215,1.0,True,False,False,0.4940242763772176
1216,1.0,True,False,False,0.42364612511671335
1217,1.0,True,False,False,0.49722222222222223
1218,1.0,True,False,False,0.5
1219,1.0,True,False,False,0.5
1220,1.0,False,False,False,0.421218487394958
1221,1.0,False,True,False,0.4339869281045752
1222,1.0,False,True,False,0.41395891690009334
1223,1.0,True,True,False,0.4805322128851541
1224,1.0,True,False,False,0.5
1225,0.3121092156122874,True,False,False,0.5209150326797386
1226,0.17729689544618915,True,False,False,0.5293183940242764
1227,0.019210641641148482,False,True,False,0.5571895424836601
1228,0.7038087384655044,True,False,False,0.5116713352007469
1229,2.9473740808735607e-07,True,True,True,0.634360410830999
1230,9.962900025312399e-08,True,True,True,0.6394957983193277
1231,1.0,True,False,False,0.4974089635854342
1232,1.0,False,True,False,0.4197478991596639
1233,1.0,False,True,False,0.4558356676003735
1234,0.0006700788206584783,True,False,False,0.5435107376283846
1235,1.0,True,True,False,0.48893557422969186
1236,1.0,True,False,False,0.5028011204481793
1237,1.0,True,False,False,0.46526610644257704
1238,1.0,True,False,False,0.5
1239,1.0,True,True,False,0.4842670401493931
1240,1.0,False,False,False,0.4147525676937442
1241,0.22577357068581522,True,True,False,0.5300653594771242
1242,1.0,True,False,False,0.45098039215686275
1243,0.402385062313819,True,False,False,0.5042016806722689
1244,0.9099699363102004,True,True,False,0.5136788048552754
1245,1.0,False,True,False,0.34173669467787116
1246,1.0,True,False,False,0.4635854341736695
1247,0.010074246313711552,True,False,False,0.5697478991596638
1248,1.0,False,True,False,0.5002801120448179
1249,1.0,True,False,False,0.5
1250,1.0,True,False,False,0.5
1251,1.0,True,False,False,0.4373949579831933
1252,1.3492243170307397e-05,True,True,True,0.5588235294117647
1253,1.0,False,True,False,0.4489262371615313
1254,1.0,True,False,False,0.46335200746965455
1255,1.0,False,True,False,0.43482726423902895
1256,0.5901485354377465,True,False,False,0.5098039215686274
1257,1.0,False,True,False,0.42133520074696545
1258,1.0,True,False,False,0.4361111111111111
1259,4.5974043760610115e-26,True,True,True,0.7881652661064426
1260,0.03415432262281112,True,True,True,0.5510737628384688
1261,1.0,True,False,False,0.4892623716153128
1262,1.0,True,False,False,0.5
1263,1.0,True,False,False,0.5
1264,1.0,True,False,False,0.5014005602240896
1265,1.0,False,True,False,0.4669467787114846
1266,1.0,True,False,False,0.5
1267,0.00041443323802927025,True,True,True,0.5545751633986928
1268,1.3639995720446924e-11,True,True,True,0.7303921568627451
1269,1.0,False,True,False,0.41120448179271707
1270,1.0,False,True,False,0.4062324929971989
1271,1.0,False,True,False,0.34477124183006536
1272,1.0,True,False,False,0.4455648926237162
1273,1.0,True,False,False,0.5
1274,1.0,True,False,False,0.48468720821662
1275,1.0,True,False,False,0.43333333333333335
1276,0.05949220353566445,True,True,False,0.5498599439775911
1277,0.21668799144646206,True,False,False,0.5195378151260505
1278,0.006559881514749995,False,True,False,0.5664332399626517
1279,1.0,True,True,False,0.5010737628384687
1280,0.402385062313819,True,False,False,0.5042016806722689
1281,1.0,True,False,False,0.5
1282,1.0,True,False,False,0.49722222222222223
1283,1.0,True,False,False,0.49722222222222223
1284,0.006853738490228553,True,True,True,0.5308823529411765
1285,1.347540844081049e-05,False,True,False,0.6355975723622782
1286,0.0006788513591883778,True,False,False,0.5378151260504201
1287,0.003225018622884356,True,False,False,0.5294117647058824
1288,1.0,True,False,False,0.4888888888888889
1289,1.0,False,True,False,0.5085901027077497
1290,1.0,True,False,False,0.47016806722689075
1291,1.0,False,False,False,0.45364145658263305
1292,1.0,True,False,False,0.42133520074696545
1293,1.0,True,True,False,0.4877217553688142
1294,1.0,False,True,False,0.4166666666666667
1295,0.402385062313819,True,False,False,0.5042016806722689
1296,1.0,True,False,False,0.5
1297,1.0,True,False,False,0.46820728291316527
1298,0.0006494804020246701,True,True,True,0.5436507936507936
1299,1.0,True,False,False,0.5
1300,1.0,True,False,False,0.5
1301,0.046330335161663884,False,True,False,0.550373482726424
1302,1.0,False,True,False,0.44133986928104574
1303,0.02436075333503935,True,True,True,0.5542950513538749
1304,1.16873387547485e-06,False,True,False,0.6692810457516339
1305,1.0,True,True,False,0.4722455648926237
1306,1.0,False,False,False,0.45555555555555555
1307,1.0,False,True,False,0.4252801120448179
1308,1.0,False,True,False,0.4895424836601307
1309,1.1867678696669478e-06,False,True,False,0.6569561157796452
1310,1.0,False,True,False,0.3652894491129785
1311,1.0,True,False,False,0.49722222222222223
1312,1.0,False,True,False,0.4176470588235294
1313,1.0,False,True,False,0.400046685340803
1314,1.0,True,False,False,0.4527777777777778
1315,1.0,False,True,False,0.40784313725490196
1316,1.0,True,False,False,0.5
1317,1.0,False,True,False,0.40144724556489264
1318,2.189751492730549e-16,True,True,True,0.72296918767507
1319,1.0,True,False,False,0.5
1320,1.0,True,False,False,0.4932072829131653
1321,1.0,False,True,False,0.4403361344537815
1322,1.0,False,True,False,0.33211951447245563
1323,1.0,False,True,False,0.43860877684407096
1324,0.519737793119339,True,True,False,0.5182539682539683
1325,1.6002858747396618e-05,False,True,False,0.6135387488328665
1326,1.0,False,True,False,0.4605975723622782
1327,1.0,True,False,False,0.49444444444444446
1328,0.1744035009289281,True,False,False,0.5084033613445378
1329,1.0,True,False,False,0.5
1330,1.0,True,False,False,0.5014005602240896
1331,1.0,False,False,False,0.43333333333333335
1332,1.0,False,True,False,0.365219421101774
1333,1.0,False,True,False,0.4408029878618114
1334,8.076680686097714e-05,True,True,True,0.6002100840336134
1335,1.0,True,True,False,0.44915966386554623
1336,1.0,True,False,False,0.5
1337,1.0,True,False,False,0.5
1338,1.0,False,False,False,0.43151260504201683
1339,0.04788441930163772,True,False,False,0.5427637721755368
1340,1.0,True,False,False,0.4444444444444444
1341,0.007674166214196204,True,True,True,0.5528478057889823
1342,1.0,False,True,False,0.48524743230625583
1343,0.00034468316824393157,True,True,True,0.5677404295051354
1344,0.03415432262281112,True,False,False,0.5168067226890757
1345,3.120781831034761e-07,True,True,True,0.6356676003734827
1346,1.0,False,True,False,0.37931839402427636
1347,1.0,True,False,False,0.49722222222222223
1348,1.0,False,False,False,0.4349673202614379
1349,1.0,True,False,False,0.4369747899159664
1350,1.0,True,False,False,0.47161531279178337
1351,1.0,False,True,False,0.3869747899159664
1352,0.30379683781464223,True,False,False,0.5097572362278244
1353,1.0,False,False,False,0.47801120448179274
1354,1.0,False,True,False,0.36841736694677873
1355,0.402385062313819,True,False,False,0.5042016806722689
1356,0.0006426888508443507,True,True,True,0.5436974789915966
1357,1.0,False,False,False,0.33401027077497664
1358,0.0066835450648695,False,True,False,0.5696545284780579
1359,1.0,True,False,False,0.5042016806722689
1360,1.0,False,True,False,0.430905695611578
1361,1.3183835757531683e-06,True,True,True,0.6018674136321195
1362,1.0,False,True,False,0.4099906629318394
1363,0.03415432262281112,True,False,False,0.5168067226890757
1364,0.1744035009289281,True,False,False,0.5084033613445378
1365,0.00016550609248879242,False,True,False,0.6057889822595705
1366,1.0,False,True,False,0.3726423902894491
1367,0.7898489103775727,True,True,False,0.5134920634920634
1368,1.0,True,False,False,0.5
1369,1.0,True,False,False,0.49444444444444446
1370,1.0,True,False,False,0.5
1371,1.0,False,True,False,0.4683706816059757
1372,1.0,True,False,False,0.49722222222222223
1373,1.0,False,True,False,0.4402427637721755
1374,0.8998431067718923,True,True,False,0.5059290382819794
1375,0.011899421817345782,True,False,False,0.5423902894491129
1376,1.5196202739089124e-08,False,True,False,0.6564425770308123
1377,5.911802970156879e-07,True,True,True,0.6301120448179272
1378,1.0,True,False,False,0.49444444444444446
1379,1.0,False,False,False,0.4161531279178338
1380,1.0,True,False,False,0.49722222222222223
1381,1.0,True,True,False,0.45901027077497664
1382,1.0,True,False,False,0.4638888888888889
1383,4.436144424185014e-07,False,True,False,0.6339169000933706
1384,1.0,True,True,False,0.4871848739495798
1385,1.0,True,False,False,0.5
1386,1.0,True,False,False,0.4888888888888889
1387,1.0,False,False,False,0.4181139122315593
1388,0.8455035497386915,False,True,False,0.5161531279178339
1389,1.0,False,True,False,0.4031279178338002
1390,1.0,True,False,False,0.5
1391,3.899842632493549e-12,True,True,True,0.6951213818860877
1392,0.6052097021882071,True,True,False,0.5084733893557423
1393,3.3300806517214687e-06,False,True,False,0.6238095238095238
1394,0.0015489363002514737,True,False,False,0.5390522875816993
1395,1.0,False,True,False,0.38599439775910366
1396,1.0,True,False,False,0.4666666666666667
1397,1.0,True,False,False,0.5
1398,0.014115547999946588,True,True,True,0.526797385620915
1399,1.0,False,True,False,0.45765639589169
1400,2.644985341637183e-09,True,True,True,0.6617180205415499
1401,1.0,False,True,False,0.41867413632119516
1402,1.0,True,True,False,0.3853874883286648
1403,1.0,False,True,False,0.40863678804855275
1404,6.389220436930019e-06,True,True,True,0.5630252100840336
1405,0.5022117467283798,False,True,False,0.5218487394957984
1406,1.0,False,True,False,0.38559757236227826
1407,1.0,False,True,False,0.3629318394024276
1408,4.051846468872672e-12,True,True,True,0.6764705882352942
1409,1.126590735522229e-10,False,True,False,0.6858543417366947
1410,1.0,True,False,False,0.49444444444444446
1411,0.003225018622884356,True,True,True,0.5294117647058824
1412,1.3492243170307397e-05,True,True,True,0.5588235294117647
1413,6.389220436930019e-06,True,True,True,0.5630252100840336
1414,0.05854198838567626,False,True,False,0.5496031746031746
1415,1.0,False,False,False,0.3753034547152194
1416,1.0,True,True,False,0.4958216619981326
1417,1.0,False,False,False,0.421078431372549
1418,0.402385062313819,True,False,False,0.5042016806722689
1419,0.003225018622884356,True,True,True,0.5294117647058824
1420,0.22738245371765256,True,True,False,0.5256302521008404
1421,1.0,True,False,False,0.4888888888888889
1422,1.0,True,True,False,0.45896358543417365
1423,1.0,False,True,False,0.4785714285714286
1424,9.498537417042509e-09,True,True,True,0.6544351073762839
1425,0.07509402543611444,False,True,False,0.5445845004668534
1426,1.0,False,False,False,0.4556489262371615
1427,1.0,False,True,False,0.47282913165266105
1428,1.0,False,True,False,0.3815359477124183
1429,1.0,False,True,False,0.46517273576097107
1430,1.0,True,False,False,0.48856209150326796
1431,0.00011518790615838748,True,True,True,0.5947245564892624
1432,1.0,True,False,False,0.4444444444444444
1433,1.0,True,True,False,0.5056489262371615
1434,1.0,True,True,False,0.49379084967320264
1435,1.0,True,False,False,0.5
1436,0.3379407354258509,True,True,False,0.5130252100840336
1437,9.847503651953888e-07,False,True,False,0.6314659197012138
1438,1.0,False,False,False,0.4602707749766573
1439,0.0358724294938179,True,True,True,0.5429738562091503
1440,1.0,True,True,False,0.4993230625583567
1441,1.0,False,True,False,0.44094304388422034
1442,1.0,True,False,False,0.5
1443,0.026628893830165534,True,True,True,0.5451213818860877
1444,1.0,True,False,False,0.49299719887955185
1445,1.0,True,True,False,0.49453781512605044
1446,1.0,True,False,False,0.5014005602240896
1447,0.5689940148658046,True,False,False,0.5100840336134453
1448,0.008157818211009847,False,True,False,0.5802987861811392
1449,0.7342034858381544,False,True,False,0.5172035480859011
1450,1.0,True,False,False,0.5
1451,1.0,True,False,False,0.5
1452,0.486202908985814,True,True,False,0.5170868347338936
1453,1.0,True,False,False,0.49722222222222223
1454,0.6052097021882071,True,True,False,0.505578898225957
1455,0.06531418565912331,True,True,False,0.5183006535947713
1456,1.0,False,True,False,0.40256769374416435
1457,1.0,False,False,False,0.4444444444444444
1458,1.0,False,True,False,0.42100840336134454
1459,5.8814092168391e-05,True,True,True,0.5562791783380019
1460,1.3492243170307397e-05,True,True,True,0.5588235294117647
1461,1.0,False,True,False,0.41045751633986927
1462,2.4162213553612244e-07,True,True,True,0.6806956115779645
1463,1.0,True,False,False,0.5
1464,1.0,True,True,False,0.5069094304388422
1465,1.3096043995327553e-05,False,True,False,0.6149393090569562
1466,0.6052097021882071,True,True,False,0.5140056022408963
1467,1.0,True,True,False,0.47992530345471524
1468,1.0,False,False,False,0.421125116713352
1469,1.039748817123087e-15,True,True,True,0.686391223155929
1470,5.964784388507148e-07,True,True,True,0.5864612511671335
1471,1.0,False,True,False,0.4788982259570495
1472,0.03415432262281112,True,False,False,0.5168067226890757
1473,1.0,True,False,False,0.4400093370681606
1474,1.0,False,True,False,0.4106909430438842
1475,1.0,True,True,False,0.496125116713352
1476,1.0,True,False,False,0.4860410830999066
1477,4.6351692038268105e-09,False,True,False,0.6650326797385621
1478,1.0,True,True,False,0.48592436974789915
1479,2.259289764184186e-22,True,True,True,0.747922502334267
1480,1.0,True,True,False,0.49042950513538747
1481,0.030838088806561935,True,True,True,0.5225256769374417
1482,1.0,True,False,False,0.48333333333333334
1483,0.17586496791860795,True,True,False,0.5154995331465919
1484,1.0,True,False,False,0.5
1485,1.0,True,False,False,0.49722222222222223
1486,1.0,False,True,False,0.48711484593837534
1487,1.0,False,True,False,0.4516339869281046
1488,0.0905961491893291,True,True,False,0.519561157796452
1489,8.59330410943546e-07,True,True,True,0.6290382819794584
1490,1.0,False,False,False,0.44166666666666665
1491,1.0,False,True,False,0.4178104575163399
1492,1.0,False,True,False,0.3757236227824463
1493,1.0,False,False,False,0.41484593837535017
1494,1.0,True,False,False,0.4527777777777778
1495,1.0,True,False,False,0.45859010270774975
1496,1.0,False,True,False,0.36755368814192346
1497,1.0,False,False,False,0.425
1498,1.4601470624714958e-05,False,True,False,0.6161064425770308
1499,1.0,True,False,False,0.49444444444444446
1500,0.402385062313819,True,False,False,0.5042016806722689
1501,1.0,True,False,False,0.5
1502,1.0,True,True,False,0.4890989729225023
1503,1.0,True,False,False,0.5
1504,1.0,True,False,False,0.5
1505,1.0,False,True,False,0.3739495798319328
1506,1.0,True,False,False,0.45
1507,1.0,False,True,False,0.41055088702147524
1508,1.0,False,True,False,0.4195611577964519
1509,1.0,False,True,False,0.41596638655462187
1510,1.0,False,True,False,0.4458683473389356
1511,8.52904667621185e-06,True,True,True,0.617203548085901
1512,1.0,False,True,False,0.38832866479925304
1513,9.013011208933799e-08,True,True,True,0.6536181139122316
1514,7.289386235738373e-05,False,True,False,0.6145658263305322
1515,1.0,False,True,False,0.4950046685340803
1516,1.0,True,True,False,0.48244631185807657
1517,1.0,False,True,False,0.4626984126984127
1518,1.0,True,False,False,0.453781512605042
1519,1.0,True,False,False,0.4789915966386555
1520,0.02961700307069518,True,True,True,0.5464052287581699
1521,0.008157818211009847,False,True,False,0.5679971988795518
1522,1.0,True,False,False,0.46944444444444444
1523,1.0,True,False,False,0.494281045751634
1524,1.0,True,True,False,0.5033846872082166
1525,7.134376650575045e-09,False,True,False,0.6573762838468721
1526,1.0,True,False,False,0.5
1527,1.0,True,False,False,0.49166666666666664
1528,0.503636885995675,True,True,False,0.5120214752567693
1529,1.0,True,False,False,0.5
1530,0.0003831145880683508,False,True,False,0.6168534080298786
1531,1.0,True,False,False,0.49442110177404297
1532,0.015442648912960159,True,True,True,0.5210084033613446
1533,1.0,True,False,False,0.5
1534,1.0,True,False,False,0.5
1535,0.402385062313819,True,False,False,0.5042016806722689
1536,6.389220436930019e-06,True,True,True,0.5630252100840336
1537,0.07509402543611444,True,False,False,0.5126050420168067
1538,1.0,False,True,False,0.42282913165266106
1539,1.0,True,False,False,0.49267040149393093
1540,8.522687345326985e-14,True,True,True,0.696078431372549
1541,1.0,True,True,False,0.4815592903828198
1542,7.753336762634072e-06,True,True,True,0.5898459383753502
1543,0.9076408876298923,True,False,False,0.5083800186741363
1544,1.0,False,True,False,0.42203548085901027
1545,1.0,True,False,False,0.48055555555555557
1546,0.11438148484354527,False,True,False,0.5388655462184874
1547,3.541146650898395e-05,False,True,False,0.6089169000933706
1548,1.0,True,False,False,0.4632119514472456
1549,0.11601695720050234,True,True,False,0.5395658263305322
1550,1.0,True,False,False,0.49444444444444446
1551,1.0,True,True,False,0.47623716153127915
1552,1.0,False,False,False,0.4154295051353875
1553,1.0,True,False,False,0.4542016806722689
1554,1.0,True,False,False,0.5
1555,1.0,True,True,False,0.49983660130718954
1556,1.0,True,False,False,0.4861111111111111
1557,1.0,False,True,False,0.4223856209150327
1558,0.07509402543611444,True,True,False,0.5126050420168067
1559,1.0,True,True,False,0.4237161531279178
1560,0.003387981084258804,True,True,True,0.5422735760971055
1561,1.0,True,False,False,0.4722222222222222
1562,1.0,True,False,False,0.5
1563,8.59330410943546e-07,True,True,True,0.6313725490196078
1564,1.0,False,False,False,0.4069561157796452
1565,1.0,True,True,False,0.4603174603174603
1566,0.06453416392694859,True,True,False,0.5183473389355743
1567,1.0,True,False,False,0.5
1568,1.0,False,True,False,0.41209150326797384
1569,0.03256552238828205,True,True,True,0.5223389355742297
1570,1.0,True,False,False,0.5
1571,0.20198939411436365,True,False,False,0.5213818860877685
1572,1.0,True,False,False,0.4583333333333333
1573,0.910025199101081,True,False,False,0.5057889822595705
1574,1.0,True,False,False,0.5
1575,1.0,False,True,False,0.41237161531279176
1576,1.0,True,True,False,0.5012371615312792
1577,1.0,True,False,False,0.4225957049486461
1578,1.0,False,False,False,0.3388888888888889
1579,1.0,True,False,False,0.5067226890756302
1580,1.0,True,False,False,0.49715219421101775
1581,5.840739091675139e-21,True,True,True,0.7436507936507937
1582,1.0,True,False,False,0.49722222222222223
1583,0.00015756805205947757,False,True,False,0.6203548085901027
1584,0.015442648912960159,True,True,True,0.5210084033613446
1585,2.1536272841818176e-06,False,True,False,0.6275443510737628
1586,1.0,False,True,False,0.3878151260504202
1587,1.0,False,True,False,0.3535247432306256
1588,1.0,True,False,False,0.5
1589,1.0,False,True,False,0.44061624649859943
1590,1.0,True,True,False,0.43478057889822597
1591,1.607670839380242e-05,True,True,True,0.6067693744164332
1592,1.0,False,True,False,0.3430905695611578
1593,0.04723401176687268,True,False,False,0.5236694677871149
1594,1.0,True,False,False,0.5
1595,0.402385062313819,True,False,False,0.5042016806722689
1596,1.0,True,False,False,0.5
1597,1.0,True,False,False,0.5
1598,1.0,True,True,False,0.4896358543417367
1599,1.0,False,True,False,0.3266573295985061
1600,1.0,False,False,False,0.46790382819794585
1601,1.0,True,True,False,0.4535480859010271
1602,1.0,False,True,False,0.42014472455648927
1603,1.0,False,True,False,0.39253034547152194
1604,1.0,True,False,False,0.49722222222222223
1605,0.04193862713192814,True,False,False,0.5318394024276377
1606,0.03499763887349945,False,True,False,0.552264239028945
1607,1.0,False,True,False,0.4831932773109244
1608,1.0,True,True,False,0.4738562091503268
1609,1.0,False,False,False,0.44722222222222224
1610,1.0,True,False,False,0.5
1611,1.0,False,True,False,0.395985060690943
1612,1.0,False,True,False,0.3143090569561158
1613,1.0,True,False,False,0.5
1614,1.0,False,True,False,0.47838468720821664
1615,1.0,True,False,False,0.475
1616,1.0,False,True,False,0.41638655462184876
1617,1.0,True,False,False,0.5014005602240896
1618,1.0,True,False,False,0.5
1619,1.0,True,False,False,0.5
1620,1.0,False,True,False,0.40518207282913166
1621,1.0,True,False,False,0.5014472455648926
1622,1.0,False,True,False,0.41360877684407094
1623,1.0,False,False,False,0.4425770308123249
1624,0.9857507312741406,False,True,False,0.5165266106442578
1625,1.3719383612236337e-21,True,True,True,0.7338235294117647
1626,0.402385062313819,True,False,False,0.5042016806722689
1627,0.00787516712171727,False,True,False,0.5838468720821662
1628,1.0,False,True,False,0.496218487394958
1629,1.0,False,True,False,0.438375350140056
1630,1.0,True,False,False,0.5
1631,1.0,True,True,False,0.45634920634920634
1632,0.0013855406577778571,True,True,True,0.5471988795518208
1633,1.0,False,False,False,0.3380485527544351
1634,1.0,False,False,False,0.5028011204481793
1635,1.0,True,False,False,0.4999299719887955
1636,1.0,True,False,False,0.49722222222222223
1637,1.0,True,False,False,0.48333333333333334
1638,1.0,False,False,False,0.44722222222222224
1639,1.0,True,False,False,0.5
1640,1.0,True,False,False,0.4666666666666667
1641,0.0009526758686935078,True,True,True,0.5899159663865546
1642,1.0,False,False,False,0.3337068160597572
1643,1.0,True,False,False,0.49722222222222223
1644,1.0,True,True,False,0.4862278244631186
1645,0.07509402543611444,True,False,False,0.5126050420168067
1646,0.1744035009289281,True,False,False,0.5155929038281979
1647,1.0,True,False,False,0.4583333333333333
1648,1.0,True,True,False,0.45704948646125115
1649,0.8983253808620175,True,True,False,0.5059757236227824
1650,1.0,True,False,False,0.5
1651,1.0,True,False,False,0.47324929971988794
1652,1.0,True,False,False,0.49257703081232496
1653,1.0,True,False,False,0.5
1654,1.0,True,False,False,0.48587768440709617
1655,1.0,True,True,False,0.49493464052287583
1656,0.0023153951034897403,True,True,True,0.5409430438842203
1657,1.0,False,False,False,0.4444444444444444
1658,1.0,True,False,False,0.5
1659,1.0,True,False,False,0.49722222222222223
1660,0.402385062313819,True,False,False,0.5042016806722689
1661,0.18601411674836935,True,True,False,0.526844070961718
1662,1.0,False,True,False,0.37675070028011204
1663,1.0,True,False,False,0.49722222222222223
1664,1.0,True,False,False,0.49722222222222223
1665,1.0,True,False,False,0.44722222222222224
1666,1.0,True,False,False,0.42777777777777776
1667,0.003225018622884356,True,True,True,0.5294117647058824
1668,1.0,False,False,False,0.4668534080298786
1669,1.0,False,True,False,0.3640989729225023
1670,1.0,True,False,False,0.5
1671,1.0,False,True,False,0.4146591970121382
1672,0.014115547999946588,True,False,False,0.526797385620915
1673,1.0,True,False,False,0.49722222222222223
1674,1.0,False,False,False,0.453781512605042
1675,3.0203457447951687e-06,True,True,True,0.5672268907563025
1676,1.0,True,False,False,0.5
1677,1.0,True,False,False,0.4861111111111111
1678,0.6748639716881792,True,False,False,0.5210550887021476
1679,3.054964870889952e-05,True,True,True,0.5948646125116713
1680,0.07509402543611444,True,True,False,0.5126050420168067
1681,1.0,True,False,False,0.4650326797385621
1682,0.00014877950392090493,True,True,True,0.559733893557423
1683,1.0,False,True,False,0.4068860877684407
1684,1.0,True,False,False,0.49166666666666664
1685,1.0,True,False,False,0.49444444444444446
1686,0.26865067708360496,False,True,False,0.5381419234360411
1687,1.0,True,False,False,0.5
1688,1.0,True,False,False,0.5
1689,0.0014775674798267857,True,True,True,0.5336134453781513
1690,1.0,False,True,False,0.32670401493930906
1691,1.0,False,False,False,0.42857142857142855
1692,1.0,True,False,False,0.5
1693,1.0,False,True,False,0.4722689075630252
1694,1.0,True,False,False,0.5014005602240896
1695,1.0,True,False,False,0.4527777777777778
1696,1.0,True,False,False,0.48298319327731093
1697,0.08679018220420442,True,True,False,0.5197478991596639
1698,1.0,True,False,False,0.49444444444444446
1699,1.0,False,True,False,0.3963585434173669
1700,0.33753652452163296,True,False,False,0.511344537815126
1701,0.402385062313819,True,False,False,0.5042016806722689
1702,1.0,False,True,False,0.4004668534080299
1703,1.0,True,True,False,0.4645658263305322
1704,1.0,False,True,False,0.4201213818860878
1705,6.389220436930019e-06,True,True,True,0.5630252100840336
1706,1.0,False,True,False,0.4365546218487395
1707,0.07698527931046595,True,False,False,0.5274276377217554
1708,1.0,True,False,False,0.5
1709,1.0,True,False,False,0.5
1710,1.3492243170307397e-05,True,True,True,0.5588235294117647
1711,1.0,True,False,False,0.4722222222222222
1712,1.0,True,False,False,0.4888888888888889
1713,1.0,True,False,False,0.45522875816993463
1714,1.0,False,True,False,0.4549953314659197
1715,1.0,True,False,False,0.5
1716,1.0,True,True,False,0.4997198879551821
1717,0.00024004143811190345,True,True,True,0.569327731092437
1718,1.0,True,False,False,0.5
1719,1.0,True,False,False,0.49166666666666664
1720,3.632355184512784e-07,True,True,True,0.6357609710550887
1721,1.0,True,False,False,0.5
1722,1.0,False,False,False,0.4444444444444444
1723,0.00031247072470035416,True,True,True,0.542016806722689
1724,1.0,False,True,False,0.39243697478991596
1725,1.0,True,False,False,0.49206349206349204
1726,0.0006426888508443507,True,True,True,0.5436974789915966
1727,1.0,True,True,False,0.4917833800186741
1728,1.0,True,False,False,0.5
1729,1.0,True,False,False,0.4440709617180205
1730,1.0,True,False,False,0.4887254901960784
1731,0.008668457236218908,True,False,False,0.5395891690009337
1732,1.0,True,True,False,0.3926003734827264
1733,1.0,False,True,False,0.3362044817927171
1734,1.0,False,True,False,0.4733426704014939
1735,1.0,True,False,False,0.45555555555555555
1736,1.0,True,False,False,0.5
1737,1.0,False,True,False,0.4142390289449113
1738,1.0,False,True,False,0.3677871148459384
1739,1.0,True,False,False,0.5027544351073763
1740,1.0,True,False,False,0.5029411764705882
1741,1.0,True,False,False,0.5
1742,0.08871446716702049,False,True,False,0.5464052287581699
1743,1.0,False,True,False,0.40978057889822594
1744,1.0,False,True,False,0.4681605975723623
1745,1.0,False,True,False,0.42432306255835667
1746,1.0100508566833914e-06,True,True,True,0.6355975723622782
1747,1.0,False,True,False,0.41321195144724554
1748,0.07509402543611444,True,False,False,0.5126050420168067
1749,1.0,False,True,False,0.4064892623716153
1750,1.0,False,True,False,0.4246498599439776
1751,1.0,True,True,False,0.4947478991596639
1752,9.789295168578707e-06,False,True,False,0.6388422035480859
1753,1.0,False,True,False,0.465499533146592
1754,1.0,True,True,False,0.5029411764705882
1755,1.0,True,False,False,0.48333333333333334
1756,1.0,False,True,False,0.32831465919701214
1757,0.8303471815999212,True,False,False,0.5130252100840336
1758,0.6052097021882071,True,False,False,0.505578898225957
1759,1.0,True,False,False,0.5
1760,1.0,False,True,False,0.41722689075630254
1761,1.0,False,False,False,0.4444444444444444
1762,0.022197072014675332,False,False,False,0.565406162464986
1763,1.0,True,False,False,0.5
1764,1.0,False,False,False,0.3996965452847806
1765,1.0,True,False,False,0.5014472455648926
1766,0.002896781731906146,True,False,False,0.5492063492063493
1767,1.0,True,True,False,0.43060224089635857
1768,1.0,True,False,False,0.5
1769,1.0,True,False,False,0.4777777777777778
1770,1.0,True,False,False,0.503874883286648
1771,0.0015639426061250317,True,True,True,0.5777310924369747
1772,1.0,True,False,False,0.49159663865546216
1773,1.0,True,False,False,0.5
1774,1.0,True,True,False,0.48853874883286647
1775,0.24559422790745816,True,True,False,0.5245098039215687
1776,0.6739055034837691,True,True,False,0.5107843137254902
1777,1.0,False,True,False,0.41050420168067225
1778,1.0,True,False,False,0.4305555555555556
1779,1.0,True,False,False,0.5
1780,1.0,False,False,False,0.44159663865546217
1781,1.0,True,False,False,0.5
1782,1.0,True,True,False,0.5042483660130719
1783,1.0,False,True,False,0.4541549953314659
1784,1.0,False,False,False,0.4481792717086835
1785,1.0,False,True,False,0.39012605042016807
1786,4.204746675217726e-05,False,True,False,0.6105508870214753
1787,1.0,False,False,False,0.46563958916900094
1788,1.0,True,False,False,0.4527777777777778
1789,9.595388653723583e-06,False,True,False,0.6377684407096171
1790,1.0,False,True,False,0.4858076563958917
1791,1.0,False,True,False,0.3412464985994398
1792,0.0014775674798267857,True,True,True,0.5336134453781513
1793,1.0,False,False,False,0.41125116713352006
1794,0.1744035009289281,True,False,False,0.5084033613445378
1795,0.0014775674798267857,True,True,True,0.5336134453781513
1796,1.0,True,True,False,0.5058356676003735
1797,1.0,True,True,False,0.47679738562091506
1798,1.0,False,True,False,0.3711951447245565
1799,0.09668370930903135,True,True,False,0.5399159663865546
1800,1.0,False,True,False,0.36839402427637724
1801,1.0,True,False,False,0.49722222222222223
1802,3.3300806517214687e-06,True,True,True,0.6159663865546219
1803,1.0,False,True,False,0.39318394024276376
1804,1.0,False,True,False,0.4373015873015873
1805,0.10082131287912298,True,True,False,0.5212885154061625
1806,0.07698527931046595,False,True,False,0.544234360410831
1807,1.0,True,False,False,0.5
1808,1.0,True,True,False,0.4838935574229692
1809,1.0,False,True,False,0.34705882352941175
1810,2.9384662001429185e-18,True,True,True,0.730812324929972
1811,0.14248567616105615,True,False,False,0.5139822595704948
1812,1.0,False,True,False,0.41867413632119516
1813,2.5221190642585053e-05,True,True,True,0.6179271708683474
1814,1.0,True,False,False,0.49722222222222223
1815,1.54055270719672e-09,False,True,False,0.6658263305322129
1816,0.402385062313819,True,False,False,0.5042016806722689
1817,1.0,True,True,False,0.44607843137254904
1818,1.0,True,False,False,0.5
1819,0.2841055428871078,True,False,False,0.5207749766573296
1820,1.0,False,False,False,0.453781512605042
1821,1.0,False,True,False,0.3704481792717087
1822,3.115835753546897e-06,False,True,False,0.6256302521008403
1823,1.0,True,True,False,0.4284780578898226
1824,1.0,True,False,False,0.4902427637721755
1825,1.0,True,False,False,0.49094304388422033
1826,0.06295713392406449,True,True,False,0.5485060690943044
1827,1.0,False,True,False,0.4343370681605976
1828,1.0,True,False,False,0.49722222222222223
1829,1.0,True,False,False,0.45
1830,6.937678398522517e-07,False,True,False,0.6375350140056022
1831,1.0,False,True,False,0.48396358543417367
1832,1.0,True,False,False,0.49444444444444446
1833,1.0,False,True,False,0.44948646125116715
1834,1.0,False,False,False,0.4474789915966387
1835,1.0,True,True,False,0.48057889822595706
1836,1.0,False,True,False,0.4083566760037348
1837,2.1536272841818176e-06,True,True,True,0.6260737628384687
1838,1.0,False,True,False,0.35051353874883284
1839,1.0,False,True,False,0.3996265172735761
1840,1.0,True,False,False,0.5
1841,1.0,False,True,False,0.43515406162464987
1842,1.0897809751358817e-10,True,False,False,0.6700980392156862
1843,1.0,False,False,False,0.44537815126050423
1844,1.0,True,False,False,0.49722222222222223
1845,1.0,True,False,False,0.49722222222222223
1846,0.042114978469233545,True,True,True,0.5241363211951447
1847,0.03415432262281112,True,False,False,0.5168067226890757
1848,1.0,False,False,False,0.43223622782446314
1849,1.0,True,False,False,0.4788982259570495
1850,1.0,True,False,False,0.5
1851,0.014251402688402776,True,True,True,0.5267507002801121
1852,0.0006365519444279642,False,True,False,0.5875350140056023
1853,1.0,True,True,False,0.47978524743230627
1854,1.0,False,True,False,0.4073529411764706
1855,9.485517025976689e-09,True,True,True,0.6788982259570495
1856,1.0,False,False,False,0.4550653594771242
1857,1.0,True,True,False,0.47124183006535947
1858,0.323032317202636,True,True,False,0.526890756302521
1859,1.0,True,False,False,0.49722222222222223
1860,1.0,True,False,False,0.5
1861,1.0,False,True,False,0.46568627450980393
1862,1.0,True,False,False,0.49722222222222223
1863,1.0,True,False,False,0.49166666666666664
1864,1.0,True,True,False,0.4019607843137255
1865,0.021551599019285543,True,True,True,0.5281979458450047
1866,1.0,True,False,False,0.5
1867,1.0,False,True,False,0.43256302521008405
1868,0.8145612621726971,True,False,False,0.5082633053221288
1869,1.0,True,False,False,0.46111111111111114
1870,1.0,False,True,False,0.384733893557423
1871,1.0,False,True,False,0.3604108309990663
1872,1.0,True,False,False,0.49722222222222223
1873,1.0,False,False,False,0.4174603174603175
1874,1.0,True,False,False,0.49166666666666664
1875,0.0002802825914207663,False,True,False,0.596265172735761
1876,1.0,True,True,False,0.4411764705882353
1877,1.0,True,False,False,0.5
1878,1.0,False,True,False,0.40452847805788983
1879,0.07509402543611444,True,False,False,0.5126050420168067
1880,0.6382514166493202,False,True,False,0.5213818860877685
1881,1.0,True,False,False,0.49166666666666664
1882,1.0,True,False,False,0.4861111111111111
1883,1.0,True,True,False,0.46190476190476193
1884,1.0,True,False,False,0.5084500466853408
1885,9.47590582849921e-10,False,True,False,0.6633520074696545
1886,1.0,True,False,False,0.49444444444444446
1887,1.0,False,True,False,0.4065359477124183
1888,1.0,True,False,False,0.5
1889,0.2538091731956144,True,False,False,0.5406629318394024
1890,1.0,True,False,False,0.48930905695611576
1891,1.0,False,True,False,0.4595238095238095
1892,1.0,True,False,False,0.49722222222222223
1893,0.0014799384832054389,True,True,True,0.5787348272642391
1894,1.3492243170307397e-05,True,True,True,0.5588235294117647
1895,1.0,True,False,False,0.49722222222222223
1896,1.0,True,False,False,0.5
1897,1.0,False,False,False,0.44722222222222224
1898,1.0,False,True,False,0.3307422969187675
1899,1.0,True,False,False,0.4987861811391223
1900,0.402385062313819,True,False,False,0.5042016806722689
1901,1.0,True,False,False,0.5
1902,0.19856566628429503,True,True,False,0.5168300653594772
1903,0.13860515953189026,True,True,False,0.5362511671335201
1904,6.972265050041245e-07,False,True,False,0.6316059757236228
1905,1.0,True,True,False,0.44045284780578897
1906,1.0,True,False,False,0.4999299719887955
1907,1.0,True,False,False,0.4638888888888889
1908,1.0,True,False,False,0.4496031746031746
1909,1.0,False,True,False,0.4241830065359477
1910,1.0,False,True,False,0.4054154995331466
1911,1.0,False,True,False,0.423062558356676
1912,1.0,True,False,False,0.5
1913,1.0,True,False,False,0.5
1914,1.0,False,True,False,0.33583099906629316
1915,1.0,True,False,False,0.5
1916,0.18287274659630173,True,True,False,0.517296918767507
1917,1.0,True,True,False,0.49824929971988796
1918,1.0,True,False,False,0.5
1919,0.9161870336820239,True,True,False,0.5107609710550887
1920,1.0,False,True,False,0.3834733893557423
1921,6.461196023495932e-09,False,True,False,0.6750700280112045
1922,1.0,False,True,False,0.4444444444444444
1923,1.0,False,False,False,0.4027777777777778
1924,0.036987996778972146,True,True,True,0.5705182072829131
1925,1.318062487469544e-07,False,True,False,0.6454715219421102
1926,1.0,False,True,False,0.4208683473389356
1927,1.0,True,False,False,0.4388888888888889
1928,3.3653448380489136e-06,True,True,True,0.6132586367880486
1929,1.0,False,False,False,0.44635854341736697
1930,0.0027615145107441398,False,True,False,0.5918767507002801
1931,1.0,True,False,False,0.49722222222222223
1932,1.0,True,False,False,0.49722222222222223
1933,1.0,True,True,False,0.4350606909430439
1934,1.0,True,False,False,0.49444444444444446
1935,1.0,False,True,False,0.4117880485527544
1936,1.0,True,False,False,0.49295051353874886
1937,1.0,True,False,False,0.5
1938,1.0,True,True,False,0.5016806722689076
1939,1.0,True,True,False,0.4830065359477124
1940,1.0,True,True,False,0.4662464985994398
1941,1.0,True,False,False,0.48445378151260504
1942,1.0,False,True,False,0.40971055088702146
1943,1.0,True,False,False,0.49166666666666664
1944,1.0,True,False,False,0.5
1945,0.0006700788206584783,True,True,True,0.5435107376283846
1946,1.0,True,True,False,0.48295985060690944
1947,2.8219296981381783e-05,True,True,True,0.5546218487394958
1948,0.0007676398404404214,False,True,False,0.5842436974789916
1949,1.0,True,True,False,0.4579831932773109
1950,1.0,False,True,False,0.465406162464986
1951,1.0,False,True,False,0.4242296918767507
1952,0.402385062313819,True,False,False,0.5042016806722689
1953,1.0,False,False,False,0.41944444444444445
1954,1.0,True,False,False,0.5
1955,1.0,True,False,False,0.49337068160597575
1956,1.0,True,False,False,0.49169000933706813
1957,0.001016348179608449,True,True,True,0.597829131652661
1958,1.0,True,False,False,0.4527777777777778
1959,1.0,False,True,False,0.4080532212885154
1960,0.32065789779646975,True,True,False,0.5162464985994398
1961,1.0,True,False,False,0.4761204481792717
1962,4.9338066446053995e-09,False,True,False,0.6598972922502334
1963,0.0006700788206584783,True,True,True,0.5788515406162466
1964,0.009160490775086565,True,True,True,0.5802521008403362
1965,1.0,False,True,False,0.4095704948646125
1966,1.0,True,False,False,0.48333333333333334
1967,3.910458680144198e-06,False,True,False,0.6183473389355743
1968,1.0,True,False,False,0.49056956115779643
1969,0.402385062313819,True,False,False,0.5042016806722689
1970,1.0,True,False,False,0.46111111111111114
1971,1.0,False,True,False,0.4265172735760971
1972,1.0,False,True,False,0.3734360410830999
1973,3.7776911507725993e-07,True,True,True,0.6354808590102707
1974,1.0,True,False,False,0.5
1975,1.0,True,False,False,0.5
1976,1.0,False,True,False,0.36101774042950513
1977,0.003102929049000015,True,True,True,0.5351540616246498
1978,1.0,True,False,False,0.4484593837535014
1979,1.0,True,False,False,0.4204481792717087
1980,0.17586496791860795,True,True,False,0.5154995331465919
1981,1.0,False,True,False,0.3876283846872082
1982,1.0,True,False,False,0.48055555555555557
1983,1.0,True,False,False,0.5
1984,1.2560179651453556e-08,False,True,False,0.6573295985060691
1985,2.8219296981381783e-05,True,True,True,0.5546218487394958
1986,1.0,False,True,False,0.48286647992530346
1987,1.8959742895386259e-06,False,True,False,0.6296685340802988
1988,1.0,False,True,False,0.40336134453781514
1989,1.0,True,False,False,0.44281045751633985
1990,0.02083787414772388,True,True,True,0.5487861811391224
1991,0.004249107693728834,True,True,True,0.5484593837535015
1992,1.0,True,False,False,0.4651260504201681
1993,0.01746078766817347,False,False,False,0.5675536881419234
1994,1.0,False,True,False,0.4088702147525677
1995,1.0,True,True,False,0.46757703081232493
1996,1.0,True,False,False,0.4777777777777778
1997,0.31179664194441525,False,True,False,0.53265639589169
1998,1.0,True,True,False,0.4782212885154062
1999,1.0,False,True,False,0.42100840336134454
