k,old_cluster,old_patches,top1_cluster,top1_fraction,top3_fraction,top5_fraction,destinations_for_90pct,effective_destinations,fraction_in_selected_clusters,slide_mean_top5_fraction
100,0,41476,63,0.5239897772205613,0.9621950043398593,0.9975648567846466,3,2.5039298526438993,0.8654884752628026,0.9980240129486555
100,4,43498,19,0.8167042162858063,0.9690100694284796,0.9877695526231092,2,1.4610338248314687,0.8169571014759299,0.8576102339423398
100,5,261998,19,1.0,1.0,1.0,1,1.0,1.0,1.0
100,14,61718,19,0.6055769791632911,0.9935189085842056,0.9995625263294339,2,2.1464312046441205,0.6055931818918305,0.9925626696962643
100,21,51229,36,0.995373714107244,0.9994143941907904,0.999765757676316,1,1.0093070919512526,0.9965839661129439,0.9998469892087549
100,25,56609,36,0.80531364270699,0.9809217615573496,0.9979861859421647,2,1.4894481521742666,0.9538235969545479,0.798298824870215
100,29,36309,57,0.6281362747528161,0.9867525957751522,0.9938582720537609,2,2.0007079431593993,0.628163816133741,0.8351647465395412
100,42,20130,59,0.9284649776453056,0.9861897665176355,0.9952806756085445,1,1.157707365325922,0.00014903129657228018,0.8166668908745489
100,52,46457,19,0.3908560604429903,0.9869341541640657,0.9991820393051639,3,2.927630229274971,0.3908775857244334,0.9615209918350981
100,53,26508,9,0.4194205522861023,0.748415572657311,0.939263618530255,5,3.9822554981126914,0.0003017956843217142,0.8273725952705253
100,54,30687,32,0.9362922410141102,0.9775149085932153,0.9911037247042721,1,1.1393421721930688,0.9376934858409098,0.7640397267906018
100,55,14774,63,0.2867875998375525,0.7136185190198998,0.9377284418573169,5,4.850288571525837,0.4608772167320969,0.4835756347843637
100,62,107789,19,0.9974672740261066,0.999962890461921,0.9999907226154803,1,1.0050795299077713,0.997485828795146,0.9943181818181818
100,63,49771,32,0.9515983203070061,0.9978501537039642,0.9993972393562517,1,1.1029389123556252,0.9521809889292961,0.8105123708485209
100,65,26945,36,0.5008350343291891,0.9985526071627389,0.9994433104472071,2,2.012171283848811,0.9974763406940063,0.7975085067471808
100,67,179270,19,0.9997099347353154,0.9999553745746639,0.9999999999999999,1,1.000580347651701,0.9998214982986556,1.0
100,77,56668,36,0.9964000847038893,0.9986765017293711,0.9996117738406155,1,1.0072353951061388,0.9974059433895673,0.9995809234334907
100,81,22517,57,0.9989785495403473,0.9998223564417995,0.9999555891104498,1,1.0020455461107365,0.9989785495403473,0.9999945169426472
100,93,20825,63,0.8513805522208884,0.9572629051620648,0.9844897959183673,2,1.3649357156269937,0.853109243697479,0.7453215112370483
1000,0,41476,646,0.38111196836724853,0.6650593114090076,0.7837062397531103,8,4.902006482339452,0.993875976468319,0.63242687536907
1000,4,43498,13,0.6098671203273713,0.9585038392569774,0.9841372017104235,2,2.136671861484251,0.9599291921467654,0.8299976802248893
1000,5,261998,200,0.9691906045084313,0.9999732822387957,0.9999961831769708,1,1.0640513387997044,1.0,0.9970149253731343
1000,14,61718,191,0.5076962960562559,0.990002916491137,0.9968728733918791,3,2.509894624899179,0.5123788846041674,0.9676171576572453
1000,21,51229,906,0.6438150266450643,0.862226473286615,0.9620722637568565,4,2.2471511489456844,0.9999414394190791,0.6954501452814879
1000,25,56609,132,0.44482326131887157,0.8004557579183522,0.9307707255030119,5,3.6727562105560976,0.9959193767775442,0.4607835962646775
1000,29,36309,929,0.42807568371478144,0.7679087829463769,0.861962598804704,7,3.894233325731908,0.965848687653199,0.4308969863848404
1000,42,20130,279,0.6055141579731743,0.957277694982613,0.98301043219076,2,2.0843055100268555,0.004619970193740686,0.8195937186800358
1000,52,46457,745,0.4861700066728373,0.7443227070193944,0.8778440278106637,6,3.534444511982601,0.13203607637169856,0.7550708578037726
1000,53,26508,642,0.5932171419948695,0.9158367285347819,0.9412630149388864,3,2.445204616686092,0.5939339067451336,0.7194179667497154
1000,54,30687,518,0.5720337602241992,0.9581581777299834,0.9782969987291035,3,2.471886186491063,0.9781340632841268,0.4020504777121401
1000,55,14774,346,0.19256802490862326,0.4549208068227968,0.6015974008393123,20,10.83936054494198,0.8449979694057127,0.21883058261573948
1000,62,107789,633,0.37388787353069425,0.9710823924519201,0.9943779049810278,3,3.127142049761305,0.9766488231637737,0.9431608205990478
1000,63,49771,518,0.7046673765847582,0.987683590846075,0.9973880372104237,2,1.834833185799578,0.989411504691487,0.5362292496238328
1000,65,26945,34,0.7235850807199852,0.8934867322323251,0.9402857673037669,4,1.8408926179631215,0.9991464093523845,0.2842640913350007
1000,67,179270,633,0.39631282423160596,0.9982428738773917,0.9998159201204888,3,2.8124621825576606,0.999966530930998,0.9170402503044393
1000,77,56668,672,0.2867226653490506,0.6849721183030988,0.8755558692736642,6,5.290461018367653,1.0,0.763184762221097
1000,81,22517,564,0.39654483279300085,0.8842208109428432,0.9805480303770485,4,3.4887693947623837,0.998490029755296,0.8008227443462929
1000,93,20825,628,0.7272509003601441,0.8169027611044417,0.878079231692677,6,1.864517267316906,0.9819927971188476,0.12632711204596395
2000,0,41476,572,0.16264827852251904,0.4086941845886778,0.5688832095669785,17,12.070327944035665,0.996624553958916,0.520555319271964
2000,4,43498,1008,0.4632856683065888,0.7666559382040554,0.8963400616120282,6,3.6717682012232586,0.9235137247689549,0.7694313761755224
2000,5,261998,1625,0.40579317399369463,0.8869113504683241,0.9784883854075221,4,3.2271180472589482,1.0,0.9488173058753655
2000,14,61718,539,0.5467448718364173,0.896091901876276,0.9501442042840014,4,2.6814379975651814,0.8396740011017856,0.8738564961833319
2000,21,51229,801,0.3907161959046634,0.8771594214214606,0.9161022077339008,5,3.2023686082899037,0.9997657576763161,0.6699283198888695
2000,25,56609,209,0.25375823632284616,0.45890229468812377,0.6588351675528625,11,8.244014245007541,0.9941528732180396,0.2576103172204349
2000,29,36309,585,0.4774573797130188,0.7892533531631276,0.8574182709521057,7,3.479053546452196,0.9544190145693905,0.38932220064484396
2000,42,20130,1356,0.4764530551415797,0.9211624441132638,0.9614505712866368,3,2.706196131946483,0.00024838549428713363,0.7842255720288782
2000,52,46457,324,0.3217383817293411,0.6985814839529026,0.8659405471726542,7,5.058411821191298,0.21406892395118066,0.7575244245177425
2000,53,26508,846,0.2808963331824355,0.7065791459182135,0.9154594839293799,5,5.08890371350438,0.0016221518032292139,0.7124531791806218
2000,54,30687,1532,0.23993873627268877,0.5868282986280835,0.831622511161078,7,6.423972564075445,0.9870955127578454,0.2898666738609238
2000,55,14774,165,0.20190875863002572,0.4174901854609449,0.5761472857723028,29,11.59505920213509,0.9285230810883985,0.151223161538173
2000,62,107789,902,0.32876267522660013,0.7714887418938853,0.9499577879004351,4,4.36016137494649,0.9658035606601787,0.8768376240394186
2000,63,49771,1175,0.7207008097084647,0.8667095296457776,0.9355648871832994,4,1.8735943256418184,0.998493098390629,0.39214183109509254
2000,65,26945,659,0.633290035257005,0.7959176099461867,0.8832807570977917,6,2.383241238106046,0.9990350714418259,0.2067813174488983
2000,67,179270,697,0.36950409996095274,0.8044792770681095,0.9422212305461036,4,3.7446452322448573,0.999983265465499,0.8602044409767357
2000,77,56668,271,0.45381873367685466,0.6173501799957648,0.7040657866873721,11,4.331581455347288,0.9998941201383497,0.6019082899442936
2000,81,22517,1682,0.5556690500510725,0.9663365457210107,0.9846338322156593,2,2.1775421891337987,0.9969356486210419,0.7080311231614353
2000,93,20825,1398,0.5214405762304922,0.7268187274909964,0.7955342136854742,12,3.32174651738917,0.9706122448979592,0.08653688609370074
