cluster_id,q_value_full,control_absent_full,q_value_original,control_absent_original,selected,selected_full
0,1.0,False,1.0,True,False,False
1,1.0,False,1.0,True,False,False
2,1.0,True,1.0,True,False,False
3,1.0,False,1.0,False,False,False
4,0.5131658833373075,True,1.70648945749787e-05,True,True,False
5,0.3457732278910692,True,1.0,True,False,False
6,1.0,False,1.0,False,False,False
7,1.0,True,1.0,False,False,False
8,1.0,False,1.4601470624714958e-05,False,False,False
9,1.0,False,1.0,False,False,False
10,0.8438771069483527,False,3.0088852282932786e-10,True,True,False
11,1.0,True,0.19640465803066157,True,False,False
12,0.0001655334186947,True,9.345477571616627e-10,True,True,True
13,0.0004432253940923,True,1.0,True,False,True
14,1.0,False,1.0,False,False,False
15,1.0,False,1.0,False,False,False
16,1.0,False,1.0,True,False,False
17,0.430851442358076,False,1.0,False,False,False
18,1.0,False,1.0,False,False,False
19,1.0,False,1.0,False,False,False
20,1.0,True,1.0,True,False,False
21,1.0,False,1.0,False,False,False
22,1.0,False,1.0,False,False,False
23,1.0,False,1.0,True,False,False
24,0.363063225685987,True,0.16405363415569144,True,False,False
25,1.0,True,4.2503439764939973e-16,True,True,False
26,1.0,False,1.0,False,False,False
27,1.0,True,1.0,True,False,False
28,1.0,False,4.7687297857947155e-05,False,False,False
29,1.0,False,1.0,False,False,False
30,1.0,True,1.0,True,False,False
31,1.0,False,3.638728333222705e-06,False,False,False
32,1.0917325286242475e-06,True,0.08595568545883416,True,False,True
33,1.0,False,1.0,True,False,False
34,1.0,False,1.0,False,False,False
35,1.0,False,1.0,False,False,False
36,1.0,False,1.0,False,False,False
37,1.0,True,1.0,True,False,False
38,1.0,True,1.0,False,False,False
39,0.0465431112719143,True,1.0,True,False,True
40,1.0,False,1.0,True,False,False
41,4.689667814447058e-05,True,0.003225018622884356,True,True,True
42,1.0,False,1.0,False,False,False
43,1.0,False,1.0,False,False,False
44,1.0,False,0.019637387404520108,True,True,False
45,0.003963164112935,True,0.0006158850334690468,True,True,True
46,1.0,False,1.0,False,False,False
47,1.0,True,1.0,True,False,False
48,0.5264047866651813,True,1.0,True,False,False
49,0.4573751083000074,True,6.373624889256652e-11,True,True,False
50,1.0,False,1.0,False,False,False
51,1.0,False,1.0,True,False,False
52,9.219127803307567e-05,True,2.8423328255824804e-23,True,True,True
53,1.0,False,1.0,True,False,False
54,1.0,False,1.0,True,False,False
55,1.0,False,1.0,False,False,False
56,1.0,True,1.0,True,False,False
57,1.0,False,1.0,True,False,False
58,1.0,False,1.0,False,False,False
59,1.0,True,1.0,True,False,False
60,1.0,False,1.0,True,False,False
61,1.0,False,2.3700526431332852e-05,False,False,False
62,1.0,False,1.0,True,False,False
63,1.0,False,1.0,False,False,False
64,1.0,False,1.0,True,False,False
65,1.632443180065913e-05,True,1.0,True,False,True
66,1.0,True,1.0,True,False,False
67,0.0045705114553117,True,1.0,True,False,True
68,1.0,False,1.0,False,False,False
69,1.0,False,3.335711068229816e-05,True,True,False
70,1.0,True,5.648309376302041e-07,True,True,False
71,1.0,True,1.0,False,False,False
72,0.1063361803873064,False,6.385761824707267e-08,False,False,False
73,1.0,True,1.0,True,False,False
74,0.0215412642595154,True,1.0,True,False,True
75,1.0,False,1.0,True,False,False
76,1.0,False,0.00021300071957488113,False,False,False
77,1.0,False,1.0,True,False,False
78,0.7361978077305915,True,1.5886814524029767e-13,False,False,False
79,1.0,False,0.004792166042254504,True,True,False
80,1.0,False,1.0,False,False,False
81,9.58713290863248e-06,True,0.006853738490228553,True,True,True
82,1.0,False,1.0,False,False,False
83,1.0,False,1.0,False,False,False
84,1.0,False,1.1320241825960658e-11,False,False,False
85,0.0245846608767958,True,0.1175944082102943,True,False,True
86,1.0,False,1.0,False,False,False
87,1.0,True,0.00938607118733484,True,False,False
88,1.0,False,1.0,True,False,False
89,1.0,False,2.9473740808735607e-07,False,False,False
90,1.0,False,1.0,True,False,False
91,1.0,False,1.0,False,False,False
92,1.0,False,1.0,False,False,False
93,1.0,False,1.0,True,False,False
94,1.0,False,1.0,False,False,False
95,0.020187668931219,True,0.30795678127515236,False,False,True
96,0.958713534984154,True,1.0,True,False,False
97,1.0,False,1.0,False,False,False
98,1.0,False,1.0,True,False,False
99,1.0,False,1.0,False,False,False
100,1.0,False,0.036564536505894994,False,False,False
101,1.0,False,1.0,False,False,False
102,0.0011641871370394,True,0.014870770991224703,True,True,True
103,0.8317685066360662,True,1.0,True,False,False
104,0.0004826934888606,True,0.03415432262281112,True,False,True
105,1.0,False,0.003982482057228423,False,False,False
106,1.0,False,1.0,False,False,False
107,0.0018662583094786,True,2.0279164622177645e-05,True,True,True
108,1.0,False,1.0,False,False,False
109,0.3413583618997381,True,0.005044637499111392,True,False,False
110,1.0,False,1.0,True,False,False
111,1.0,False,1.0,False,False,False
112,1.0,True,1.0,True,False,False
113,1.0,False,1.0,True,False,False
114,0.0001756611252334,True,5.810689516590004e-05,True,True,True
115,1.0,False,2.9355601117996287e-07,False,False,False
116,0.0003109296008598,True,1.0,True,False,True
117,1.0,False,1.0,False,False,False
118,1.0,False,0.13461209957504677,True,False,False
119,1.0,False,1.0,False,False,False
120,1.0,False,1.0,False,False,False
121,0.0001415695885489,True,1.0,True,False,True
122,1.0,False,6.620684611027747e-12,False,False,False
123,1.0,False,9.013011208933799e-08,False,False,False
124,1.0,True,1.0,True,False,False
125,0.0003411353510936,True,0.31028169672041706,True,False,True
126,0.6094088889870447,True,1.0,True,False,False
127,4.35989955644732e-08,True,0.7430382966173704,True,False,True
128,1.0,False,1.0,True,False,False
129,0.510487789354029,True,1.0,False,False,False
130,1.0,True,1.0,False,False,False
131,1.0,False,1.0,False,False,False
132,1.0,False,1.0,False,False,False
133,1.0,False,1.0,False,False,False
134,1.0,True,1.0,False,False,False
135,1.0,False,1.0,False,False,False
136,1.0,False,1.0,True,False,False
137,1.0,False,1.0,False,False,False
138,1.0,True,1.0,True,False,False
139,1.0,False,1.0,False,False,False
140,1.0,True,0.8781350378705917,True,False,False
141,7.42756531487901e-05,True,0.042114978469233545,True,True,True
142,1.0,False,1.0,True,False,False
143,1.0,False,1.0,False,False,False
144,1.0,False,5.174731751071873e-08,False,False,False
145,1.0,False,0.07763123292388724,True,False,False
146,1.0,False,1.0,True,False,False
147,5.474536919196967e-05,True,6.224996980902147e-20,True,True,True
148,1.0,True,1.0,False,False,False
149,1.0,False,1.0,True,False,False
150,1.0,False,0.5022117467283798,True,False,False
151,1.0,False,1.0,False,False,False
152,1.0,True,1.0,False,False,False
153,1.0,False,1.0,False,False,False
154,1.0,True,4.1108507003420224e-16,True,True,False
155,1.0,False,1.0,True,False,False
156,1.0,True,1.0,False,False,False
157,1.0,False,1.0,True,False,False
158,1.0,False,1.0,True,False,False
159,1.0,False,1.0,True,False,False
160,1.0,False,1.0,True,False,False
161,5.2662232372798825e-06,True,1.0,True,False,True
162,1.0,False,1.04074033825104e-10,False,False,False
163,1.0,False,1.0,True,False,False
164,1.0,False,1.0,False,False,False
165,3.9002596926603365e-09,True,0.00031247072470035416,True,True,True
166,1.0,False,1.0,True,False,False
167,1.0,False,1.0,False,False,False
168,1.0,False,1.0,False,False,False
169,1.0,False,1.0,True,False,False
170,1.0,False,0.5679757581258867,True,False,False
171,1.0,False,1.0,False,False,False
172,1.0,False,1.0,True,False,False
173,1.0,True,1.0,True,False,False
174,1.0,False,9.72124390346879e-06,True,True,False
175,1.0,False,7.753336762634072e-06,False,False,False
176,0.537988065784744,False,1.0,False,False,False
177,0.978899233053492,True,1.0,True,False,False
178,0.0018377746973722,True,0.30379683781464223,True,False,True
179,0.2693781960848259,True,1.0,True,False,False
180,1.0,True,1.0,True,False,False
181,0.03350928559197,True,1.0,True,False,True
182,1.0,True,1.0,True,False,False
183,1.0,False,1.0,True,False,False
184,1.0,False,1.0,True,False,False
185,1.0,False,1.0,True,False,False
186,1.0,False,0.0006502460564736627,False,False,False
187,1.3915854392945036e-08,True,6.389220436930019e-06,True,True,True
188,1.0,False,1.0,False,False,False
189,0.5318758295205835,False,1.0,False,False,False
190,1.0,True,1.0,True,False,False
191,5.575160610847297e-06,True,0.0014775674798267857,True,True,True
192,1.0,False,1.0,True,False,False
193,1.14046390795679e-05,True,0.014115547999946588,True,True,True
194,0.6333947060799496,False,1.0,False,False,False
195,0.1088968110033754,True,1.0,True,False,False
196,1.0,True,1.0,False,False,False
197,1.0,True,1.0,False,False,False
198,0.1138337291201825,True,1.0,True,False,False
199,1.0,True,1.0,True,False,False
200,1.0,False,1.0,False,False,False
201,0.1934873866066703,True,1.0,True,False,False
202,1.3915854392945036e-08,True,5.810689516590004e-05,True,True,True
203,1.0,False,1.0,False,False,False
204,0.2216541410392797,True,1.0,True,False,False
205,1.0,False,1.0,True,False,False
206,1.0,False,1.0,False,False,False
207,1.0,False,1.997580329982323e-07,False,False,False
208,1.0,False,1.0,False,False,False
209,1.8511195442762042e-07,True,2.8219296981381783e-05,True,True,True
210,1.0,False,1.0,False,False,False
211,1.0,True,1.0,True,False,False
212,0.0020652127236076,True,0.3856694704516223,True,False,True
213,1.0,False,1.0,True,False,False
214,0.0321759717903265,True,1.0,True,False,True
215,9.387406754185978e-05,True,1.0,True,False,True
216,1.0,True,1.0,True,False,False
217,1.0,True,1.0,True,False,False
218,1.0,False,1.0,True,False,False
219,1.0,False,6.703151207671354e-05,False,False,False
220,1.0,True,1.6115968427677525e-17,True,True,False
221,1.0,False,1.0,False,False,False
222,1.0,True,1.0,False,False,False
223,5.793664824962853e-07,True,1.0,True,False,True
224,0.3077636735443002,False,1.781087195788587e-13,True,True,False
225,0.1999792049917242,True,1.0,True,False,False
226,1.0,True,0.4964359689011137,True,False,False
227,0.0121487506754204,True,0.07951665858805804,True,False,True
228,1.0,False,1.0,True,False,False
229,0.8450611449685073,True,0.5732115419123756,True,False,False
230,0.5851874935120431,True,0.07509402543611444,True,False,False
231,1.0,True,1.0,False,False,False
232,1.0,False,0.015442648912960159,False,False,False
233,1.0,False,1.0,False,False,False
234,1.0,False,1.0,True,False,False
235,1.0,False,0.5871948632852777,False,False,False
236,1.0,False,1.0,False,False,False
237,1.0,True,1.0,True,False,False
238,0.441666839113119,True,1.6907041558618922e-07,True,True,False
239,1.0,False,1.0,False,False,False
240,2.4463393336125337e-08,True,1.3492243170307397e-05,True,True,True
241,1.0,False,1.0,False,False,False
242,1.0,True,1.0,False,False,False
243,0.0006781088351874,True,0.602363119529398,True,False,True
244,1.0,False,1.0,True,False,False
245,0.1009544920611284,True,1.0,True,False,False
246,4.38248506990973e-07,True,0.9525482034942179,True,False,True
247,1.0,False,1.0,False,False,False
248,0.9819405668525952,True,1.0,True,False,False
249,1.0,True,1.0,False,False,False
250,1.0,False,1.0,False,False,False
251,1.0,False,1.0,True,False,False
252,1.0,False,1.0,True,False,False
253,1.0,True,1.0,True,False,False
254,1.0,False,1.0,True,False,False
255,1.0,False,1.0,True,False,False
256,2.4463393336125337e-08,True,0.0048289324630230055,True,True,True
257,1.0,True,1.0,True,False,False
258,1.0,False,1.0,False,False,False
259,0.0628277537432104,True,1.0,True,False,False
260,1.0,True,1.0,True,False,False
261,2.445522688331112e-07,True,0.007155019547308811,True,False,True
262,1.0,True,1.0,True,False,False
263,1.0,False,1.0,False,False,False
264,0.000130424582983,True,0.33470721647433266,True,False,True
265,0.8360755287198783,False,1.0,True,False,False
266,1.0,True,1.0,True,False,False
267,1.0,True,1.0,True,False,False
268,0.000530282228181,True,1.0,True,False,True
269,1.0,False,1.0,True,False,False
270,1.0,False,1.0,True,False,False
271,4.38248506990973e-07,True,1.3492243170307397e-05,True,True,True
272,1.0,False,1.0,False,False,False
273,1.0,True,0.00011543996640573142,True,True,False
274,1.0,False,1.0,False,False,False
275,1.0,False,1.0,False,False,False
276,1.0,False,1.0,False,False,False
277,1.0,False,0.07200481045503068,False,False,False
278,1.0,True,1.0,True,False,False
279,1.0,True,1.0,False,False,False
280,1.0,True,1.0,True,False,False
281,1.0,False,1.0,False,False,False
282,0.0537706562438109,True,1.0,True,False,False
283,1.0,True,1.0,True,False,False
284,1.0,False,1.0,False,False,False
285,1.0,True,1.0,True,False,False
286,1.0,False,1.0,False,False,False
287,1.0,False,2.1528167028189325e-09,False,False,False
288,1.0,False,1.0,False,False,False
289,1.0,False,1.0,False,False,False
290,0.2072868710756114,True,1.0,True,False,False
291,1.0,False,1.0,True,False,False
292,1.0,True,1.0,True,False,False
293,0.0002150156233508,True,0.010293975624421274,True,True,True
294,1.0,False,1.0,True,False,False
295,0.0355246389306253,True,1.0,True,False,True
296,1.0,False,1.0,False,False,False
297,1.0,False,1.0,False,False,False
298,0.0009063006536575,True,0.003225018622884356,True,False,True
299,1.0,False,1.0,False,False,False
300,1.0,False,1.0,True,False,False
301,0.000296292633268,True,0.6305655956831085,True,False,True
302,1.0,False,1.0,True,False,False
303,1.0,False,0.0038522073381973936,False,False,False
304,1.0,True,5.2350901476111554e-14,True,True,False
305,1.0,False,1.6175184699193226e-08,False,False,False
306,1.0,True,1.0,True,False,False
307,1.0,False,1.0,False,False,False
308,1.0,False,1.0,False,False,False
309,0.9213769255080156,True,1.0,True,False,False
310,0.9213769255080156,True,1.0,True,False,False
311,1.0,False,0.3534773761469824,False,False,False
312,1.0,False,0.00021600777156047062,False,False,False
313,1.0738771600274438e-07,True,0.014251402688402776,True,True,True
314,1.0,False,1.0,False,False,False
315,1.0,True,1.0,True,False,False
316,1.0,True,1.0,True,False,False
317,0.5991850287700684,True,0.07038991055133346,True,False,False
318,1.0,False,1.0,True,False,False
319,1.0,False,1.0,False,False,False
320,1.0,True,0.1744035009289281,True,False,False
321,1.0,False,1.0,False,False,False
322,1.0,False,0.003910503460272719,False,False,False
323,1.0,False,1.0,True,False,False
324,1.0,True,4.034730248265037e-19,True,True,False
325,1.0,False,1.0,False,False,False
326,1.0,False,1.0,True,False,False
327,0.0062300203405832,True,0.04770439921920925,True,False,True
328,1.0,False,4.581313076064981e-06,False,False,False
329,1.0,False,2.3602999806660987e-08,False,False,False
330,1.0,True,1.0,True,False,False
331,1.0,False,1.0,True,False,False
332,0.5587675251917176,True,1.0,True,False,False
333,0.1158950586528589,True,7.525808928184484e-08,True,True,False
334,1.0,False,1.0,False,False,False
335,1.0,True,1.0,True,False,False
336,1.0,True,1.0,True,False,False
337,0.0001309372198417,True,1.0,True,False,True
338,0.0517129415206661,True,0.34693544342864624,True,False,False
339,1.0,False,1.0,False,False,False
340,1.0,False,1.0,False,False,False
341,1.0,False,1.0,True,False,False
342,1.0,False,1.0,True,False,False
343,1.0,False,2.7695574468996034e-08,True,True,False
344,1.0,True,1.0,False,False,False
345,1.0,False,0.015442648912960159,True,False,False
346,0.016601753575959,True,4.5640854139585973e-07,True,True,True
347,1.0,False,1.0,True,False,False
348,1.0,False,1.0,False,False,False
349,0.0983641237283555,True,1.0,True,False,False
350,1.0,True,1.0,True,False,False
351,1.0,False,1.0,True,False,False
352,1.0,False,1.9479975976392075e-07,False,False,False
353,1.0,True,1.0,True,False,False
354,1.0,False,1.0,False,False,False
355,1.0,False,1.0,False,False,False
356,1.0,False,1.0,True,False,False
357,1.0,False,1.99033565260906e-10,True,True,False
358,1.0,True,1.0,True,False,False
359,0.0055439775594323,True,0.09895982700242893,True,False,True
360,0.4483983197664487,False,1.0,False,False,False
361,0.0006254867005804,True,0.043077495384951675,True,True,True
362,0.2388190702777886,True,1.0,True,False,False
363,1.0,False,1.0,False,False,False
364,1.0,False,1.0,False,False,False
365,1.0,False,1.0,True,False,False
366,1.0,False,1.0,False,False,False
367,1.0,True,7.082193332911698e-06,True,True,False
368,1.0,False,1.0,True,False,False
369,1.0,True,1.0,True,False,False
370,1.0,True,1.0,False,False,False
371,1.0,True,0.009315788685892386,True,True,False
372,1.0,False,1.0,False,False,False
373,1.0,False,1.0,True,False,False
374,1.0,False,1.0,False,False,False
375,3.522206986525831e-06,True,1.0,True,False,True
376,0.0001466200601939,True,0.015442648912960159,True,True,True
377,5.221850028815948e-09,True,0.06453416392694859,True,False,True
378,1.0,False,0.402385062313819,True,False,False
379,1.0,False,4.4150277081513566e-11,True,True,False
380,1.0,True,1.0,True,False,False
381,1.0,False,1.0,True,False,False
382,7.883756532050692e-08,True,0.003102929049000015,True,True,True
383,0.0908954096680399,True,1.0,True,False,False
384,1.0,True,1.0,False,False,False
385,1.0,True,1.0,True,False,False
386,1.0,True,1.0,True,False,False
387,1.0,False,1.0,False,False,False
388,2.1476515127838443e-08,True,0.5958985655444249,True,False,True
389,1.0,True,1.0,True,False,False
390,1.0,False,1.0,False,False,False
391,1.1188619579422896e-08,True,0.00014143570046044806,True,True,True
392,1.0,False,1.0,False,False,False
393,1.0,False,1.0,True,False,False
394,0.7140871708476076,True,1.0,True,False,False
395,1.0,True,1.0,True,False,False
396,1.0,True,3.352702036757139e-05,True,True,False
397,1.0,False,1.0,False,False,False
398,1.0,True,1.0,False,False,False
399,5.686326705831281e-07,True,0.03415432262281112,True,False,True
400,1.0,True,0.402385062313819,True,False,False
401,1.8236793571755976e-05,True,1.0,True,False,True
402,1.0,False,1.0,True,False,False
403,1.0,False,1.0,False,False,False
404,1.0,True,1.0,True,False,False
405,1.0,False,1.0,True,False,False
406,2.0044485437993727e-05,True,3.2007938913598396e-23,True,True,True
407,1.0,False,1.0,True,False,False
408,1.0,False,1.0,False,False,False
409,1.0,False,2.756283255714903e-07,False,False,False
410,1.0,True,1.0,False,False,False
411,1.0,False,4.825012989296584e-08,False,False,False
412,1.0,False,1.0,False,False,False
413,0.0084126782352832,True,1.0,True,False,True
414,1.0,False,1.0,False,False,False
415,1.0,False,8.843861395907158e-05,True,True,False
416,1.0,True,1.0,True,False,False
417,0.0173674759892229,True,1.0,True,False,True
418,1.0,True,1.0,True,False,False
419,1.0,True,1.0,True,False,False
420,1.0,False,1.0,False,False,False
421,0.4825344007920398,True,1.0,True,False,False
422,0.3075633635125407,True,1.0,True,False,False
423,0.8852297103742277,True,1.0,True,False,False
424,1.0,False,1.0,False,False,False
425,1.0,True,1.0,True,False,False
426,1.0,False,1.0,False,False,False
427,1.0,False,1.0,False,False,False
428,1.0,False,2.8420361214149853e-06,True,True,False
429,2.428914872058949e-07,True,0.402385062313819,True,False,True
430,0.6093833780317142,True,0.003982482057228423,True,True,False
431,1.0,True,1.0,True,False,False
432,1.0,False,1.0,False,False,False
433,1.0,True,1.0,True,False,False
434,1.0,False,1.0,False,False,False
435,1.0,False,1.0,False,False,False
436,1.567713059487198e-05,True,0.060202524189917,True,False,True
437,1.0,False,1.0,False,False,False
438,1.0,True,0.198050108729757,True,False,False
439,1.0,False,1.0,False,False,False
440,1.0,False,1.0,False,False,False
441,0.0001303150053895,True,0.33753652452163296,True,False,True
442,0.0632311490837458,True,1.0,True,False,False
443,1.0,False,1.0,False,False,False
444,1.0,False,1.3492243170307397e-05,False,False,False
445,1.0,False,1.0,True,False,False
446,0.0192112824896506,True,1.0,True,False,True
447,1.0,False,1.0,False,False,False
448,1.0,False,4.8912079592622006e-08,False,False,False
449,1.0,True,1.0,False,False,False
450,1.0,False,1.0,True,False,False
451,1.0,False,1.0,False,False,False
452,0.9798399643301144,True,1.0,True,False,False
453,2.733160256612986e-05,True,1.0,True,False,True
454,1.0,False,1.0,False,False,False
455,1.0,False,0.38732114778103394,True,False,False
456,1.0,True,1.0,True,False,False
457,1.0,False,0.0007211046637508678,False,False,False
458,1.0,True,3.395678291783152e-09,True,True,False
459,0.000542395697068,True,0.008684616474816139,True,True,True
460,1.0,False,1.0,True,False,False
461,1.0,False,1.0,False,False,False
462,0.2170182143717223,True,1.0,True,False,False
463,1.0,False,1.0,False,False,False
464,1.0,False,2.0609621988520367e-08,False,False,False
465,1.0,True,1.0,False,False,False
466,1.0,False,2.18977995939462e-10,False,False,False
467,0.0008152187947556,True,0.0014775674798267857,True,True,True
468,1.0,True,1.0,True,False,False
469,1.0,True,1.0,False,False,False
470,1.0,True,1.0,False,False,False
471,1.0,False,1.0,False,False,False
472,1.0,False,1.474886536866005e-09,False,False,False
473,1.0,True,1.0,False,False,False
474,1.0,False,1.0,False,False,False
475,1.0,True,1.0,False,False,False
476,1.0,True,1.0,False,False,False
477,1.0,False,1.0,True,False,False
478,1.0,False,1.0,False,False,False
479,1.0,True,1.0,True,False,False
480,1.0,True,1.0,True,False,False
481,1.0,True,1.0,True,False,False
482,0.5432316665129197,True,1.7357038339215714e-06,True,True,False
483,1.0,False,1.0,True,False,False
484,1.0,False,0.0013280282516759934,True,True,False
485,1.0,True,1.0,False,False,False
486,0.5045514064315565,False,0.0020214513447092564,False,False,False
487,1.0,False,1.0,False,False,False
488,0.0019144268743121,True,1.0,True,False,True
489,1.0,False,1.0,False,False,False
490,1.0,False,1.0,True,False,False
491,1.0,False,5.693400573181082e-06,True,True,False
492,7.446773389184565e-05,True,3.440145446222044e-06,True,False,True
493,1.0,True,1.0,False,False,False
494,1.0,True,1.0,False,False,False
495,1.0,False,1.0,False,False,False
496,0.4775978292387191,True,1.0,True,False,False
497,7.00852403306481e-05,True,0.007429516560843785,True,True,True
498,6.810997996542944e-06,True,1.0,True,False,True
499,1.6414601225193092e-06,True,0.0006788513591883778,True,True,True
500,1.0,False,1.0,False,False,False
501,1.0,False,1.0,False,False,False
502,0.1416278388977471,False,1.0201978697341712e-05,False,False,False
503,1.0,False,2.8219296981381783e-05,False,False,False
504,1.0,False,1.0,True,False,False
505,1.0,False,1.0,False,False,False
506,0.0002198590897192,True,1.0,True,False,True
507,0.0003109296008598,True,0.3536035560760849,True,False,True
508,1.0,True,0.015592643564797377,True,True,False
509,1.0,True,1.0,False,False,False
510,1.0,True,1.0,True,False,False
511,1.0,False,1.0,True,False,False
512,1.0,False,5.550072529708041e-13,True,True,False
513,0.7797191635008133,False,1.0,False,False,False
514,1.0,True,1.0,True,False,False
515,0.0003543583578083,True,7.804500820691537e-23,True,True,True
516,0.0020118686244576,True,1.0,True,False,True
517,1.0,False,1.0,True,False,False
518,1.0,False,1.0,False,False,False
519,1.0,True,1.0,True,False,False
520,1.0,True,1.0,True,False,False
521,1.0,False,1.0,True,False,False
522,1.0,False,1.0,False,False,False
523,0.693057660813617,True,1.0,True,False,False
524,1.0,False,1.0,False,False,False
525,1.4813324850211765e-08,True,1.0,True,False,True
526,1.0,True,1.0,True,False,False
527,1.0,True,0.402385062313819,True,False,False
528,9.112634404209144e-07,True,1.0,True,False,True
529,1.0,False,1.0,False,False,False
530,0.4397362783528118,True,1.0,False,False,False
531,0.0198884624020165,True,1.0,True,False,True
532,1.0,False,1.4401331942410566e-07,False,False,False
533,1.0,True,1.0,False,False,False
534,0.0001303150053895,True,1.0,True,False,True
535,0.1533450109555098,True,0.004661448012472421,True,True,False
536,1.0,False,1.0,False,False,False
537,1.0,False,1.0,False,False,False
538,1.0,True,1.0,True,False,False
539,0.0003561270153198,True,4.736771607126094e-23,True,True,True
540,1.0,True,0.402385062313819,True,False,False
541,0.0194523886665478,True,0.10634618512372845,True,False,True
542,1.0,False,1.4840366023751e-05,False,False,False
543,0.1009544920611284,False,2.0087586140047373e-05,False,False,False
544,0.2313367277842239,True,1.0,True,False,False
545,1.0,True,1.0,True,False,False
546,1.0,False,0.402385062313819,True,False,False
547,1.0,True,1.0,False,False,False
548,1.0,False,1.0,True,False,False
549,1.0,True,1.0,False,False,False
550,2.9979648534158396e-09,True,6.389220436930019e-06,True,True,True
551,1.0,True,1.0,False,False,False
552,1.0,True,1.0,True,False,False
553,1.0,False,1.0,False,False,False
554,2.563376135539349e-06,True,1.0,True,False,True
555,1.0,False,1.0,False,False,False
556,1.0,False,1.0,False,False,False
557,1.0,False,0.0030764633163825835,False,False,False
558,1.0,True,1.0,True,False,False
559,1.0,True,1.0,False,False,False
560,1.0,False,1.0,False,False,False
561,0.0763839578144157,True,1.0,True,False,False
562,1.0,False,0.07134738540825931,False,False,False
563,1.0,False,0.0757694194525687,True,False,False
564,1.0,False,1.0,False,False,False
565,1.0,False,1.0,False,False,False
566,1.0,False,1.0,True,False,False
567,1.0,False,1.0,False,False,False
568,0.3506071327291141,True,1.0,True,False,False
569,1.0,False,0.0004113331494216122,False,False,False
570,4.488440415411968e-05,True,1.0,True,False,True
571,1.0,False,1.0,False,False,False
572,3.826504813145023e-07,True,0.00031247072470035416,True,True,True
573,1.0,False,1.0,False,False,False
574,1.0,False,1.0,True,False,False
575,1.0,True,1.0,True,False,False
576,1.0,True,1.0,False,False,False
577,0.601363367573473,True,1.0,True,False,False
578,1.0,False,1.0,False,False,False
579,1.0,True,1.0,True,False,False
580,1.0,False,1.0,True,False,False
581,0.0204947440101329,True,1.0,True,False,True
582,0.4516431906569035,False,1.0,False,False,False
583,5.720179885804438e-10,True,1.0,True,False,True
584,1.0,False,1.9263275616164828e-09,False,False,False
585,0.0007545712172145,True,0.006853738490228553,True,True,True
586,0.3257829281380913,True,3.733213945911011e-06,True,False,False
587,1.0,False,0.04658210941858655,False,False,False
588,1.0,False,1.0,True,False,False
589,1.0,False,1.0,True,False,False
590,1.0,True,1.0,True,False,False
591,1.0,False,1.0,True,False,False
592,4.246642463580019e-05,True,0.015442648912960159,True,False,True
593,0.0006766721434755,True,0.402385062313819,True,False,True
594,1.0,False,4.772214023985036e-10,True,True,False
595,1.0,True,1.0,False,False,False
596,0.0146168728488342,True,1.0,True,False,True
597,1.0,True,1.0,False,False,False
598,1.0,True,1.0,True,False,False
599,0.0015353977907199,True,0.00031247072470035416,True,True,True
600,1.0,False,1.0,True,False,False
601,1.0,False,0.0010097867915358568,True,True,False
602,1.0,False,1.0,False,False,False
603,1.0,False,1.0,True,False,False
604,1.0,True,0.2938305023515837,True,False,False
605,1.0,False,1.0,False,False,False
606,1.0,False,1.0,True,False,False
607,1.0,True,1.0,False,False,False
608,1.0,True,2.0279164622177645e-05,True,True,False
609,1.0,False,1.0,False,False,False
610,1.0,False,1.0,False,False,False
611,1.0,False,1.0,False,False,False
612,1.0,False,1.0,True,False,False
613,1.0,False,1.0,True,False,False
614,1.0,True,1.0,True,False,False
615,1.0,False,1.0,True,False,False
616,0.0128779584096267,True,0.0008471395622849529,True,False,True
617,3.532188344734837e-08,True,0.007155019547308811,True,True,True
618,0.0002036786634186,True,3.0203457447951687e-06,True,True,True
619,1.0,False,1.0,False,False,False
620,0.0001668038040612,True,0.17251501810664246,True,False,True
621,2.335285532451413e-06,True,0.03415432262281112,True,True,True
622,1.0,False,1.0,False,False,False
623,1.0,False,4.078931201885591e-08,False,False,False
624,1.0,True,1.0,True,False,False
625,1.0,False,1.0,True,False,False
626,1.0,False,7.138941659124638e-06,False,False,False
627,1.0,False,1.0,False,False,False
628,1.0,True,1.0,True,False,False
629,1.0,False,1.0,False,False,False
630,1.0,False,1.0,False,False,False
631,1.0,True,1.0,True,False,False
632,1.0,False,1.3096043995327553e-05,False,False,False
633,1.0,False,1.0,True,False,False
634,1.0,True,1.0,True,False,False
635,1.0,False,1.9624914785542095e-06,False,False,False
636,1.0,False,1.0,False,False,False
637,3.9240775454731854e-09,True,0.3379407354258509,True,False,True
638,1.0,True,1.0,True,False,False
639,1.0,False,0.0007163030477201364,True,True,False
640,1.0,True,1.0,False,False,False
641,1.0,False,1.0,False,False,False
642,1.0,False,0.002336230247019392,False,False,False
643,1.0,False,0.9983552876702617,False,False,False
644,1.0,False,1.925606343416986e-07,True,True,False
645,1.0,True,1.0,True,False,False
646,0.0095315089383553,True,0.402385062313819,True,False,True
647,1.0,False,1.0,False,False,False
648,1.0,True,1.0,True,False,False
649,1.0,False,1.0,False,False,False
650,1.0,False,1.0,True,False,False
651,1.0,True,1.0,False,False,False
652,1.0,True,1.0,True,False,False
653,1.0,False,1.0,True,False,False
654,1.0,False,3.7490673483760793e-07,False,False,False
655,1.0,True,1.0,True,False,False
656,1.0,False,1.0,False,False,False
657,1.0,True,0.07835797487499035,True,False,False
658,0.5643872279270429,True,1.0,True,False,False
659,5.387877872879738e-08,True,0.0006788513591883778,True,True,True
660,0.9736773787408116,True,1.0,True,False,False
661,1.0,False,1.0,False,False,False
662,1.0,False,1.0,True,False,False
663,1.0,False,1.0,True,False,False
664,1.0,True,1.0,True,False,False
665,0.9567495031969176,True,1.0,True,False,False
666,1.0,True,1.0,False,False,False
667,1.0,False,1.925606343416986e-07,False,False,False
668,1.0,False,1.0,False,False,False
669,4.35989955644732e-08,True,1.0,True,False,True
670,1.0,True,1.0,False,False,False
671,1.0,True,1.0,True,False,False
672,1.0,False,0.40885213205494436,True,False,False
673,0.6091149231478158,True,0.14073692043724556,True,False,False
674,1.0,True,1.0,True,False,False
675,1.0,False,0.012518883870419642,False,False,False
676,3.826504813145023e-07,True,0.051179619533735225,True,False,True
677,1.0,True,1.0,True,False,False
678,0.2989782021022213,True,1.0,True,False,False
679,2.335285532451413e-06,True,1.0,True,False,True
680,1.0,True,1.0,False,False,False
681,1.0,False,1.0,True,False,False
682,1.0,True,1.0,True,False,False
683,1.0,False,1.0,False,False,False
684,1.0,False,1.3357041834317502e-08,False,False,False
685,1.0,True,1.0,False,False,False
686,1.0,False,1.0,True,False,False
687,1.0,False,5.108445715463236e-07,False,False,False
688,1.0,False,1.0,True,False,False
689,1.0,False,2.335395742658786e-09,False,False,False
690,1.0,True,1.0,False,False,False
691,0.3604231681104203,True,1.0,True,False,False
692,1.0,False,6.903827331884926e-07,True,True,False
693,0.0011809004994727,True,5.810689516590004e-05,True,True,True
694,1.0,False,1.0,False,False,False
695,0.9580215825663616,False,8.035590876934185e-06,False,False,False
696,1.0,False,0.2972124342125447,True,False,False
697,1.5087569049008111e-05,True,8.255428265066639e-24,True,True,True
698,0.3680923154113425,True,1.0,True,False,False
699,1.0,False,1.0,False,False,False
700,1.0,False,0.6070793452861883,True,False,False
701,1.0,True,1.0,True,False,False
702,1.0,False,1.0,False,False,False
703,0.441666839113119,True,0.030838088806561935,True,True,False
704,1.0,True,1.0,True,False,False
705,1.0,True,1.0,True,False,False
706,1.5760759846295103e-08,True,6.276164681625197e-05,True,True,True
707,0.1655646433346831,False,1.0,False,False,False
708,1.0,False,1.0,True,False,False
709,0.0139345610989358,True,1.0,True,False,True
710,1.0,False,1.0,False,False,False
711,1.0,False,1.0,False,False,False
712,1.0,True,1.0,True,False,False
713,0.9421957190997066,True,1.0,False,False,False
714,1.0,False,0.05309487233059387,False,False,False
715,1.0,False,7.525808928184484e-08,False,False,False
716,1.0,True,1.0,False,False,False
717,1.0,False,0.38553487709066075,True,False,False
718,1.0,True,1.0,True,False,False
719,1.0,False,0.001227596014429451,False,False,False
720,1.0,False,1.0,False,False,False
721,1.0,False,1.0,False,False,False
722,1.0,False,1.0,True,False,False
723,4.253092896059011e-05,True,0.1926491437955941,True,False,True
724,1.0,True,1.0,True,False,False
725,1.0,False,4.209422906365366e-09,False,False,False
726,1.0,False,1.0,False,False,False
727,1.0,False,1.0,False,False,False
728,1.0,True,1.0,True,False,False
729,1.0,True,1.0,True,False,False
730,0.0012420286344909,True,1.0,True,False,True
731,1.0,False,4.419225546771458e-08,False,False,False
732,1.0,False,1.0,True,False,False
733,1.0,False,3.069101661649202e-07,False,False,False
734,1.0,False,1.0,False,False,False
735,1.0,False,0.1880298146605116,True,False,False
736,1.0,True,1.0,True,False,False
737,1.0,True,1.0,True,False,False
738,0.5408115389685293,True,0.9161870336820239,True,False,False
739,1.0,True,1.0,True,False,False
740,4.38248506990973e-07,True,0.07509402543611444,True,False,True
741,1.0,True,1.0,True,False,False
742,1.0,False,1.0,True,False,False
743,1.0,False,1.0,False,False,False
744,1.0,False,1.0,False,False,False
745,0.8912560451046634,True,0.9161870336820239,True,False,False
746,1.0,False,0.0001871721128588125,True,True,False
747,0.0003883797051794,True,1.0,True,False,True
748,1.0,False,1.0,False,False,False
749,1.0,False,1.0,False,False,False
750,1.0,True,1.0,True,False,False
751,0.00311205688529,True,0.9076408876298923,True,False,True
752,1.0,False,1.0,True,False,False
753,1.0,False,4.0326250508761826e-05,False,False,False
754,1.0,True,1.0,True,False,False
755,5.552875670372584e-05,True,0.13852098195664894,True,False,True
756,1.0,False,1.0,True,False,False
757,1.0,False,1.0,False,False,False
758,1.0,False,1.0,True,False,False
759,1.0,False,1.0001650147847171e-13,False,False,False
760,1.0,False,1.7405387631714264e-05,False,False,False
761,1.0,True,0.027065404405562404,True,True,False
762,1.0,False,1.0,False,False,False
763,1.9776342847227422e-08,True,1.0,True,False,True
764,0.4654218468750443,True,1.0,True,False,False
765,1.0,False,1.0,False,False,False
766,0.3371109692824017,True,1.0,False,False,False
767,1.0,False,1.0,True,False,False
768,1.0,False,1.0,False,False,False
769,0.9894070025482776,True,5.2350901476111554e-14,True,True,False
770,1.0,False,1.0,False,False,False
771,1.0,True,1.0,False,False,False
772,0.987980304274024,True,8.19199843366741e-17,True,True,False
773,1.0,False,1.0,True,False,False
774,5.136652869113889e-07,True,0.036987996778972146,True,True,True
775,6.545031783672681e-06,True,0.07509402543611444,True,False,True
776,1.0,False,1.0,False,False,False
777,1.0,True,0.21446737631811488,False,False,False
778,1.6824175429873724e-06,True,3.2007938913598396e-23,True,True,True
779,1.0,True,1.0,True,False,False
780,1.0,False,1.0,False,False,False
781,1.0,False,3.9058084976564595e-10,True,True,False
782,1.0,False,1.0,True,False,False
783,2.6400554864318692e-08,True,1.3492243170307397e-05,True,True,True
784,1.0,True,1.0,True,False,False
785,0.667001741291041,False,1.4443663281922333e-10,False,False,False
786,1.0,False,1.0,True,False,False
787,1.0,False,1.0,False,False,False
788,1.0,False,1.0,False,False,False
789,0.7334721946209766,False,5.964784388507148e-07,False,False,False
790,1.0,True,1.0,True,False,False
791,1.0,True,1.0,True,False,False
792,1.0,False,1.0,True,False,False
793,1.0,False,1.0,False,False,False
794,1.0,False,1.0,False,False,False
795,1.0,False,1.0,True,False,False
796,1.0,True,1.0,True,False,False
797,1.0,False,1.0,True,False,False
798,1.0,False,1.0,False,False,False
799,1.0,True,1.0,False,False,False
800,1.0,False,1.0,False,False,False
801,2.563376135539349e-06,True,0.00014143570046044806,True,True,True
802,3.462934074077266e-07,True,0.00013613307277074904,True,True,True
803,0.5045514064315565,True,0.007175490412843562,True,True,False
804,1.0,False,1.0,True,False,False
805,1.0,False,1.0,False,False,False
806,1.0,True,1.0,True,False,False
807,1.0,True,1.0,True,False,False
808,1.0,False,1.0,False,False,False
809,1.0,False,4.906102637510881e-08,False,False,False
810,1.0,True,1.0,True,False,False
811,1.0,False,1.0,True,False,False
812,0.0746856347996518,True,1.0,True,False,False
813,0.9741639017196472,False,1.0,False,False,False
814,1.0,False,1.0,False,False,False
815,0.0983641237283555,True,0.7439002388136756,True,False,False
816,1.0,False,1.0,True,False,False
817,4.902608476400792e-05,True,0.402385062313819,True,False,True
818,0.1776757948172155,False,1.0,False,False,False
819,1.0,False,1.0,True,False,False
820,0.0076308170447303,True,1.0,True,False,True
821,1.0,False,1.0,False,False,False
822,1.0,False,7.525808928184484e-08,False,False,False
823,1.0,True,0.43240322474868115,True,False,False
824,1.0,True,1.0,False,False,False
825,1.0,False,1.0,True,False,False
826,0.9904486421035992,True,1.0,True,False,False
827,1.0,False,1.0,False,False,False
828,1.0,False,0.03348171477251232,False,False,False
829,1.0,True,1.0,False,False,False
830,1.0,True,0.4752768167937135,True,False,False
831,0.1284281860663319,True,1.0,True,False,False
832,1.0,False,4.147070217355379e-07,False,False,False
833,1.0,True,1.0,False,False,False
834,1.0,True,1.0,True,False,False
835,0.0465431112719143,True,0.2972124342125447,True,False,True
836,1.0,False,1.0,True,False,False
837,1.0,False,1.0,False,False,False
838,5.793664824962853e-07,True,1.0,True,False,True
839,1.0,True,1.0,True,False,False
840,1.0,True,1.0,False,False,False
841,1.0,False,0.025068735127216916,True,True,False
842,1.0,True,1.0,True,False,False
843,1.0,True,1.0,False,False,False
844,1.0,True,1.0,True,False,False
845,1.0,True,0.8983253808620175,True,False,False
846,1.0,True,0.0013855406577778571,True,True,False
847,1.0,False,1.0,False,False,False
848,1.0,True,0.0006494804020246701,True,True,False
849,0.2834221356350357,True,2.448111166419418e-06,True,True,False
850,1.0,True,1.0,False,False,False
851,0.1672245558518432,True,1.0,True,False,False
852,1.0,False,1.0,True,False,False
853,1.0,True,1.0,True,False,False
854,1.0,False,1.0,True,False,False
855,1.0,False,8.801060886824462e-10,False,False,False
856,0.958713534984154,False,8.989206263637514e-12,True,True,False
857,1.0,False,1.0,True,False,False
858,1.0,True,1.0,False,False,False
859,1.0,False,1.0,True,False,False
860,1.0,False,1.0,False,False,False
861,1.0,False,2.0422504447523638e-05,False,False,False
862,1.0,True,1.0,True,False,False
863,1.0,False,1.0,False,False,False
864,0.7468065451864744,True,1.0,False,False,False
865,1.0,False,0.019637387404520108,True,True,False
866,1.0,False,1.0,False,False,False
867,1.0,False,1.0,False,False,False
868,1.0,True,1.0,True,False,False
869,1.0,True,1.0,False,False,False
870,1.0,True,1.0,True,False,False
871,0.1173966960921246,True,1.0,True,False,False
872,1.0,True,0.07954088215578396,True,False,False
873,1.0,True,1.0,True,False,False
874,1.0,True,1.0,True,False,False
875,0.8660789563304894,True,1.0,False,False,False
876,0.0453713870858312,True,1.979086249557438e-21,True,True,True
877,1.0,False,1.0,False,False,False
878,1.0,False,1.0,False,False,False
879,0.9860422243138484,True,0.7898489103775727,True,False,False
880,1.0,False,1.0,False,False,False
881,1.232763590109017e-05,True,0.015282860219956652,True,True,True
882,1.0,True,1.0,True,False,False
883,1.0,True,1.0,True,False,False
884,1.0,True,1.0,True,False,False
885,7.997660562394691e-08,True,1.0,True,False,True
886,1.0,False,1.0,False,False,False
887,0.0048257014792227,True,0.06453416392694859,True,False,True
888,1.0,False,1.0,False,False,False
889,1.0,False,1.0,False,False,False
890,1.0,False,1.0,False,False,False
891,1.0,True,1.0,True,False,False
892,1.0,True,1.0,True,False,False
893,1.0,False,1.0,False,False,False
894,0.0113835605310394,True,0.0013855406577778571,True,True,True
895,1.0,False,1.0,False,False,False
896,1.0,False,0.00040363373791393403,False,False,False
897,7.689652821585874e-06,True,6.389220436930019e-06,True,True,True
898,1.0,True,1.0,True,False,False
899,8.415096329382959e-05,True,1.0,True,False,True
900,1.0,True,1.0,True,False,False
901,0.4667686906291553,True,1.0,True,False,False
902,0.0005324115137452,True,7.804500820691537e-23,True,True,True
903,1.0,False,1.0,True,False,False
904,1.0,False,1.3478667446424733e-07,False,False,False
905,1.0,False,1.0,True,False,False
906,0.0281864925791256,True,1.0,True,False,True
907,1.0,True,1.0,False,False,False
908,1.0,False,1.0,True,False,False
909,1.0,True,1.0,True,False,False
910,1.0,False,1.0,True,False,False
911,1.0,True,1.0,True,False,False
912,0.0008507870281874,True,1.0,True,False,True
913,0.0003376906580293,True,1.0,True,False,True
914,0.0859739287620971,True,0.8288238622387801,True,False,False
915,1.0,False,1.0,False,False,False
916,1.0,False,2.3084952906028266e-07,False,False,False
917,6.343578054929033e-06,True,1.0,True,False,True
918,0.4362763667843652,False,1.0,False,False,False
919,1.0,False,1.0,False,False,False
920,1.0,False,3.7067299814747743e-07,False,False,False
921,1.0,True,1.0,False,False,False
922,1.0,False,1.0,False,False,False
923,1.0,True,1.0,False,False,False
924,1.0,False,1.0,False,False,False
925,1.0,True,1.0,True,False,False
926,1.0,False,0.0002311032521854592,False,False,False
927,0.5733560599803114,True,1.0,True,False,False
928,1.0,False,1.0,False,False,False
929,7.015670829091398e-05,True,1.0,True,False,True
930,1.0,False,1.0,False,False,False
931,0.0397357720231315,True,1.7143758462964376e-20,True,True,True
932,1.0,False,1.0,False,False,False
933,0.0139345610989358,True,1.0,True,False,True
934,1.0,False,6.355405849738293e-09,True,True,False
935,0.7361978077305915,True,0.06705582849047871,True,False,False
936,1.0,False,1.0,False,False,False
937,1.0,True,1.0,True,False,False
938,0.1152875218967756,True,1.0,False,False,False
939,1.0,True,1.0,True,False,False
940,0.0059140480391107,True,1.0,True,False,True
941,1.0,False,1.0,True,False,False
942,3.1157105825461106e-05,True,1.0,True,False,True
943,0.0003314620954977,True,7.804500820691537e-23,True,True,True
944,0.025862925961517,True,0.402385062313819,True,False,True
945,1.0,True,1.0,True,False,False
946,1.0,False,1.0,False,False,False
947,1.0,True,0.007806513292021739,False,False,False
948,1.0,False,1.0,True,False,False
949,1.6494274351125746e-05,True,0.0011879061794485186,True,False,True
950,0.7737618288292057,False,1.0,False,False,False
951,1.0,False,1.0,True,False,False
952,0.0140202529994353,True,1.0,True,False,True
953,1.0,False,1.0,False,False,False
954,1.0,False,1.0,True,False,False
955,1.0,False,1.0,True,False,False
956,1.0,True,1.0,True,False,False
957,1.0,True,1.0,True,False,False
958,1.0,True,1.0,True,False,False
959,1.0,True,1.0,False,False,False
960,1.0,False,1.0,False,False,False
961,1.0,True,1.0,True,False,False
962,1.0,True,0.17586496791860795,True,False,False
963,1.0,False,1.0,False,False,False
964,1.0,False,3.238046862389823e-08,False,False,False
965,4.933974626987756e-07,True,1.0,True,False,True
966,1.0,False,1.0,False,False,False
967,1.0,False,1.0,False,False,False
968,1.0,True,6.820872252784878e-14,True,True,False
969,1.0,True,1.0,False,False,False
970,0.0190272613883045,True,1.0,True,False,True
971,1.0,True,1.0,True,False,False
972,0.1849602339726822,False,1.0,False,False,False
973,1.0,False,9.345477571616627e-10,True,True,False
974,1.0,False,1.0,True,False,False
975,0.5587675251917176,True,1.0,True,False,False
976,1.0,False,1.0,True,False,False
977,1.0,False,1.0,False,False,False
978,1.0,False,1.0,False,False,False
979,0.0941328640096064,True,0.1946302557493774,True,False,False
980,1.0,False,1.9263275616164828e-09,False,False,False
981,1.0,True,1.0,True,False,False
982,1.0,False,4.748096343958955e-10,False,False,False
983,0.0007545712172145,True,1.0,True,False,True
984,1.0,False,1.0,True,False,False
985,1.0,True,1.0,True,False,False
986,1.0,True,1.0,True,False,False
987,1.0,True,1.0,True,False,False
988,1.0,True,1.0,True,False,False
989,1.0,False,1.0,True,False,False
990,1.0,True,1.0,True,False,False
991,1.0,True,1.0,True,False,False
992,1.0,True,1.0,False,False,False
993,0.0417109837285595,True,1.0,True,False,True
994,1.0,True,1.0,False,False,False
995,1.0,True,0.402385062313819,True,False,False
996,1.0,True,1.0,True,False,False
997,1.0,True,0.6082059162845591,True,False,False
998,1.0,True,1.0,False,False,False
999,0.8852297103742277,True,1.0,True,False,False
1000,1.0,True,1.0,True,False,False
1001,6.665888610366832e-10,True,0.0030366560898779176,True,True,True
1002,1.0,False,1.0,True,False,False
1003,1.0,False,7.536421582417653e-11,True,True,False
1004,0.4574156490776079,True,4.728055257936758e-08,True,True,False
1005,4.432258953882518e-06,True,0.0022713703646005112,True,True,True
1006,1.0,False,1.0,True,False,False
1007,1.0,False,1.0,False,False,False
1008,0.0115669601041344,True,8.758428273178736e-23,True,True,True
1009,1.0,False,0.012444327425990099,False,False,False
1010,1.0,True,1.0,True,False,False
1011,1.0,False,1.1702813298072202e-08,False,False,False
1012,1.0,True,1.0,True,False,False
1013,0.7509695065742678,False,1.0,False,False,False
1014,0.2086589912135254,True,1.0,False,False,False
1015,1.0,False,1.0,True,False,False
1016,0.5682197553573171,False,1.0,False,False,False
1017,1.0,False,1.0,False,False,False
1018,0.1471954756856616,True,0.18106381650921202,True,False,False
1019,1.0,False,8.076680686097714e-05,False,False,False
1020,1.0,False,1.0,True,False,False
1021,0.0721148951708398,True,1.0,True,False,False
1022,0.0469811017524493,True,0.2945495922632668,True,False,True
1023,1.0,False,1.0,True,False,False
1024,1.0,False,0.000983847231086944,False,False,False
1025,1.0,True,5.902166263730786e-15,True,True,False
1026,2.733160256612986e-05,True,0.07509402543611444,True,False,True
1027,0.0012091308876278,True,1.0,True,False,True
1028,0.0363188079736553,True,1.0,True,False,True
1029,1.0,True,0.0006209730681321735,True,True,False
1030,0.0375328497194912,True,1.0,True,False,True
1031,1.0,False,0.0006338678695041358,False,False,False
1032,1.0,True,1.0,True,False,False
1033,1.0,False,1.0,False,False,False
1034,1.0,False,1.0,False,False,False
1035,1.0,False,1.0,True,False,False
1036,1.0,False,0.41649325100198054,True,False,False
1037,1.0,False,1.0,True,False,False
1038,1.0,False,1.0,True,False,False
1039,1.0,False,1.0,True,False,False
1040,1.0,False,1.0,False,False,False
1041,1.0,False,1.0,True,False,False
1042,1.0,False,1.0,False,False,False
1043,0.4215098182943896,True,1.0,True,False,False
1044,1.0,False,1.0,False,False,False
1045,1.0,False,0.8215867117950242,False,False,False
1046,1.0,True,0.402385062313819,True,False,False
1047,1.6870259910771042e-06,True,0.0014775674798267857,True,False,True
1048,1.0,False,4.756942165358814e-05,False,False,False
1049,1.0,False,1.0,False,False,False
1050,1.0,False,1.0,False,False,False
1051,5.474536919196967e-05,True,0.007155019547308811,True,False,True
1052,1.0,False,1.0,False,False,False
1053,1.0,True,1.0,True,False,False
1054,0.0047509074444619,True,1.0,True,False,True
1055,0.0076308170447303,True,1.0,True,False,True
1056,0.0003908062206507,True,1.0,True,False,True
1057,1.0,True,1.0,True,False,False
1058,1.0,False,0.024327488015960616,False,False,False
1059,1.0,True,1.0,False,False,False
1060,1.0,False,1.0,True,False,False
1061,1.0,True,6.5108533806741746e-15,True,True,False
1062,5.658461610923363e-09,True,2.6552724096363462e-05,True,True,True
1063,1.0,False,0.009351125115565653,True,True,False
1064,6.216251170317387e-05,True,1.0,True,False,True
1065,1.0,False,0.00023397273748465206,False,False,False
1066,1.0,True,1.0,True,False,False
1067,1.0,True,2.8219296981381783e-05,True,False,False
1068,0.0006856004381993,True,0.8998431067718923,True,False,True
1069,1.0,False,1.0,False,False,False
1070,1.0,False,1.0,True,False,False
1071,1.0,False,0.027065404405562404,False,False,False
1072,1.0,False,1.0,False,False,False
1073,1.996431868863433e-07,True,0.0024678345694706615,True,False,True
1074,1.0,False,1.0,False,False,False
1075,1.0,True,1.0,True,False,False
1076,3.4664067016371564e-06,True,0.002042749223102146,True,True,True
1077,1.0,False,5.174731751071873e-08,False,False,False
1078,1.0,False,1.0,False,False,False
1079,1.0,False,1.0,True,False,False
1080,1.14046390795679e-05,True,0.0014775674798267857,True,True,True
1081,0.0017093618721189,True,1.0,True,False,True
1082,1.0,False,1.0,False,False,False
1083,1.0,True,1.0,True,False,False
1084,5.974576155695385e-05,True,8.160472195825148e-22,True,True,True
1085,0.0588070612856262,True,1.0,True,False,False
1086,1.0,False,0.0002230670472449017,True,True,False
1087,0.0006928023324654,True,1.0,True,False,True
1088,1.0,False,1.0,False,False,False
1089,9.472869151037202e-06,True,1.0,True,False,True
1090,1.0,True,1.0,True,False,False
1091,1.0,False,1.0,True,False,False
1092,0.2381270112017067,True,1.0,True,False,False
1093,1.0,False,1.0,True,False,False
1094,1.0,True,1.0,True,False,False
1095,1.0,True,1.0,True,False,False
1096,1.0,True,1.0,True,False,False
1097,2.455668365008769e-09,True,6.389220436930019e-06,True,True,True
1098,3.207521543133811e-06,True,0.402385062313819,True,False,True
1099,1.0,True,1.0,True,False,False
1100,0.5366872636587655,True,1.0,True,False,False
1101,1.0,False,1.0,False,False,False
1102,1.0,False,1.0,False,False,False
1103,1.0,False,1.0,False,False,False
1104,1.0,True,1.0,True,False,False
1105,1.0,True,1.0,True,False,False
1106,0.3918375129234062,True,1.0,True,False,False
1107,1.0,False,1.0,False,False,False
1108,1.0,False,1.0,True,False,False
1109,7.883756532050692e-08,True,0.36481201461965634,True,False,True
1110,1.0,False,1.0,False,False,False
1111,1.0,True,1.0,False,False,False
1112,1.0,False,1.0,False,False,False
1113,1.0,True,1.0,False,False,False
1114,1.0,True,1.0,True,False,False
1115,0.0001589681738229,True,1.0,True,False,True
1116,1.0,False,1.0,False,False,False
1117,1.0,False,1.0,False,False,False
1118,1.0,False,1.0,False,False,False
1119,1.0,True,1.0,True,False,False
1120,0.0007630526378142,True,0.3390232185663867,True,False,True
1121,0.1611178831845021,True,1.0,True,False,False
1122,0.0001007400550662,True,1.0,True,False,True
1123,1.0,True,1.0,True,False,False
1124,1.0,True,0.7174919597342161,True,False,False
1125,1.0,False,1.0,False,False,False
1126,1.0,True,1.0,True,False,False
1127,1.0,True,1.0,False,False,False
1128,0.0377357910360553,True,1.0,True,False,True
1129,0.0400389256805363,True,0.3051518170098385,True,False,True
1130,1.0,False,1.0,False,False,False
1131,1.0,False,1.0,False,False,False
1132,1.0,True,1.0,True,False,False
1133,1.0,True,1.0,False,False,False
1134,3.14288124905388e-08,True,2.6240251104677263e-05,True,True,True
1135,0.0001466200601939,True,0.1744035009289281,True,False,True
1136,1.31026669967437e-10,True,0.014115547999946588,True,True,True
1137,1.0,False,1.0,False,False,False
1138,0.0006781088351874,True,0.3589041344859199,True,False,True
1139,1.0,True,1.0,True,False,False
1140,1.0,False,1.0,True,False,False
1141,0.1241948385193557,True,1.0,True,False,False
1142,0.9984400455797012,True,1.0,True,False,False
1143,1.0,False,1.0,False,False,False
1144,1.0,True,1.0,True,False,False
1145,1.0,False,1.0,True,False,False
1146,1.0,False,1.0,False,False,False
1147,1.0,False,0.07763123292388724,False,False,False
1148,0.9009418422205852,True,1.0,False,False,False
1149,1.0,True,1.0,False,False,False
1150,1.0,True,1.0,False,False,False
1151,5.793664824962853e-07,True,2.8219296981381783e-05,True,True,True
1152,1.0,False,1.0,True,False,False
1153,1.0,True,0.02713274917578212,True,True,False
1154,1.0,True,0.1744035009289281,True,False,False
1155,1.0,False,1.0,False,False,False
1156,1.4813324850211765e-08,True,2.8219296981381783e-05,True,True,True
1157,1.0,False,1.0,False,False,False
1158,1.0,False,1.454284035425079e-05,False,False,False
1159,1.0,True,1.0,True,False,False
1160,1.0,False,6.316033001441111e-08,False,False,False
1161,0.0563094878711509,True,1.0,False,False,False
1162,1.0,False,1.0,True,False,False
1163,1.0,True,1.0,True,False,False
1164,1.0,False,0.01761728190187694,False,False,False
1165,0.4889762800096112,True,1.0,True,False,False
1166,1.0,False,1.8090252218660723e-10,False,False,False
1167,0.0326079432870116,True,0.17586496791860795,True,False,True
1168,1.0,False,1.0,True,False,False
1169,1.0,True,1.0,True,False,False
1170,1.0,False,1.0,True,False,False
1171,1.0,True,1.0,False,False,False
1172,1.0,False,1.0,False,False,False
1173,2.1959606220504613e-08,True,0.007155019547308811,True,False,True
1174,0.0126770870444811,True,0.1744035009289281,True,False,True
1175,2.384858942803474e-05,True,0.003225018622884356,True,True,True
1176,1.0,False,1.0,True,False,False
1177,1.0,False,1.0,False,False,False
1178,1.0,False,1.0,False,False,False
1179,1.0,False,1.0,True,False,False
1180,1.0,False,1.0,True,False,False
1181,1.0,True,0.6109299948506781,True,False,False
1182,1.0,True,2.05089196316645e-05,True,True,False
1183,1.0,False,1.0,True,False,False
1184,1.0,True,1.0,True,False,False
1185,1.0,False,1.0,False,False,False
1186,1.0,False,1.0,False,False,False
1187,1.0,True,1.0,True,False,False
1188,0.0018662583094786,True,1.0,True,False,True
1189,1.0,True,0.03499763887349945,True,False,False
1190,1.0,False,1.0,False,False,False
1191,1.0,True,1.0,True,False,False
1192,1.0,True,1.0,True,False,False
1193,1.0,False,1.0,True,False,False
1194,1.0,False,1.0,False,False,False
1195,1.0,True,1.0,True,False,False
1196,1.0,False,1.0,False,False,False
1197,1.0,True,1.039076493295767e-11,True,True,False
1198,1.0,False,0.04842195337713898,False,False,False
1199,0.0121251537709588,True,1.0,True,False,True
1200,0.0048036357430194,True,0.596357677559166,True,False,True
1201,1.0,True,1.0,True,False,False
1202,0.0274619813424159,True,1.0,True,False,True
1203,1.0,False,1.0,True,False,False
1204,1.0,False,4.051846468872672e-12,False,False,False
1205,1.0,False,1.0,False,False,False
1206,1.0,False,1.0,True,False,False
1207,1.0,True,1.0,False,False,False
1208,1.0,False,5.6383824900396735e-09,False,False,False
1209,1.0,False,6.389220436930019e-06,False,False,False
1210,0.0258194675927313,True,1.925606343416986e-07,True,True,True
1211,1.0,False,1.0,False,False,False
1212,1.0,True,1.0,True,False,False
1213,1.0,True,1.0,True,False,False
1214,1.0,True,1.0,True,False,False
1215,1.0,True,1.0,True,False,False
1216,1.0,True,1.0,True,False,False
1217,1.0,False,1.0,True,False,False
1218,0.4221926910629599,True,1.0,True,False,False
1219,0.1934873866066703,True,1.0,True,False,False
1220,1.0,False,1.0,False,False,False
1221,1.0,False,1.0,False,False,False
1222,1.0,False,1.0,False,False,False
1223,1.0,True,1.0,True,False,False
1224,0.0003109576974076,True,1.0,True,False,True
1225,0.0320431916262082,True,0.3121092156122874,True,False,True
1226,0.0621223116116945,True,0.17729689544618915,True,False,False
1227,1.0,False,0.019210641641148482,False,False,False
1228,1.0,True,0.7038087384655044,True,False,False
1229,1.0,False,2.9473740808735607e-07,True,True,False
1230,1.0,False,9.962900025312399e-08,True,True,False
1231,1.0,False,1.0,True,False,False
1232,1.0,False,1.0,False,False,False
1233,1.0,False,1.0,False,False,False
1234,9.295194564134164e-06,True,0.0006700788206584783,True,False,True
1235,1.0,True,1.0,True,False,False
1236,0.8852297103742277,True,1.0,True,False,False
1237,1.0,True,1.0,True,False,False
1238,1.2819463269155024e-05,True,1.0,True,False,True
1239,1.0,False,1.0,True,False,False
1240,1.0,True,1.0,False,False,False
1241,1.0,False,0.22577357068581522,True,False,False
1242,1.0,True,1.0,True,False,False
1243,1.0,True,0.402385062313819,True,False,False
1244,0.1333287725626044,True,0.9099699363102004,True,False,False
1245,1.0,False,1.0,False,False,False
1246,1.0,True,1.0,True,False,False
1247,1.0,True,0.010074246313711552,True,False,False
1248,0.959414512403426,False,1.0,False,False,False
1249,0.7784442836553858,True,1.0,True,False,False
1250,1.0,False,1.0,True,False,False
1251,1.0,True,1.0,True,False,False
1252,1.6414601225193092e-06,True,1.3492243170307397e-05,True,True,True
1253,0.978899233053492,True,1.0,False,False,False
1254,1.0,True,1.0,True,False,False
1255,1.0,False,1.0,False,False,False
1256,0.0005451702160968,True,0.5901485354377465,True,False,True
1257,0.4244299855189777,True,1.0,False,False,False
1258,1.0,False,1.0,True,False,False
1259,7.997660562394691e-08,True,4.5974043760610115e-26,True,True,True
1260,1.0,True,0.03415432262281112,True,True,False
1261,1.0,False,1.0,True,False,False
1262,0.0010514286908324,True,1.0,True,False,True
1263,0.1059921435277504,True,1.0,True,False,False
1264,1.0,False,1.0,True,False,False
1265,1.0,True,1.0,False,False,False
1266,1.0,False,1.0,True,False,False
1267,0.1585766921552659,True,0.00041443323802927025,True,True,False
1268,0.2989776545125435,False,1.3639995720446924e-11,True,True,False
1269,1.0,False,1.0,False,False,False
1270,0.7797191635008133,False,1.0,False,False,False
1271,1.0,False,1.0,False,False,False
1272,1.0,False,1.0,True,False,False
1273,0.000194231619063,True,1.0,True,False,True
1274,1.0,True,1.0,True,False,False
1275,1.0,True,1.0,True,False,False
1276,1.1569430490603164e-05,True,0.05949220353566445,True,False,True
1277,0.0010156918863409,True,0.21668799144646206,True,False,True
1278,1.0,False,0.006559881514749995,False,False,False
1279,1.0,True,1.0,True,False,False
1280,4.550142300093148e-06,True,0.402385062313819,True,False,True
1281,0.0013886455582762,True,1.0,True,False,True
1282,1.0,True,1.0,True,False,False
1283,1.0,True,1.0,True,False,False
1284,7.883756532050692e-08,True,0.006853738490228553,True,True,True
1285,1.0,False,1.347540844081049e-05,False,False,False
1286,8.31187743801035e-08,True,0.0006788513591883778,True,False,True
1287,4.411772403403467e-05,True,0.003225018622884356,True,False,True
1288,1.0,True,1.0,True,False,False
1289,0.2652623108457705,False,1.0,False,False,False
1290,1.0,True,1.0,True,False,False
1291,1.0,True,1.0,False,False,False
1292,0.50484097630925,True,1.0,True,False,False
1293,1.0,True,1.0,True,False,False
1294,1.0,False,1.0,False,False,False
1295,0.0261426519077654,True,0.402385062313819,True,False,True
1296,1.0,True,1.0,True,False,False
1297,0.2179541883330889,True,1.0,True,False,False
1298,2.6097738032131727e-06,True,0.0006494804020246701,True,True,True
1299,1.0,True,1.0,True,False,False
1300,1.0,False,1.0,True,False,False
1301,1.0,False,0.046330335161663884,False,False,False
1302,1.0,False,1.0,False,False,False
1303,1.0,True,0.02436075333503935,True,True,False
1304,0.2778515271757088,False,1.16873387547485e-06,False,False,False
1305,1.0,True,1.0,True,False,False
1306,1.0,True,1.0,False,False,False
1307,1.0,False,1.0,False,False,False
1308,1.0,True,1.0,False,False,False
1309,1.0,False,1.1867678696669478e-06,False,False,False
1310,1.0,False,1.0,False,False,False
1311,1.0,True,1.0,True,False,False
1312,1.0,False,1.0,False,False,False
1313,1.0,False,1.0,False,False,False
1314,1.0,True,1.0,True,False,False
1315,1.0,True,1.0,False,False,False
1316,1.0,False,1.0,True,False,False
1317,1.0,False,1.0,False,False,False
1318,1.0,True,2.189751492730549e-16,True,True,False
1319,1.0,True,1.0,True,False,False
1320,1.0,True,1.0,True,False,False
1321,0.5733560599803114,False,1.0,False,False,False
1322,1.0,False,1.0,False,False,False
1323,1.0,False,1.0,False,False,False
1324,1.0,True,0.519737793119339,True,False,False
1325,1.0,False,1.6002858747396618e-05,False,False,False
1326,1.0,True,1.0,False,False,False
1327,1.0,True,1.0,True,False,False
1328,1.0,True,0.1744035009289281,True,False,False
1329,1.0,False,1.0,True,False,False
1330,0.0008507870281874,True,1.0,True,False,True
1331,1.0,False,1.0,False,False,False
1332,1.0,False,1.0,False,False,False
1333,1.0,False,1.0,False,False,False
1334,1.0,False,8.076680686097714e-05,True,True,False
1335,0.0417109837285595,True,1.0,True,False,True
1336,1.0,True,1.0,True,False,False
1337,0.0238448522939865,True,1.0,True,False,True
1338,1.0,False,1.0,False,False,False
1339,1.0,True,0.04788441930163772,True,False,False
1340,1.0,False,1.0,True,False,False
1341,1.0,True,0.007674166214196204,True,True,False
1342,1.0,True,1.0,False,False,False
1343,0.0002036786634186,True,0.00034468316824393157,True,True,True
1344,1.4515762550436158e-05,True,0.03415432262281112,True,False,True
1345,1.0,False,3.120781831034761e-07,True,True,False
1346,1.0,False,1.0,False,False,False
1347,1.0,True,1.0,True,False,False
1348,1.0,False,1.0,False,False,False
1349,1.0,False,1.0,True,False,False
1350,1.0,True,1.0,True,False,False
1351,1.0,False,1.0,False,False,False
1352,1.0,True,0.30379683781464223,True,False,False
1353,1.0,False,1.0,False,False,False
1354,1.0,False,1.0,False,False,False
1355,1.0,True,0.402385062313819,True,False,False
1356,0.1215260114845173,True,0.0006426888508443507,True,True,False
1357,1.0,False,1.0,False,False,False
1358,1.0,False,0.0066835450648695,False,False,False
1359,0.1306352993127579,True,1.0,True,False,False
1360,1.0,False,1.0,False,False,False
1361,1.0,True,1.3183835757531683e-06,True,True,False
1362,1.0,False,1.0,False,False,False
1363,4.680656216007528e-05,True,0.03415432262281112,True,False,True
1364,0.0928044903570901,True,0.1744035009289281,True,False,False
1365,1.0,False,0.00016550609248879242,False,False,False
1366,1.0,False,1.0,False,False,False
1367,1.0,False,0.7898489103775727,True,False,False
1368,1.0,False,1.0,True,False,False
1369,0.7569323294153154,True,1.0,True,False,False
1370,1.0,True,1.0,True,False,False
1371,1.0,True,1.0,False,False,False
1372,1.0,False,1.0,True,False,False
1373,0.9009418422205852,True,1.0,False,False,False
1374,1.0,True,0.8998431067718923,True,False,False
1375,0.0010514286908324,True,0.011899421817345782,True,False,True
1376,1.0,False,1.5196202739089124e-08,False,False,False
1377,1.0,False,5.911802970156879e-07,True,True,False
1378,1.0,True,1.0,True,False,False
1379,0.987980304274024,True,1.0,False,False,False
1380,1.0,False,1.0,True,False,False
1381,1.0,False,1.0,True,False,False
1382,1.0,True,1.0,True,False,False
1383,1.0,False,4.436144424185014e-07,False,False,False
1384,0.136774100352831,True,1.0,True,False,False
1385,1.0,False,1.0,True,False,False
1386,1.0,False,1.0,True,False,False
1387,1.0,False,1.0,False,False,False
1388,0.0918175486107817,True,0.8455035497386915,False,False,False
1389,1.0,False,1.0,False,False,False
1390,1.0,True,1.0,True,False,False
1391,1.0,False,3.899842632493549e-12,True,True,False
1392,0.0928329697816386,True,0.6052097021882071,True,False,False
1393,1.0,False,3.3300806517214687e-06,False,False,False
1394,0.000102907121376,True,0.0015489363002514737,True,False,True
1395,1.0,False,1.0,False,False,False
1396,1.0,True,1.0,True,False,False
1397,1.0,True,1.0,True,False,False
1398,4.20935792228239e-08,True,0.014115547999946588,True,True,True
1399,1.0,True,1.0,False,False,False
1400,1.0,True,2.644985341637183e-09,True,True,False
1401,1.0,True,1.0,False,False,False
1402,1.0,True,1.0,True,False,False
1403,1.0,False,1.0,False,False,False
1404,4.8361633773055226e-11,True,6.389220436930019e-06,True,True,True
1405,1.0,False,0.5022117467283798,False,False,False
1406,1.0,False,1.0,False,False,False
1407,1.0,False,1.0,False,False,False
1408,0.9328825300767476,True,4.051846468872672e-12,True,True,False
1409,1.0,False,1.126590735522229e-10,False,False,False
1410,1.0,True,1.0,True,False,False
1411,2.8682613491282137e-06,True,0.003225018622884356,True,True,True
1412,1.8511195442762042e-07,True,1.3492243170307397e-05,True,True,True
1413,6.432926889150093e-11,True,6.389220436930019e-06,True,True,True
1414,1.0,False,0.05854198838567626,False,False,False
1415,1.0,False,1.0,False,False,False
1416,0.0101890166378211,True,1.0,True,False,True
1417,1.0,True,1.0,False,False,False
1418,1.0,True,0.402385062313819,True,False,False
1419,1.8614434324441922e-07,True,0.003225018622884356,True,True,True
1420,2.774373013039716e-06,True,0.22738245371765256,True,False,True
1421,1.0,False,1.0,True,False,False
1422,1.0,True,1.0,True,False,False
1423,1.0,True,1.0,False,False,False
1424,1.0,False,9.498537417042509e-09,True,True,False
1425,0.0187329650237951,True,0.07509402543611444,False,False,True
1426,1.0,True,1.0,False,False,False
1427,1.0,True,1.0,False,False,False
1428,1.0,False,1.0,False,False,False
1429,1.0,True,1.0,False,False,False
1430,0.9538823481551132,True,1.0,True,False,False
1431,1.0,False,0.00011518790615838748,True,True,False
1432,1.0,True,1.0,True,False,False
1433,0.1607509835323784,True,1.0,True,False,False
1434,0.0550890424283883,True,1.0,True,False,False
1435,8.952887796600926e-05,True,1.0,True,False,True
1436,1.0,True,0.3379407354258509,True,False,False
1437,1.0,False,9.847503651953888e-07,False,False,False
1438,1.0,False,1.0,False,False,False
1439,1.0,False,0.0358724294938179,True,True,False
1440,0.9387566597454682,True,1.0,True,False,False
1441,0.836672231552545,False,1.0,False,False,False
1442,1.0,True,1.0,True,False,False
1443,1.0,True,0.026628893830165534,True,True,False
1444,0.6671095003759093,True,1.0,True,False,False
1445,1.0,True,1.0,True,False,False
1446,1.0,True,1.0,True,False,False
1447,0.0165856734658062,True,0.5689940148658046,True,False,True
1448,1.0,False,0.008157818211009847,False,False,False
1449,1.0,False,0.7342034858381544,False,False,False
1450,1.0,True,1.0,True,False,False
1451,1.0,False,1.0,True,False,False
1452,0.9556997260587416,True,0.486202908985814,True,False,False
1453,1.0,True,1.0,True,False,False
1454,1.0,True,0.6052097021882071,True,False,False
1455,3.440314115154412e-05,True,0.06531418565912331,True,False,True
1456,1.0,False,1.0,False,False,False
1457,1.0,True,1.0,False,False,False
1458,0.9328825300767476,False,1.0,False,False,False
1459,2.9979648534158396e-09,True,5.8814092168391e-05,True,True,True
1460,2.9765411948910434e-06,True,1.3492243170307397e-05,True,True,True
1461,1.0,True,1.0,False,False,False
1462,0.6108922180546955,True,2.4162213553612244e-07,True,True,False
1463,1.0,True,1.0,True,False,False
1464,1.0,True,1.0,True,False,False
1465,1.0,False,1.3096043995327553e-05,False,False,False
1466,1.0,True,0.6052097021882071,True,False,False
1467,1.0,True,1.0,True,False,False
1468,1.0,False,1.0,False,False,False
1469,0.0010898960558063,True,1.039748817123087e-15,True,True,True
1470,0.0004432253940923,True,5.964784388507148e-07,True,True,True
1471,1.0,True,1.0,False,False,False
1472,1.0,True,0.03415432262281112,True,False,False
1473,1.0,True,1.0,True,False,False
1474,1.0,False,1.0,False,False,False
1475,1.0,True,1.0,True,False,False
1476,0.0018377746973722,True,1.0,True,False,True
1477,1.0,False,4.6351692038268105e-09,False,False,False
1478,1.0,True,1.0,True,False,False
1479,0.000987653884869,True,2.259289764184186e-22,True,True,True
1480,0.0271851150012153,True,1.0,True,False,True
1481,1.9477756105149046e-06,True,0.030838088806561935,True,True,True
1482,1.0,True,1.0,True,False,False
1483,0.0005497754912977,True,0.17586496791860795,True,False,True
1484,1.0,False,1.0,True,False,False
1485,1.0,True,1.0,True,False,False
1486,1.0,True,1.0,False,False,False
1487,1.0,False,1.0,False,False,False
1488,0.3973750842418836,True,0.0905961491893291,True,False,False
1489,1.0,False,8.59330410943546e-07,True,True,False
1490,1.0,False,1.0,False,False,False
1491,0.8700892264506507,False,1.0,False,False,False
1492,1.0,False,1.0,False,False,False
1493,1.0,False,1.0,False,False,False
1494,1.0,True,1.0,True,False,False
1495,1.0,False,1.0,True,False,False
1496,1.0,False,1.0,False,False,False
1497,1.0,False,1.0,False,False,False
1498,1.0,False,1.4601470624714958e-05,False,False,False
1499,1.0,False,1.0,True,False,False
1500,1.0,False,0.402385062313819,True,False,False
1501,1.0,True,1.0,True,False,False
1502,1.0,True,1.0,True,False,False
1503,0.304824261817628,True,1.0,True,False,False
1504,9.506804863532394e-05,True,1.0,True,False,True
1505,1.0,False,1.0,False,False,False
1506,1.0,True,1.0,True,False,False
1507,1.0,False,1.0,False,False,False
1508,1.0,True,1.0,False,False,False
1509,1.0,False,1.0,False,False,False
1510,1.0,True,1.0,False,False,False
1511,1.0,True,8.52904667621185e-06,True,True,False
1512,1.0,False,1.0,False,False,False
1513,1.0,True,9.013011208933799e-08,True,True,False
1514,1.0,False,7.289386235738373e-05,False,False,False
1515,1.0,False,1.0,False,False,False
1516,0.3595191634583198,True,1.0,True,False,False
1517,1.0,True,1.0,False,False,False
1518,1.0,True,1.0,True,False,False
1519,1.0,True,1.0,True,False,False
1520,1.0,True,0.02961700307069518,True,True,False
1521,1.0,False,0.008157818211009847,False,False,False
1522,1.0,True,1.0,True,False,False
1523,1.0,True,1.0,True,False,False
1524,9.535272120128444e-06,True,1.0,True,False,True
1525,1.0,False,7.134376650575045e-09,False,False,False
1526,0.0016993037413228,True,1.0,True,False,True
1527,1.0,False,1.0,True,False,False
1528,0.0202158282983977,True,0.503636885995675,True,False,True
1529,1.0,True,1.0,True,False,False
1530,0.7177177989698956,True,0.0003831145880683508,False,False,False
1531,0.1504896900374326,True,1.0,True,False,False
1532,1.909190990657741e-06,True,0.015442648912960159,True,True,True
1533,1.0,False,1.0,True,False,False
1534,1.0,False,1.0,True,False,False
1535,1.0,False,0.402385062313819,True,False,False
1536,3.391222295184343e-07,True,6.389220436930019e-06,True,True,True
1537,0.0015353977907199,True,0.07509402543611444,True,False,True
1538,1.0,False,1.0,False,False,False
1539,1.0,True,1.0,True,False,False
1540,1.0,True,8.522687345326985e-14,True,True,False
1541,1.0,False,1.0,True,False,False
1542,0.0107470165210843,True,7.753336762634072e-06,True,True,True
1543,0.0187329650237951,True,0.9076408876298923,True,False,True
1544,1.0,False,1.0,False,False,False
1545,1.0,False,1.0,True,False,False
1546,1.0,False,0.11438148484354527,False,False,False
1547,1.0,False,3.541146650898395e-05,False,False,False
1548,0.3604231681104203,True,1.0,True,False,False
1549,1.0,False,0.11601695720050234,True,False,False
1550,1.0,True,1.0,True,False,False
1551,1.0,True,1.0,True,False,False
1552,1.0,False,1.0,False,False,False
1553,1.0,True,1.0,True,False,False
1554,1.0,True,1.0,True,False,False
1555,0.9630224450790578,True,1.0,True,False,False
1556,1.0,False,1.0,True,False,False
1557,1.0,True,1.0,False,False,False
1558,0.0002066800332436,True,0.07509402543611444,True,False,True
1559,1.0,True,1.0,True,False,False
1560,4.836997525323966e-05,True,0.003387981084258804,True,True,True
1561,1.0,False,1.0,True,False,False
1562,0.0440360294540318,True,1.0,True,False,True
1563,1.0,False,8.59330410943546e-07,True,True,False
1564,1.0,True,1.0,False,False,False
1565,1.0,True,1.0,True,False,False
1566,7.974505079704008e-06,True,0.06453416392694859,True,False,True
1567,0.0005701402709506,True,1.0,True,False,True
1568,1.0,True,1.0,False,False,False
1569,4.921844126909358e-06,True,0.03256552238828205,True,True,True
1570,1.063772976739826e-05,True,1.0,True,False,True
1571,9.436744558104304e-05,True,0.20198939411436365,True,False,True
1572,1.0,True,1.0,True,False,False
1573,0.1961458477430047,True,0.910025199101081,True,False,False
1574,1.0,False,1.0,True,False,False
1575,1.0,False,1.0,False,False,False
1576,0.0002770503514819,True,1.0,True,False,True
1577,1.0,False,1.0,True,False,False
1578,1.0,False,1.0,False,False,False
1579,1.0,True,1.0,True,False,False
1580,0.0337791254190078,True,1.0,True,False,True
1581,0.029905271036555,True,5.840739091675139e-21,True,True,True
1582,1.0,False,1.0,True,False,False
1583,0.8297954621140177,False,0.00015756805205947757,False,False,False
1584,1.0,True,0.015442648912960159,True,True,False
1585,1.0,False,2.1536272841818176e-06,False,False,False
1586,1.0,True,1.0,False,False,False
1587,1.0,True,1.0,False,False,False
1588,1.0,False,1.0,True,False,False
1589,1.0,False,1.0,False,False,False
1590,1.0,True,1.0,True,False,False
1591,1.0,True,1.607670839380242e-05,True,True,False
1592,1.0,False,1.0,False,False,False
1593,0.4363270275955955,True,0.04723401176687268,True,False,False
1594,0.0002046450830543,True,1.0,True,False,True
1595,1.0,False,0.402385062313819,True,False,False
1596,1.0,True,1.0,True,False,False
1597,0.0049150707012655,True,1.0,True,False,True
1598,1.0,True,1.0,True,False,False
1599,1.0,False,1.0,False,False,False
1600,1.0,True,1.0,False,False,False
1601,0.915766886206292,True,1.0,True,False,False
1602,1.0,False,1.0,False,False,False
1603,1.0,False,1.0,False,False,False
1604,0.6030456807617028,True,1.0,True,False,False
1605,0.001841488033308,True,0.04193862713192814,True,False,True
1606,1.0,False,0.03499763887349945,False,False,False
1607,1.0,True,1.0,False,False,False
1608,1.0,False,1.0,True,False,False
1609,1.0,True,1.0,False,False,False
1610,1.0,False,1.0,True,False,False
1611,1.0,False,1.0,False,False,False
1612,1.0,False,1.0,False,False,False
1613,1.0,True,1.0,True,False,False
1614,1.0,True,1.0,False,False,False
1615,1.0,True,1.0,True,False,False
1616,1.0,False,1.0,False,False,False
1617,1.0,True,1.0,True,False,False
1618,1.0,True,1.0,True,False,False
1619,0.3457732278910692,True,1.0,True,False,False
1620,1.0,False,1.0,False,False,False
1621,0.2834221356350357,True,1.0,True,False,False
1622,1.0,False,1.0,False,False,False
1623,1.0,False,1.0,False,False,False
1624,1.0,False,0.9857507312741406,False,False,False
1625,2.938163602059526e-05,True,1.3719383612236337e-21,True,True,True
1626,2.294501655773337e-05,True,0.402385062313819,True,False,True
1627,1.0,False,0.00787516712171727,False,False,False
1628,1.0,True,1.0,False,False,False
1629,1.0,False,1.0,False,False,False
1630,1.0,False,1.0,True,False,False
1631,0.4215098182943896,True,1.0,True,False,False
1632,0.010351014248718,True,0.0013855406577778571,True,True,True
1633,1.0,False,1.0,False,False,False
1634,1.0,False,1.0,False,False,False
1635,1.0,False,1.0,True,False,False
1636,1.0,True,1.0,True,False,False
1637,1.0,True,1.0,True,False,False
1638,1.0,True,1.0,False,False,False
1639,5.908963056211156e-06,True,1.0,True,False,True
1640,1.0,True,1.0,True,False,False
1641,1.0,True,0.0009526758686935078,True,True,False
1642,1.0,False,1.0,False,False,False
1643,0.363063225685987,True,1.0,True,False,False
1644,1.0,True,1.0,True,False,False
1645,1.0,True,0.07509402543611444,True,False,False
1646,1.3500491427434785e-05,True,0.1744035009289281,True,False,True
1647,1.0,False,1.0,True,False,False
1648,0.8347388030552377,True,1.0,True,False,False
1649,0.0090179102934031,True,0.8983253808620175,True,False,True
1650,1.0,True,1.0,True,False,False
1651,0.0939807228413727,True,1.0,True,False,False
1652,0.2072868710756114,True,1.0,True,False,False
1653,1.0,True,1.0,True,False,False
1654,1.0,True,1.0,True,False,False
1655,1.0,True,1.0,True,False,False
1656,2.1655166325707606e-09,True,0.0023153951034897403,True,True,True
1657,1.0,True,1.0,False,False,False
1658,0.3357746838070541,True,1.0,True,False,False
1659,1.0,True,1.0,True,False,False
1660,1.0,False,0.402385062313819,True,False,False
1661,0.0593030913646171,True,0.18601411674836935,True,False,False
1662,1.0,False,1.0,False,False,False
1663,0.1962077907242061,True,1.0,True,False,False
1664,1.0,True,1.0,True,False,False
1665,1.0,True,1.0,True,False,False
1666,1.0,False,1.0,True,False,False
1667,1.0,True,0.003225018622884356,True,True,False
1668,1.0,False,1.0,False,False,False
1669,1.0,False,1.0,False,False,False
1670,2.0044485437993727e-05,True,1.0,True,False,True
1671,1.0,False,1.0,False,False,False
1672,0.2631764800947585,True,0.014115547999946588,True,False,False
1673,0.6786607811986038,True,1.0,True,False,False
1674,1.0,True,1.0,False,False,False
1675,1.2266147119689791e-08,True,3.0203457447951687e-06,True,True,True
1676,2.0662142192288562e-07,True,1.0,True,False,True
1677,1.0,True,1.0,True,False,False
1678,1.0,True,0.6748639716881792,True,False,False
1679,1.0,False,3.054964870889952e-05,True,True,False
1680,0.0144855251688269,True,0.07509402543611444,True,False,True
1681,1.0,True,1.0,True,False,False
1682,0.0010246759889428,True,0.00014877950392090493,True,True,True
1683,1.0,False,1.0,False,False,False
1684,1.0,True,1.0,True,False,False
1685,1.0,True,1.0,True,False,False
1686,1.0,False,0.26865067708360496,False,False,False
1687,1.0,False,1.0,True,False,False
1688,1.0,False,1.0,True,False,False
1689,0.0020118686244576,True,0.0014775674798267857,True,True,True
1690,1.0,False,1.0,False,False,False
1691,1.0,True,1.0,False,False,False
1692,1.0,True,1.0,True,False,False
1693,1.0,True,1.0,False,False,False
1694,0.3457732278910692,True,1.0,True,False,False
1695,1.0,True,1.0,True,False,False
1696,1.0,False,1.0,True,False,False
1697,1.0,True,0.08679018220420442,True,False,False
1698,1.0,False,1.0,True,False,False
1699,1.0,False,1.0,False,False,False
1700,1.0,True,0.33753652452163296,True,False,False
1701,1.0,False,0.402385062313819,True,False,False
1702,1.0,False,1.0,False,False,False
1703,1.0,True,1.0,True,False,False
1704,1.0,False,1.0,False,False,False
1705,5.720179885804438e-10,True,6.389220436930019e-06,True,True,True
1706,0.2896011729081013,False,1.0,False,False,False
1707,2.516271346140468e-06,True,0.07698527931046595,True,False,True
1708,1.0,False,1.0,True,False,False
1709,0.0931152634149867,True,1.0,True,False,False
1710,8.229034863445998e-07,True,1.3492243170307397e-05,True,True,True
1711,1.0,False,1.0,True,False,False
1712,1.0,True,1.0,True,False,False
1713,1.0,False,1.0,True,False,False
1714,1.0,False,1.0,False,False,False
1715,0.0048666606861207,True,1.0,True,False,True
1716,1.1241240562847406e-07,True,1.0,True,False,True
1717,1.0,True,0.00024004143811190345,True,True,False
1718,0.4573751083000074,True,1.0,True,False,False
1719,0.8297954621140177,True,1.0,True,False,False
1720,1.0,True,3.632355184512784e-07,True,True,False
1721,0.0721148951708398,True,1.0,True,False,False
1722,1.0,True,1.0,False,False,False
1723,2.563376135539349e-06,True,0.00031247072470035416,True,True,True
1724,1.0,False,1.0,False,False,False
1725,1.0,True,1.0,True,False,False
1726,0.0003210752533911,True,0.0006426888508443507,True,True,True
1727,0.4006391324549367,True,1.0,True,False,False
1728,1.0,False,1.0,True,False,False
1729,1.0,True,1.0,True,False,False
1730,1.0,True,1.0,True,False,False
1731,0.007504950522155,True,0.008668457236218908,True,False,True
1732,1.0,True,1.0,True,False,False
1733,1.0,False,1.0,False,False,False
1734,1.0,True,1.0,False,False,False
1735,1.0,True,1.0,True,False,False
1736,1.0,True,1.0,True,False,False
1737,1.0,False,1.0,False,False,False
1738,1.0,False,1.0,False,False,False
1739,1.0,True,1.0,True,False,False
1740,0.0668307941552002,True,1.0,True,False,False
1741,0.993926284065857,True,1.0,True,False,False
1742,1.0,False,0.08871446716702049,False,False,False
1743,1.0,False,1.0,False,False,False
1744,1.0,True,1.0,False,False,False
1745,1.0,False,1.0,False,False,False
1746,1.0,False,1.0100508566833914e-06,True,True,False
1747,1.0,False,1.0,False,False,False
1748,0.0015353977907199,True,0.07509402543611444,True,False,True
1749,1.0,False,1.0,False,False,False
1750,1.0,False,1.0,False,False,False
1751,1.0,False,1.0,True,False,False
1752,0.53644199162754,False,9.789295168578707e-06,False,False,False
1753,1.0,False,1.0,False,False,False
1754,0.029905271036555,True,1.0,True,False,True
1755,1.0,True,1.0,True,False,False
1756,1.0,False,1.0,False,False,False
1757,1.0,True,0.8303471815999212,True,False,False
1758,1.0,False,0.6052097021882071,True,False,False
1759,4.014171652641577e-06,True,1.0,True,False,True
1760,1.0,False,1.0,False,False,False
1761,1.0,True,1.0,False,False,False
1762,1.0,False,0.022197072014675332,False,False,False
1763,1.0,False,1.0,True,False,False
1764,1.0,False,1.0,False,False,False
1765,1.0,True,1.0,True,False,False
1766,3.696201845657888e-07,True,0.002896781731906146,True,False,True
1767,1.0,True,1.0,True,False,False
1768,4.90642788944199e-05,True,1.0,True,False,True
1769,1.0,True,1.0,True,False,False
1770,0.6321085009089483,True,1.0,True,False,False
1771,1.0,True,0.0015639426061250317,True,True,False
1772,1.0,True,1.0,True,False,False
1773,1.0,False,1.0,True,False,False
1774,1.0,False,1.0,True,False,False
1775,1.0,True,0.24559422790745816,True,False,False
1776,0.0001364892837946,True,0.6739055034837691,True,False,True
1777,1.0,False,1.0,False,False,False
1778,1.0,False,1.0,True,False,False
1779,0.4016656669251777,True,1.0,True,False,False
1780,1.0,False,1.0,False,False,False
1781,1.0,True,1.0,True,False,False
1782,0.1674275277808749,True,1.0,True,False,False
1783,1.0,True,1.0,False,False,False
1784,1.0,False,1.0,False,False,False
1785,1.0,False,1.0,False,False,False
1786,1.0,False,4.204746675217726e-05,False,False,False
1787,1.0,False,1.0,False,False,False
1788,1.0,True,1.0,True,False,False
1789,1.0,False,9.595388653723583e-06,False,False,False
1790,1.0,True,1.0,False,False,False
1791,1.0,False,1.0,False,False,False
1792,2.279482116352115e-07,True,0.0014775674798267857,True,True,True
1793,0.24081273745549,True,1.0,False,False,False
1794,0.0400389256805363,True,0.1744035009289281,True,False,True
1795,2.6097738032131727e-06,True,0.0014775674798267857,True,True,True
1796,7.510491376487464e-06,True,1.0,True,False,True
1797,1.0,True,1.0,True,False,False
1798,1.0,False,1.0,False,False,False
1799,1.0,True,0.09668370930903135,True,False,False
1800,1.0,False,1.0,False,False,False
1801,1.0,True,1.0,True,False,False
1802,1.0,False,3.3300806517214687e-06,True,True,False
1803,1.0,False,1.0,False,False,False
1804,1.0,False,1.0,False,False,False
1805,0.0306847203834668,True,0.10082131287912298,True,False,True
1806,1.0,False,0.07698527931046595,False,False,False
1807,1.0,True,1.0,True,False,False
1808,1.0,True,1.0,True,False,False
1809,1.0,False,1.0,False,False,False
1810,0.11609710119981,True,2.9384662001429185e-18,True,True,False
1811,1.5198671102583126e-07,True,0.14248567616105615,True,False,True
1812,1.0,False,1.0,False,False,False
1813,1.0,False,2.5221190642585053e-05,True,True,False
1814,1.0,True,1.0,True,False,False
1815,1.0,False,1.54055270719672e-09,False,False,False
1816,1.0,True,0.402385062313819,True,False,False
1817,0.0764507087349527,True,1.0,True,False,False
1818,1.0,True,1.0,True,False,False
1819,1.0,False,0.2841055428871078,True,False,False
1820,1.0,True,1.0,False,False,False
1821,1.0,False,1.0,False,False,False
1822,1.0,False,3.115835753546897e-06,False,False,False
1823,1.0,True,1.0,True,False,False
1824,0.5275335954848526,True,1.0,True,False,False
1825,1.0,True,1.0,True,False,False
1826,1.0,False,0.06295713392406449,True,False,False
1827,1.0,True,1.0,False,False,False
1828,0.188676764331796,True,1.0,True,False,False
1829,1.0,True,1.0,True,False,False
1830,1.0,False,6.937678398522517e-07,False,False,False
1831,1.0,True,1.0,False,False,False
1832,1.0,True,1.0,True,False,False
1833,1.0,False,1.0,False,False,False
1834,1.0,True,1.0,False,False,False
1835,1.0,True,1.0,True,False,False
1836,1.0,False,1.0,False,False,False
1837,1.0,False,2.1536272841818176e-06,True,True,False
1838,1.0,False,1.0,False,False,False
1839,1.0,False,1.0,False,False,False
1840,1.0,True,1.0,True,False,False
1841,1.0,False,1.0,False,False,False
1842,1.0,True,1.0897809751358817e-10,True,False,False
1843,1.0,False,1.0,False,False,False
1844,1.0,True,1.0,True,False,False
1845,1.0,False,1.0,True,False,False
1846,0.0201536816269155,True,0.042114978469233545,True,True,True
1847,0.0177805225490709,True,0.03415432262281112,True,False,True
1848,1.0,True,1.0,False,False,False
1849,0.9603863034536412,True,1.0,True,False,False
1850,6.1670784390176e-05,True,1.0,True,False,True
1851,0.0012245565984182,True,0.014251402688402776,True,True,True
1852,1.0,False,0.0006365519444279642,False,False,False
1853,1.0,True,1.0,True,False,False
1854,1.0,False,1.0,False,False,False
1855,1.0,True,9.485517025976689e-09,True,True,False
1856,1.0,False,1.0,False,False,False
1857,0.1383355697442184,True,1.0,True,False,False
1858,1.0,True,0.323032317202636,True,False,False
1859,1.0,True,1.0,True,False,False
1860,0.004476850814977,True,1.0,True,False,True
1861,1.0,True,1.0,False,False,False
1862,1.0,True,1.0,True,False,False
1863,1.0,True,1.0,True,False,False
1864,1.0,True,1.0,True,False,False
1865,0.0444203518158479,True,0.021551599019285543,True,True,True
1866,1.0,False,1.0,True,False,False
1867,1.0,True,1.0,False,False,False
1868,1.0,False,0.8145612621726971,True,False,False
1869,1.0,True,1.0,True,False,False
1870,1.0,False,1.0,False,False,False
1871,1.0,False,1.0,False,False,False
1872,1.0,True,1.0,True,False,False
1873,1.0,False,1.0,False,False,False
1874,0.0060618728518079,True,1.0,True,False,True
1875,1.0,False,0.0002802825914207663,False,False,False
1876,0.2638174412301036,True,1.0,True,False,False
1877,1.0,True,1.0,True,False,False
1878,1.0,False,1.0,False,False,False
1879,0.0002066800332436,True,0.07509402543611444,True,False,True
1880,0.0572339736218378,True,0.6382514166493202,False,False,False
1881,1.0,False,1.0,True,False,False
1882,1.0,True,1.0,True,False,False
1883,1.0,True,1.0,True,False,False
1884,0.074415836616075,True,1.0,True,False,False
1885,1.0,False,9.47590582849921e-10,False,False,False
1886,1.0,True,1.0,True,False,False
1887,1.0,False,1.0,False,False,False
1888,4.1768081352990683e-07,True,1.0,True,False,True
1889,1.0,False,0.2538091731956144,True,False,False
1890,1.0,True,1.0,True,False,False
1891,1.0,False,1.0,False,False,False
1892,1.0,False,1.0,True,False,False
1893,1.0,False,0.0014799384832054389,True,True,False
1894,4.20935792228239e-08,True,1.3492243170307397e-05,True,True,True
1895,1.0,True,1.0,True,False,False
1896,0.041890203974706,True,1.0,True,False,True
1897,1.0,False,1.0,False,False,False
1898,1.0,False,1.0,False,False,False
1899,1.0,True,1.0,True,False,False
1900,0.1849602339726822,True,0.402385062313819,True,False,False
1901,1.34706062374607e-05,True,1.0,True,False,True
1902,0.0189614815665744,True,0.19856566628429503,True,False,True
1903,1.0,True,0.13860515953189026,True,False,False
1904,1.0,False,6.972265050041245e-07,False,False,False
1905,1.0,False,1.0,True,False,False
1906,1.0,True,1.0,True,False,False
1907,1.0,True,1.0,True,False,False
1908,1.0,True,1.0,True,False,False
1909,1.0,False,1.0,False,False,False
1910,1.0,False,1.0,False,False,False
1911,1.0,False,1.0,False,False,False
1912,1.0,True,1.0,True,False,False
1913,1.0,True,1.0,True,False,False
1914,1.0,False,1.0,False,False,False
1915,1.0,True,1.0,True,False,False
1916,2.903707434729465e-06,True,0.18287274659630173,True,False,True
1917,1.0,False,1.0,True,False,False
1918,1.0,True,1.0,True,False,False
1919,1.0,True,0.9161870336820239,True,False,False
1920,1.0,False,1.0,False,False,False
1921,1.0,False,6.461196023495932e-09,False,False,False
1922,1.0,True,1.0,False,False,False
1923,1.0,False,1.0,False,False,False
1924,1.0,False,0.036987996778972146,True,True,False
1925,1.0,False,1.318062487469544e-07,False,False,False
1926,1.0,False,1.0,False,False,False
1927,1.0,False,1.0,True,False,False
1928,1.0,True,3.3653448380489136e-06,True,True,False
1929,1.0,True,1.0,False,False,False
1930,0.39155611421815,False,0.0027615145107441398,False,False,False
1931,1.0,True,1.0,True,False,False
1932,1.0,True,1.0,True,False,False
1933,0.5587675251917176,True,1.0,True,False,False
1934,1.0,False,1.0,True,False,False
1935,1.0,False,1.0,False,False,False
1936,0.0023770287539136,True,1.0,True,False,True
1937,1.0,False,1.0,True,False,False
1938,0.2980919282911736,True,1.0,True,False,False
1939,0.6076881262878494,True,1.0,True,False,False
1940,1.0,True,1.0,True,False,False
1941,0.4215098182943896,True,1.0,True,False,False
1942,1.0,False,1.0,False,False,False
1943,1.0,False,1.0,True,False,False
1944,0.0476822013275686,True,1.0,True,False,True
1945,3.14288124905388e-08,True,0.0006700788206584783,True,True,True
1946,1.0,False,1.0,True,False,False
1947,2.4463393336125337e-08,True,2.8219296981381783e-05,True,True,True
1948,1.0,False,0.0007676398404404214,False,False,False
1949,1.0,False,1.0,True,False,False
1950,1.0,True,1.0,False,False,False
1951,0.9213769255080156,False,1.0,False,False,False
1952,1.0,False,0.402385062313819,True,False,False
1953,1.0,False,1.0,False,False,False
1954,1.0,True,1.0,True,False,False
1955,1.0,True,1.0,True,False,False
1956,0.3813599041644165,True,1.0,True,False,False
1957,0.959414512403426,False,0.001016348179608449,True,True,False
1958,1.0,False,1.0,True,False,False
1959,1.0,True,1.0,False,False,False
1960,9.787191955908929e-08,True,0.32065789779646975,True,False,True
1961,1.0,False,1.0,True,False,False
1962,1.0,False,4.9338066446053995e-09,False,False,False
1963,0.939732147518616,True,0.0006700788206584783,True,True,False
1964,1.0,False,0.009160490775086565,True,True,False
1965,1.0,False,1.0,False,False,False
1966,1.0,False,1.0,True,False,False
1967,1.0,False,3.910458680144198e-06,False,False,False
1968,1.0,True,1.0,True,False,False
1969,0.0011898653287717,True,0.402385062313819,True,False,True
1970,1.0,True,1.0,True,False,False
1971,0.4093015753643542,True,1.0,False,False,False
1972,1.0,False,1.0,False,False,False
1973,1.0,False,3.7776911507725993e-07,True,True,False
1974,1.0,True,1.0,True,False,False
1975,0.0716191268010295,True,1.0,True,False,False
1976,1.0,False,1.0,False,False,False
1977,8.034557510279416e-07,True,0.003102929049000015,True,True,True
1978,1.0,True,1.0,True,False,False
1979,1.0,True,1.0,True,False,False
1980,1.0046461121077664e-06,True,0.17586496791860795,True,False,True
1981,1.0,False,1.0,False,False,False
1982,1.0,True,1.0,True,False,False
1983,0.0301861956092838,True,1.0,True,False,True
1984,1.0,False,1.2560179651453556e-08,False,False,False
1985,2.6097738032131727e-06,True,2.8219296981381783e-05,True,True,True
1986,1.0,True,1.0,False,False,False
1987,1.0,False,1.8959742895386259e-06,False,False,False
1988,1.0,False,1.0,False,False,False
1989,1.0,True,1.0,True,False,False
1990,0.90556890536626,True,0.02083787414772388,True,True,False
1991,1.8614434324441922e-07,True,0.004249107693728834,True,True,True
1992,1.0,True,1.0,True,False,False
1993,1.0,False,0.01746078766817347,False,False,False
1994,1.0,False,1.0,False,False,False
1995,0.74498366281582,True,1.0,True,False,False
1996,1.0,True,1.0,True,False,False
1997,1.0,False,0.31179664194441525,False,False,False
1998,1.0,True,1.0,True,False,False
1999,1.0,False,1.0,False,False,False
