slides,repeat,n_control,n_treated,significant_clusters,control_absent_clusters,candidates,full_candidates_significant,full_candidates_selected
299,0,77,222,0,1139,0,0,0
299,1,77,222,0,1193,0,0,0
299,2,77,222,0,1174,0,0,0
299,3,77,222,0,1193,0,0,0
299,4,77,222,0,1220,0,0,0
299,5,77,222,0,1177,0,0,0
299,6,77,222,0,1173,0,0,0
299,7,77,222,0,1202,0,0,0
299,8,77,222,0,1205,0,0,0
299,9,77,222,0,1139,0,0,0
299,10,77,222,0,1096,0,0,0
299,11,77,222,0,1139,0,0,0
299,12,77,222,0,1094,0,0,0
299,13,77,222,0,1206,0,0,0
299,14,77,222,0,1135,0,0,0
299,15,77,222,0,1144,0,0,0
299,16,77,222,0,1226,0,0,0
299,17,77,222,0,1136,0,0,0
299,18,77,222,0,1150,0,0,0
299,19,77,222,0,1146,0,0,0
299,20,77,222,0,1132,0,0,0
299,21,77,222,0,1136,0,0,0
299,22,77,222,0,1186,0,0,0
299,23,77,222,0,1087,0,0,0
299,24,77,222,0,1156,0,0,0
299,25,77,222,0,1171,0,0,0
299,26,77,222,0,1177,0,0,0
299,27,77,222,0,1157,0,0,0
299,28,77,222,0,1208,0,0,0
299,29,77,222,0,1215,0,0,0
1000,0,259,741,103,1088,103,95,95
1000,1,259,741,142,1116,142,142,142
1000,2,259,741,102,1133,102,100,100
1000,3,259,741,71,1149,71,71,71
1000,4,259,741,117,1130,117,117,117
1000,5,259,741,145,1112,145,140,140
1000,6,259,741,165,1142,164,152,152
1000,7,259,741,133,1152,133,131,131
1000,8,259,741,108,1143,108,107,107
1000,9,259,741,115,1100,115,113,113
1000,10,259,741,143,1077,143,143,143
1000,11,259,741,135,1165,135,135,135
1000,12,259,741,111,1148,111,110,110
1000,13,259,741,70,1148,70,70,70
1000,14,259,741,149,1097,147,148,147
1000,15,259,741,112,1127,112,109,109
1000,16,259,741,105,1075,105,104,104
1000,17,259,741,111,1079,111,109,109
1000,18,259,741,112,1139,112,112,112
1000,19,259,741,104,1067,104,101,101
1000,20,259,741,87,1109,87,87,87
1000,21,259,741,106,1128,106,106,106
1000,22,259,741,116,1108,116,116,116
1000,23,259,741,77,1141,77,77,77
1000,24,259,741,114,1113,114,113,113
1000,25,259,741,153,1126,153,151,151
1000,26,259,741,50,1091,50,50,50
1000,27,259,741,107,1089,107,106,106
1000,28,259,741,132,1135,132,130,130
1000,29,259,741,72,1090,72,72,72
3357,0,870,2487,330,1081,330,330,330
